cell_id,scale,selection_replicate,sample_family,family_replicate,selection_role,nested_chain_id,nested_parent_cell_id,candidate_rank,candidate_seed,relative_path,instance_file_sha256,duties_json,duty_set_sha256,target_fleet,known_partition_continuous_physical_upper_bound,known_duty_certificate_set_sha256,trip_count,peak_concurrency_lb,direct_compatibility_density,service_kwh_total,service_kwh_per_duty,duty_trip_count_max,duty_trip_count_cv,scheduled_intertrip_gap_median_min,service_span_min
k09_p1,9,1,probability,1,fixed_seed_probability_1,nested_probability_1,,1,20260904001,data/scale_ladder/instances/threshold_9_15_20260904/Practice_Custom_DutyUnion_k09_p01_20260904.csv,9bf82e7707f52cad1513b770af6883663ffd77fd16a37119a72b12c81ec38569,"[""13310"",""13312"",""13313"",""13319"",""13324muw"",""13404"",""13408"",""13409"",""13413""]",d72091d5a2de641cb88c043e0fb1c6ba363aed7fd8229478170c95ceb5b772e1,9,True,d470825935d3c0f34d324dd29c6ac47b5a73ebafc7784060b517f9d17c0f6bf6,211,9,0.051771609118,5084.47595559,564.941772843,46,0.462079232,6.0,1254
k09_p2,9,2,probability,2,fixed_seed_probability_2,nested_probability_2,,2,20260904002,data/scale_ladder/instances/threshold_9_15_20260904/Practice_Custom_DutyUnion_k09_p02_20260904.csv,13571e9cfa59d55b54246e92dba53c023e6550dd2938fc04239a9952f6a54177,"[""13302"",""13307"",""13310"",""13311"",""13312"",""13320"",""13321"",""13324t"",""13406""]",3748e7480f9d01e0e8a2ab6872c3090ddc97ce95fba94dd5d57629904e9e1de2,9,True,69063f8de67ee66dbcb3b602668c0b0b96c2ce62f8f9fff0c6e3233afdece06d,219,9,0.073897197436,3994.86596003,443.873995559,50,0.538270759,3.0,1257
k09_p3,9,3,probability,3,fixed_seed_probability_3,nested_probability_3,,3,20260904003,data/scale_ladder/instances/threshold_9_15_20260904/Practice_Custom_DutyUnion_k09_p03_20260904.csv,7d05fbff2b52469acf4b11cdfb7c3f1171b76ea1b965dc150e3c11c96982a48c,"[""13301"",""13304"",""13307"",""13309"",""13316uwt"",""13321"",""13323"",""13324t"",""13414""]",d6df6578df4cfd19db9bea36056e9281aa2f990d8efac1a8c655e4273bce4297,9,True,43653a0ff327386e452e16ad7ac7c205ab93300f98040a6f4c6721d820cafcbc,191,9,0.070928630477,3529.92497799,392.213886443,37,0.437979317,3.0,1257
k09_p4,9,4,probability,4,fixed_seed_probability_4,nested_probability_4,,4,20260904004,data/scale_ladder/instances/threshold_9_15_20260904/Practice_Custom_DutyUnion_k09_p04_20260904.csv,ae3b84074c0564367fbdf95a6b45e19f6d1c8a3e8e51c22bc9eb8bbec7966cc0,"[""13307"",""13310"",""13311"",""13312"",""13313"",""13322"",""13406"",""13410"",""13414""]",5e6b881551643371ed1e8df1342cdb734ac2d44003041b90125778603bed6c43,9,True,c987942a4755782d94bfcb633ae955abb0c08da1adca37d1bfd7f0c2af4bee4f,203,9,0.064429595669,4419.5139574,491.057106378,46,0.499896857,4.0,1243
k09_p5,9,5,probability,5,fixed_seed_probability_5,nested_probability_5,,5,20260904005,data/scale_ladder/instances/threshold_9_15_20260904/Practice_Custom_DutyUnion_k09_p05_20260904.csv,1404e67b125af0141372b16603d127d8c7666c5d57320b4c6509ca7767f4043b,"[""13317"",""13319"",""13320"",""13322"",""13402"",""13404"",""13407"",""13408"",""13410""]",afafb3c9003b4caf5a7e184d9b91c8b920c913c78beb02e5893489b230542c44,9,True,760b5a29c7ce8d7b5e26c149424001233c922209844aed1fd6a4d4935d71f3a2,183,9,0.045036930283,4941.90696877,549.100774308,37,0.374546218,7.0,1283
k09_p6,9,6,probability,6,fixed_seed_probability_6,nested_probability_6,,6,20260904006,data/scale_ladder/instances/threshold_9_15_20260904/Practice_Custom_DutyUnion_k09_p06_20260904.csv,a7ed07ea5cd28d6b32d84103fed4fd38f09f7f87b5ad46f29ad25d0af802c61c,"[""13302"",""13307"",""13309"",""13320"",""13324t"",""13401"",""13407"",""13408"",""13409""]",c3de4472531444f564c0079925bdcf71ae893342195c7dec41683529c873248e,9,True,8417ed01c7b95c709f3ce509d3089cfb64208940406bea9167cb7451936bfb2c,178,9,0.051037897543,4395.82796381,488.425329312,50,0.561910101,6.0,1278
k09_xgap,9,7,structural,4,tight_gap,,,184,2026090409,data/scale_ladder/instances/threshold_9_15_20260904/Practice_Custom_DutyUnion_k09_xgap_20260904.csv,d7180996c95323799e9d8e042e61467144cb6edcd95aa07e56a1e62402aad2c2,"[""13301"",""13303"",""13304"",""13307"",""13310"",""13313"",""13322"",""13324t"",""13408""]",5732f8aadb30610dc7a00d37fc790b8b475093b11d81b84b8fb5da450345f2f4,9,True,0efd7da88f4d9b8d672c76a1264b903d8a930ca1d6cc0a129028b3d2785e8201,258,9,0.075347630682,4359.99196315,484.443551461,54,0.446729598,2.0,1257
k09_xenergy,9,8,structural,3,energy_heavy,,,221,2026090409,data/scale_ladder/instances/threshold_9_15_20260904/Practice_Custom_DutyUnion_k09_xenergy_20260904.csv,626ed50972878c8bd18be89cb01876c6af56bff8e37872870989a31b67a3aaa3,"[""13303"",""13325"",""13401"",""13402"",""13403"",""13405"",""13409"",""13412"",""13414""]",b4c0bdbe29e27ec13227b2ddc7bbf70eebef08f665ca2971110cf089043ccbbe,9,True,cc248ac51f5c6fc92012af574edf4c1135ac3e45c3c5b242350c0cab62cad721,196,9,0.043275771847,5605.1999642,622.799996022,54,0.661457505,7.0,1275
k09_xtrip,9,9,structural,2,trip_heavy,,,289,2026090409,data/scale_ladder/instances/threshold_9_15_20260904/Practice_Custom_DutyUnion_k09_xtrip_20260904.csv,ea4c1e7a5d7e6b802f13cbad60d029b75017f2aaf952c48af2b257421c5bba7e,"[""13301"",""13302"",""13303"",""13304"",""13308"",""13312"",""13321"",""13326"",""13403""]",5c287b5756039de6fac6de46a9bb82c6e36435b1c98a63877b4a1b6b9f2ecfa0,9,True,78ef194c81883aa3647ae2eb6da979a04300ac8fe1fad573a79c0fade03c7f27,311,9,0.06984752619,5236.82796343,581.869773714,54,0.377591096,3.0,1260
k09_xlight,9,10,structural,1,trip_light,,,349,2026090409,data/scale_ladder/instances/threshold_9_15_20260904/Practice_Custom_DutyUnion_k09_xlight_20260904.csv,9373820137ecf74b08e590db56109982b3ea0013ef410992b4b471b54845640f,"[""13311"",""13320"",""13324t"",""13326"",""13402"",""13406"",""13408"",""13412"",""13413""]",5faa4437f6380d6fd33cc9065346f70f01f0a0a5c7e47e4b52a1ab79206574df,9,True,3c7f4020c73d6d15a45ece45e31af5dfad32b41acd8ac73fb447bcea1aef37b0,141,9,0.050861195542,4230.28497016,470.031663351,21,0.170212766,7.0,1223
k10_p1,10,1,probability,1,fixed_seed_probability_1,nested_probability_1,k09_p1,1,20260904001,data/scale_ladder/instances/threshold_9_15_20260904/Practice_Custom_DutyUnion_k10_p01_20260904.csv,c54f31750af49fb66f0bf21995d02d01a5520e37f13152bc95b4aff17ecef1f3,"[""13310"",""13312"",""13313"",""13319"",""13324muw"",""13403"",""13404"",""13408"",""13409"",""13413""]",e79f2570a03cd5d717ae368314b79aa1f7a5d674a6a7374a0df46cc6ecd22b7f,10,True,84a199e1bcdc2793eda62d77c87ed66e867c6e242c75f82b24e0e9d57935918e,225,10,0.048373015873,5674.08595209,567.408595209,46,0.473807796,7.0,1257
k10_p2,10,2,probability,2,fixed_seed_probability_2,nested_probability_2,k09_p2,2,20260904002,data/scale_ladder/instances/threshold_9_15_20260904/Practice_Custom_DutyUnion_k10_p02_20260904.csv,969e49b79b454241e1f4116e405aebdf117dc6adac5497854cf4d7196166a6d6,"[""13302"",""13307"",""13310"",""13311"",""13312"",""13320"",""13321"",""13324t"",""13404"",""13406""]",364723836866b7d2cb17ec374c36a7a6c7df69e166060354e5739f0bfa534118,10,True,f4c5904b8ef73f029b0b848dd035e5ed7f0f6519194f62b18dc488f95239981f,236,10,0.064767399928,4711.20595603,471.120595603,50,0.534704798,3.0,1257
k10_p3,10,3,probability,3,fixed_seed_probability_3,nested_probability_3,k09_p3,3,20260904003,data/scale_ladder/instances/threshold_9_15_20260904/Practice_Custom_DutyUnion_k10_p03_20260904.csv,0a24efed4fe106a7a0e1d7038964c976e3a46ea62027e1ce879bc151f3a2b18d,"[""13301"",""13304"",""13307"",""13309"",""13316uwt"",""13321"",""13323"",""13324t"",""13403"",""13414""]",c5ebbbb42fb4bd436e0317ad69fd85120ac720b6b67af037cf58fcd2551c44f5,10,True,9ac1629bc6458190665a5597037b191075bb2d9208ba4d9d2ca920c3bc7ed805,205,10,0.062553802009,4119.53497449,411.953497449,37,0.442936499,4.0,1257
k10_p4,10,4,probability,4,fixed_seed_probability_4,nested_probability_4,k09_p4,4,20260904004,data/scale_ladder/instances/threshold_9_15_20260904/Practice_Custom_DutyUnion_k10_p04_20260904.csv,c186ded0e8b4d7834e0ba51f7ce14cc525fa7b62d38c255ca1ecd1afca9dbf08,"[""13307"",""13310"",""13311"",""13312"",""13313"",""13322"",""13404"",""13406"",""13410"",""13414""]",3a0f0a9ad6b5f63d6f1ac9b60b3016dabcc4bc15fcd07daaa8eaa8f132e1acb7,10,True,b9fb7cb6961d50171b7621057ccd65cea928be9b523d41d663d5c930630c4a5d,220,10,0.057658779577,5135.8539534,513.58539534,46,0.492086131,5.0,1263
k10_p5,10,5,probability,5,fixed_seed_probability_5,nested_probability_5,k09_p5,5,20260904005,data/scale_ladder/instances/threshold_9_15_20260904/Practice_Custom_DutyUnion_k10_p05_20260904.csv,b2fa6d6ca7c5deda4877c8f22d726dc49e6bddb72a921fee1da34ec1c3ef86f8,"[""13316uwt"",""13317"",""13319"",""13320"",""13322"",""13402"",""13404"",""13407"",""13408"",""13410""]",9a76dfe06f372b11ff4cfc504dad68c2d713d648f78a7b91ef6f0a2d549db08d,10,True,3e44aa24a31b010e656231f8c1f016aaff1de955e6254d245ef028f6939af3aa,204,10,0.045783830774,5301.64496693,530.164496693,37,0.354300216,7.0,1283
k10_p6,10,6,probability,6,fixed_seed_probability_6,nested_probability_6,k09_p6,6,20260904006,data/scale_ladder/instances/threshold_9_15_20260904/Practice_Custom_DutyUnion_k10_p06_20260904.csv,b6b8abf3c83ef5e8d3167d6a785b8403fb20c8927e25c409193e1c744174ffc0,"[""13302"",""13307"",""13309"",""13311"",""13320"",""13324t"",""13401"",""13407"",""13408"",""13409""]",f4aed30612c1e73e7677480ba846589e20c108a67fd39e68efbc6e9241e621ca,10,True,d578b7d7bf609c74a0d91875a630bfbd0c22520a501a9acc2e92682fbb02f525,192,10,0.054646596859,4661.77595991,466.177595991,50,0.556487933,6.0,1278
k10_xlight,10,7,structural,1,trip_light,,,10,2026090410,data/scale_ladder/instances/threshold_9_15_20260904/Practice_Custom_DutyUnion_k10_xlight_20260904.csv,9d8c2dd935decf6baeb36adb6f5ec89781db69683298d6c86bf2ef43ce2b5bf3,"[""13309"",""13314"",""13323"",""13324t"",""13326"",""13401"",""13403"",""13406"",""13408"",""13410""]",5e3a220192691beda07dd28e273206a6dc8d97ecc2ae736bf37eb547a4f822d7,10,True,cb2e85da765617e86db15a77783d0d829d956cb362b24b471a79196bbb2d5168,151,10,0.054481236203,4268.87397422,426.887397422,22,0.273775187,7.0,1286
k10_xtrip,10,8,structural,2,trip_heavy,,,195,2026090410,data/scale_ladder/instances/threshold_9_15_20260904/Practice_Custom_DutyUnion_k10_xtrip_20260904.csv,37ef10fbcfd1d2b30c6397cfc95b52c0a4b66dde23b02ad6abca79b1f6509ca9,"[""13302"",""13303"",""13305"",""13311"",""13313"",""13317"",""13318"",""13324muw"",""13325"",""13412""]",0763db5903a30bdc32f68f4e377d0f6a02a2156d61b6f315de1e238479cbe201,10,True,eb0ce3310b5c6337aea18155d875e0243bc09099d34556aac07d099960af146f,329,10,0.074690488546,5587.9699453,558.79699453,54,0.406988498,2.0,1260
k10_xenergy,10,9,structural,3,energy_heavy,,,343,2026090410,data/scale_ladder/instances/threshold_9_15_20260904/Practice_Custom_DutyUnion_k10_xenergy_20260904.csv,24def636047b2983cace296a5a2deaeea077cae83f6acab53a21ff952fe8e1e3,"[""13301"",""13302"",""13303"",""13304"",""13310"",""13318"",""13402"",""13405"",""13406"",""13407""]",310f9da8c39dcede6d509f4a93359309a13ef1f913162dc41d57519594f921ac,10,True,0e95f15b1ea8a9d1e2a11e611c472de0f3bacb1430a432acb641e9e740a26cdb,295,10,0.053107344633,6155.60795526,615.560795526,54,0.477773732,3.0,1275
k10_xgap,10,10,structural,4,tight_gap,,,362,2026090410,data/scale_ladder/instances/threshold_9_15_20260904/Practice_Custom_DutyUnion_k10_xgap_20260904.csv,7e252e6a790ecaf342ca04cf05728bfde3cc87cb93ec0c3e35d5f388b40fad5a,"[""13301"",""13302"",""13303"",""13306"",""13307"",""13309"",""13310"",""13311"",""13312"",""13317""]",9b0d45a7c69979007ed6f9330abda2d86ebfe123e17eb6759d14eb77f82c658d,10,True,f545f14f90e94e45dc3a8be518bc912f90902d861440ea50d90b2a048a0c5a16,328,10,0.079305586634,5181.82695566,518.182695566,54,0.411257774,2.0,1260
k11_p1,11,1,probability,1,fixed_seed_probability_1,nested_probability_1,k10_p1,1,20260904001,data/scale_ladder/instances/threshold_9_15_20260904/Practice_Custom_DutyUnion_k11_p01_20260904.csv,a34cf88096ef586419a247660df1f8b8cc40823c47ff72c96169495b6c54c844,"[""13310"",""13312"",""13313"",""13319"",""13324muw"",""13326"",""13403"",""13404"",""13408"",""13409"",""13413""]",5172ce15d9d4ad57e187973a83060c991ce6b47ccc71558e1f7a4366a0be9cc6,11,True,df5b44c6240c5f660b5cf6c59cff3f9281647ba8e1eadfabcca719cd0afaa61f,246,11,0.050107848017,6023.39195072,547.581086429,46,0.454921458,7.0,1257
k11_p2,11,2,probability,2,fixed_seed_probability_2,nested_probability_2,k10_p2,2,20260904002,data/scale_ladder/instances/threshold_9_15_20260904/Practice_Custom_DutyUnion_k11_p02_20260904.csv,ed584dba0369e1e42c7a19b6e58d50ec2c2f963561e00a07de5acf424b051759,"[""13302"",""13307"",""13310"",""13311"",""13312"",""13320"",""13321"",""13324t"",""13404"",""13406"",""13414""]",a238e7c6335157dcda936bdd4eb8930e71b4c0d10e133dc92a606cfa9970f479,11,True,951b0cc2ac2c84e822336d4e82dc543137a39bbd9c0a59e3367cfeb0c1111d63,248,11,0.060206347133,5216.58595303,474.235086639,50,0.553786277,4.0,1257
k11_p3,11,3,probability,3,fixed_seed_probability_3,nested_probability_3,k10_p3,3,20260904003,data/scale_ladder/instances/threshold_9_15_20260904/Practice_Custom_DutyUnion_k11_p03_20260904.csv,d44ae4a734a62fb603359e97f3d8b187c2cb0bd10c5e00bf20e33f1b321d0dc1,"[""13301"",""13304"",""13307"",""13309"",""13316uwt"",""13321"",""13323"",""13324t"",""13403"",""13413"",""13414""]",72e3f3b7f94f8d15cc751b1a1b7fa4be22d4991cff516b4dd8ed757378d0019c,11,True,633f4fff99f271af8652270909fde3ad4425f01eda289df9766b8e1d1836d87c,220,11,0.05599833956,4751.64497099,431.967724635,37,0.44004132,6.0,1257
k11_p4,11,4,probability,4,fixed_seed_probability_4,nested_probability_4,k10_p4,4,20260904004,data/scale_ladder/instances/threshold_9_15_20260904/Practice_Custom_DutyUnion_k11_p04_20260904.csv,837037c026cf3971309c96c719f594565fdc5521dfe2d43241e2a344b31f1a92,"[""13306"",""13307"",""13310"",""13311"",""13312"",""13313"",""13322"",""13404"",""13406"",""13410"",""13414""]",0641ee6132766bac992f29f2675151224abe93b5a80f839552df7dd6b15ea56b,11,True,e87b810f6f82872f358af5c1d86f7eab0129feee86dfb9352f3cf1594d052b73,250,11,0.06075502008,5607.29194938,509.75381358,46,0.4653085,4.0,1263
k11_p5,11,5,probability,5,fixed_seed_probability_5,nested_probability_5,k10_p5,5,20260904005,data/scale_ladder/instances/threshold_9_15_20260904/Practice_Custom_DutyUnion_k11_p05_20260904.csv,cb70c268c96b64775379f148cc7522f0ec0446a7b469e8f7d6697fcea4b6eaaf,"[""13312"",""13316uwt"",""13317"",""13319"",""13320"",""13322"",""13402"",""13404"",""13407"",""13408"",""13410""]",7cb1bf5d381ca075162a982b598c693511b22aa0db5228d4b40fa90798505d24,11,True,f446965f1ee63522c94321bc90a3c0a3b1d6d3f39ae15c11a167d5fb13dbbaf1,250,11,0.048289156627,6020.26595959,547.296905417,46,0.44362146,7.0,1283
k11_p6,11,6,probability,6,fixed_seed_probability_6,nested_probability_6,k10_p6,6,20260904006,data/scale_ladder/instances/threshold_9_15_20260904/Practice_Custom_DutyUnion_k11_p06_20260904.csv,9199478f9fc6d2771233763af0f16d780f629bb72268203b0dabc466be94661f,"[""13302"",""13307"",""13309"",""13310"",""13311"",""13320"",""13324t"",""13401"",""13407"",""13408"",""13409""]",14b720afbe131464337a2b6584cf79dbf060fc545d44e5f379b916db186d91c4,11,True,be6cb3a1c6bddde4765579b7bd92f07afdf6190162fd43fa1fc77a68379965ab,216,11,0.05745047373,5068.48395537,460.77126867,50,0.52353722,6.0,1278
k11_xgap,11,7,structural,4,tight_gap,,,53,2026090411,data/scale_ladder/instances/threshold_9_15_20260904/Practice_Custom_DutyUnion_k11_xgap_20260904.csv,4bf0eb24a65300a29328c93f4a03a4acc516e8b063bb4b64bfceb7303a8d7f27,"[""13301"",""13302"",""13303"",""13304"",""13305"",""13307"",""13310"",""13313"",""13315"",""13405"",""13413""]",5a74cf328094decf53564e49483e63e5e90ab89ae96d2570abfd2f61cdf27223,11,True,1765b3eed1b292fabb182c5c96ea8e359560377a52e92dc5fb2f1b8467daae94,342,11,0.068168956115,6004.90395158,545.900359235,54,0.419689965,2.0,1260
k11_xlight,11,8,structural,1,trip_light,,,237,2026090411,data/scale_ladder/instances/threshold_9_15_20260904/Practice_Custom_DutyUnion_k11_xlight_20260904.csv,00dafb620a9b12cf46714d0117e321b0982db257c3f4af259fc5a25a81da3a94,"[""13306"",""13307"",""13309"",""13311"",""13314"",""13320"",""13401"",""13403"",""13408"",""13412"",""13414""]",7f78255dbdbaa5e92db6dc40ce8779de9a7aea62994fc39ce547d851718ad878,11,True,36f6b2c6ab068ac0e703a81104870718d0d37f1def574b4328253c15b1e992ed,177,11,0.060670261941,4616.40696636,419.673360578,30,0.323960931,7.0,1226
k11_xenergy,11,9,structural,3,energy_heavy,,,241,2026090411,data/scale_ladder/instances/threshold_9_15_20260904/Practice_Custom_DutyUnion_k11_xenergy_20260904.csv,5d839bcb5af688ddfa3a65110a1111ea04278d0d4ed82e85cf8f0d6cddaf3fc9,"[""13302"",""13303"",""13313"",""13316m"",""13321"",""13325"",""13404"",""13407"",""13408"",""13409"",""13411""]",871b6e8e6032d2156df3b3ae7a44bf2b179112520a0c648c650fca124813e6fc,11,True,679e16d464a3e47faffb1b1f1bda4a9393f6cdf49131a218909c26acbfe1d3eb,304,11,0.050351745701,6804.84994608,618.622722371,54,0.528265304,4.0,1260
k11_xtrip,11,10,structural,2,trip_heavy,,,471,2026090411,data/scale_ladder/instances/threshold_9_15_20260904/Practice_Custom_DutyUnion_k11_xtrip_20260904.csv,e3c209761525c4ace276bf0962a211a389e9da184631d9fd8fd40756394eb817,"[""13301"",""13302"",""13303"",""13304"",""13306"",""13312"",""13313"",""13403"",""13407"",""13408"",""13414""]",082758db99372be8de655a6b1114a16a403f34f32df0ea66b6cd22ef97e871f2,11,True,c7732f61d45f5ae079695f2f980b5cd2758706970875684f1543d2083a4aaef4,344,11,0.057156417384,6768.07894454,615.279904049,54,0.478018716,3.0,1260
k12_p1,12,1,probability,1,fixed_seed_probability_1,nested_probability_1,k11_p1,1,20260904001,data/scale_ladder/instances/threshold_9_15_20260904/Practice_Custom_DutyUnion_k12_p01_20260904.csv,1215b5185757fff3d1504ada00e6778422446bf4c1cf92ff47f2049a4be12311,"[""13310"",""13312"",""13313"",""13319"",""13324muw"",""13326"",""13402"",""13403"",""13404"",""13408"",""13409"",""13413""]",77d7b2e814a240a02570fbdbcdf4583b28222be4578726851b9bb93a0659f33e,12,True,617872f4c9df8db141eba1432c48356a6c5bc84526fe0780a3658a9d85919312,263,12,0.047020578759,6739.73194672,561.644328893,46,0.449554453,7.0,1274
k12_p2,12,2,probability,2,fixed_seed_probability_2,nested_probability_2,k11_p2,2,20260904002,data/scale_ladder/instances/threshold_9_15_20260904/Practice_Custom_DutyUnion_k12_p02_20260904.csv,ec701ce2b72d61586e46634cfab1b49c6799309f50ac1073535e8775a5153901,"[""13302"",""13307"",""13310"",""13311"",""13312"",""13319"",""13320"",""13321"",""13324t"",""13404"",""13406"",""13414""]",05748c43b72736bca0aabec8549bfef7253f5795a219249b2c0ee788b52aa408,12,True,4f14bd51b7b2bfb65ef334550e149a2cdb5bfc6c9dcfc6c1dc586925cdc59a96,275,12,0.060384870604,5677.23794938,473.103162448,50,0.524380784,4.0,1257
k12_p3,12,3,probability,3,fixed_seed_probability_3,nested_probability_3,k11_p3,3,20260904003,data/scale_ladder/instances/threshold_9_15_20260904/Practice_Custom_DutyUnion_k12_p03_20260904.csv,66992416ee607061fe538bcd137d1f065465f5befeca51e11717935178d24e76,"[""13301"",""13304"",""13307"",""13309"",""13316uwt"",""13321"",""13323"",""13324t"",""13403"",""13411"",""13413"",""13414""]",cbdda261974fa5e90802e1e4cbdc2fd8d897223fcc26f06cb23682a05f981c2e,12,True,4d481385e2dfb4ea703cdf89183f755411afcfe69a079fddbef6d14110dc5244,234,12,0.052309159605,5341.25496749,445.104580624,37,0.440399078,6.0,1257
k12_p4,12,4,probability,4,fixed_seed_probability_4,nested_probability_4,k11_p4,4,20260904004,data/scale_ladder/instances/threshold_9_15_20260904/Practice_Custom_DutyUnion_k12_p04_20260904.csv,8b3e3e137f0fb9440ddfba219151cd4adef69ab6a1fd2b3c0318cfbe82df238d,"[""13306"",""13307"",""13310"",""13311"",""13312"",""13313"",""13322"",""13401"",""13404"",""13406"",""13410"",""13414""]",5c05f984b484063b216dc3bd5086e26e2fdeae51eb36248eba6df6223c5be59a,12,True,20a38e91235cf82e4b1bd4d8a53acf88217828d1f39a7fa44e8b53dd15d3035f,262,12,0.057091047352,6112.67194638,509.389328865,46,0.483212739,5.0,1286
k12_p5,12,5,probability,5,fixed_seed_probability_5,nested_probability_5,k11_p5,5,20260904005,data/scale_ladder/instances/threshold_9_15_20260904/Practice_Custom_DutyUnion_k12_p05_20260904.csv,18abe67d927364b27f8c5d5f93fdc8ca6f8423f7c8f0966e7c6c4d9422b853da,"[""13312"",""13316uwt"",""13317"",""13319"",""13320"",""13322"",""13402"",""13404"",""13407"",""13408"",""13410"",""13413""]",1ebdc96a7f02bd5853299be9dd2261e227cdabf9a16e3ce67bdf94c961e0c76c,12,True,60bd82f516c3fcabff260f7788bbd26c92227e56a557ab5d2881d4cceb9e0218,265,12,0.045769010863,6652.37595609,554.364663007,46,0.447690963,7.0,1283
k12_p6,12,6,probability,6,fixed_seed_probability_6,nested_probability_6,k11_p6,6,20260904006,data/scale_ladder/instances/threshold_9_15_20260904/Practice_Custom_DutyUnion_k12_p06_20260904.csv,8b8ec38fc2303f2aad71358fae7583c1c4fe009efeb1a147eb9eeebd93abacc6,"[""13302"",""13303"",""13307"",""13309"",""13310"",""13311"",""13320"",""13324t"",""13401"",""13407"",""13408"",""13409""]",5bcab15869bcc744d50c84efac12886861b368d5abb9f3faf95683643b4daf29,12,True,d52829378ea5ccaeb00071a413fbacfcd11f5acd03c0ce1af81fd92490536b34,270,12,0.058185322869,5796.20295107,483.016912589,54,0.607904043,4.0,1278
k12_xlight,12,7,structural,1,trip_light,,,60,2026090412,data/scale_ladder/instances/threshold_9_15_20260904/Practice_Custom_DutyUnion_k12_xlight_20260904.csv,6c9bbb6a8f5b089fe3a0cc5a3ecd05c7e5c28c6853b67d1e8a859cbb4528dee2,"[""13305"",""13311"",""13321"",""13324t"",""13405"",""13406"",""13407"",""13409"",""13410"",""13412"",""13413"",""13414""]",d6bc024a1c712437fade9780d3036553af868aeff75dad9fce83ab355bf30eed,12,True,4a555c2410917ce9ee59379d8d50771fd8b04ebed288ffa2b2c1e5216ca21d03,202,12,0.044677602089,6396.11395757,533.009496464,30,0.279516717,7.0,1246
k12_xgap,12,8,structural,4,tight_gap,,,113,2026090412,data/scale_ladder/instances/threshold_9_15_20260904/Practice_Custom_DutyUnion_k12_xgap_20260904.csv,15dd8be287755f5a5d9269a75056dce33b0b4adbe5c56df47ab5ecaea9c37b9c,"[""13301"",""13304"",""13305"",""13312"",""13314"",""13315"",""13317"",""13319"",""13320"",""13323"",""13324t"",""13325""]",770c4f6c2713393df60683ecb7a9d0e9f43b642e73ebc03edee24d513f60db8c,12,True,443190a5b1aec2a32800a6ab1833132ba0ef14d7ebee4130389efb091e667f8f,344,12,0.078310393925,5451.0229622,454.251913517,46,0.395519799,2.0,1259
k12_xtrip,12,9,structural,2,trip_heavy,,,121,2026090412,data/scale_ladder/instances/threshold_9_15_20260904/Practice_Custom_DutyUnion_k12_xtrip_20260904.csv,94108491a6737972863b68c3a4204784bf7c86418855fc7bcb320c122812bee8,"[""13302"",""13303"",""13304"",""13308"",""13312"",""13317"",""13318"",""13324t"",""13325"",""13405"",""13408"",""13412""]",e5140b481c1b5ed419c2de85a33ee367ff1469932538165480485afe63828092,12,True,e46acad0556584e6ce4d2cebe83945cc8266159b905d22c4923cdf31b2a22568,387,12,0.065496512297,7032.62694335,586.052245279,54,0.442358847,3.0,1260
k12_xenergy,12,10,structural,3,energy_heavy,,,298,2026090412,data/scale_ladder/instances/threshold_9_15_20260904/Practice_Custom_DutyUnion_k12_xenergy_20260904.csv,5c68621610834d4aab3f93ced7aadc3570d22ec081790b09c5340b871271ce15,"[""13302"",""13303"",""13308"",""13310"",""13325"",""13402"",""13404"",""13405"",""13406"",""13409"",""13412"",""13414""]",279f24c46e234527a36f9d77a086309523715d88de0c39ab2f0676f26516baec,12,True,6a61364d3d6a7beaa4ffee6108112b0aa0a4728373c78ce5d65b7ccb8772e52f,306,12,0.044380156434,7522.96894572,626.91407881,54,0.567725225,6.5,1275
k13_p1,13,1,probability,1,fixed_seed_probability_1,nested_probability_1,k12_p1,1,20260904001,data/scale_ladder/instances/threshold_9_15_20260904/Practice_Custom_DutyUnion_k13_p01_20260904.csv,6dc56dc3deb893ef86905dad78343749875741c72c894621978a98fef2fefde0,"[""13310"",""13312"",""13313"",""13318"",""13319"",""13324muw"",""13326"",""13402"",""13403"",""13404"",""13408"",""13409"",""13413""]",4ba6aa5380c96645ac1ce87eeb79cf0205ebbaac6bdc897830c7be85ec3c8584,13,True,957add371f52691c554a7317968a50ff0e216e30700f4d0318a616f8f45168d2,296,13,0.048236371965,7275.21294118,559.631764706,46,0.435509533,7.0,1274
k13_p2,13,2,probability,2,fixed_seed_probability_2,nested_probability_2,k12_p2,2,20260904002,data/scale_ladder/instances/threshold_9_15_20260904/Practice_Custom_DutyUnion_k13_p02_20260904.csv,de40d476444ee558c15ed360cac03fafbb262531c50acd90904346d40fd26729,"[""13302"",""13307"",""13310"",""13311"",""13312"",""13319"",""13320"",""13321"",""13324t"",""13404"",""13406"",""13411"",""13414""]",51cfc5c8f6bea60c994875fcbe639e85cc52a66c3c77c78a5fb7b6e4715b66df,13,True,e6049b66004a54a0de089683cedcee73605f050a68003033fc8698086c92105b,289,13,0.055891964629,6266.84794588,482.065226606,50,0.530236597,4.0,1257
k13_p3,13,3,probability,3,fixed_seed_probability_3,nested_probability_3,k12_p3,3,20260904003,data/scale_ladder/instances/threshold_9_15_20260904/Practice_Custom_DutyUnion_k13_p03_20260904.csv,23ea33b676cfbdcdd4f9f652106081ad60c87ba346a069110af7b007fbbf74b2,"[""13301"",""13304"",""13307"",""13309"",""13316uwt"",""13318"",""13321"",""13323"",""13324t"",""13403"",""13411"",""13413"",""13414""]",ebfa43ee0763036541be92f7832dddfb49e502439b54ae4f61ef826e3538e908,13,True,04085aab668f0cc31416ce9066a62067171312cb97295a9df4d465609c107b41,267,13,0.054630959421,5876.73596195,452.056612458,37,0.438250261,6.0,1257
k13_p4,13,4,probability,4,fixed_seed_probability_4,nested_probability_4,k12_p4,4,20260904004,data/scale_ladder/instances/threshold_9_15_20260904/Practice_Custom_DutyUnion_k13_p04_20260904.csv,db2e9b7d742e42085640cc41c4dc2f5f20b14c594d1bf5ef3a6d589e7840524f,"[""13306"",""13307"",""13310"",""13311"",""13312"",""13313"",""13321"",""13322"",""13401"",""13404"",""13406"",""13410"",""13414""]",6820ba49fc6d2f7562690725490e51a4340dede412037bf9ef2e303221fa8a31,13,True,fd6fdd1ab27ed567a7440d0e4d07b0cca7a756b13eaa64073b7e90184cb7834a,284,13,0.054820086597,6520.20494478,501.554226522,46,0.463987786,5.0,1286
k13_p5,13,5,probability,5,fixed_seed_probability_5,nested_probability_5,k12_p5,5,20260904005,data/scale_ladder/instances/threshold_9_15_20260904/Practice_Custom_DutyUnion_k13_p05_20260904.csv,84499a0fdb9ba91d6fc5aab28dda6d361552386f3213e5deff276d84958df5c4,"[""13312"",""13316uwt"",""13317"",""13319"",""13320"",""13322"",""13402"",""13404"",""13407"",""13408"",""13410"",""13411"",""13413""]",d2bae7b1549f10b418da841c97f14da20201d58f299acf77f2a272969ea40e51,13,True,5516d8e40af6badb7cd22e2db8c71fb8e8320cfb513cb870dab9b69cedbb1c46,279,13,0.044042185606,7241.98595259,557.075842507,46,0.453826288,7.0,1283
k13_p6,13,6,probability,6,fixed_seed_probability_6,nested_probability_6,k12_p6,6,20260904006,data/scale_ladder/instances/threshold_9_15_20260904/Practice_Custom_DutyUnion_k13_p06_20260904.csv,2cad8983d65c0736155123b2b5e091dab66f9886a1a8aad574fbef3602d73a9d,"[""13302"",""13303"",""13307"",""13309"",""13310"",""13311"",""13312"",""13320"",""13324t"",""13401"",""13407"",""13408"",""13409""]",fa6a4d1fa298100b7d2fe23ecb9a1c292c4b7893ad217e1bbec23a00d8579f96,13,True,7b4f1080a2ddfe1c696a02d7704a1225c6fc3163475dbfacd8f0a010c5e6ffbf,316,13,0.059413301185,6514.82394373,501.140303364,54,0.598862619,3.0,1278
k13_xgap,13,7,structural,4,tight_gap,,,178,2026090413,data/scale_ladder/instances/threshold_9_15_20260904/Practice_Custom_DutyUnion_k13_xgap_20260904.csv,48a8c209ee3ef1ca6391ce08b6cc41310707fb31593ac97e455330b5ff63836c,"[""13301"",""13302"",""13304"",""13307"",""13312"",""13315"",""13316uwt"",""13317"",""13318"",""13319"",""13324t"",""13326"",""13401""]",5fa44fa122206c8e1c5261ca709fd2a0a52fc26d6beb2efd7bb1c9f71e2f40ba,13,True,25265bd808e4749449b2427482ae1d7492ab6f98cef413e0961125aa50901777,384,13,0.071774369017,6420.27195273,493.867073287,50,0.382697332,2.0,1278
k13_xenergy,13,8,structural,3,energy_heavy,,,199,2026090413,data/scale_ladder/instances/threshold_9_15_20260904/Practice_Custom_DutyUnion_k13_xenergy_20260904.csv,aa8daf4880c675904370054bb25ce19eb511d257add51990ce6a7338f0645ad1,"[""13301"",""13302"",""13303"",""13304"",""13306"",""13318"",""13322"",""13325"",""13401"",""13402"",""13407"",""13409"",""13411""]",92848635a793ab2a2b344bda7eefbf640767eb0191204cc85f058265ae4f1f64,13,True,58f65bcbcb2997802182354083a8133efa8dee282751bcc36cd11dc9da734d04,385,13,0.052516233766,7952.48194358,611.729380275,54,0.450602565,3.0,1278
k13_xlight,13,9,structural,1,trip_light,,,293,2026090413,data/scale_ladder/instances/threshold_9_15_20260904/Practice_Custom_DutyUnion_k13_xlight_20260904.csv,621beb162e89b509c802c754f1a5bf788a5ab9bd9aa40c16de5be972ea4ce116,"[""13306"",""13307"",""13309"",""13311"",""13401"",""13403"",""13406"",""13407"",""13408"",""13409"",""13410"",""13412"",""13414""]",db78774fd154d2517b58eb1100c0f864dc190d0c6b44365d74382a7f1cd2ade8,13,True,a617f5674dfdc6a6cac1ed13a49fd2d111de680ddb938b22a0283aeb23f26c51,208,13,0.048448532144,6725.3809543,517.336996485,30,0.303227828,7.0,1286
k13_xtrip,13,10,structural,2,trip_heavy,,,434,2026090413,data/scale_ladder/instances/threshold_9_15_20260904/Practice_Custom_DutyUnion_k13_xtrip_20260904.csv,b747bed3ead4d862aae46f62e78612c9132558a3dd4087079b791ec23b05c24c,"[""13301"",""13302"",""13303"",""13308"",""13309"",""13312"",""13313"",""13315"",""13324muw"",""13325"",""13403"",""13411"",""13414""]",7ae35fd85929c647692cd8dc5faf512ff1e183195d7ecc4182e4de53cddb6077,13,True,92593f81095efee9b2871a693fe619e34b67d7c879ea406b9eabe128af871343,406,13,0.064781365931,7479.52393846,575.347995266,54,0.445125072,3.0,1260
k14_p1,14,1,probability,1,fixed_seed_probability_1,nested_probability_1,k13_p1,1,20260904001,data/scale_ladder/instances/threshold_9_15_20260904/Practice_Custom_DutyUnion_k14_p01_20260904.csv,75f5d73b49599396552df68484abb8f8a52f037e4aa4be5b882749f1634a1b7d,"[""13310"",""13311"",""13312"",""13313"",""13318"",""13319"",""13324muw"",""13326"",""13402"",""13403"",""13404"",""13408"",""13409"",""13413""]",a33df99d60f3582ea316cc0ee140f8dd196721e820cdd7d2d039d11bd7334b73,14,True,537683fc4100366ab95d766300701c974311acf0dfa44d21f5581daea33513ab,310,14,0.049003027456,7541.16093728,538.654352663,46,0.443428136,7.0,1274
k14_p2,14,2,probability,2,fixed_seed_probability_2,nested_probability_2,k13_p2,2,20260904002,data/scale_ladder/instances/threshold_9_15_20260904/Practice_Custom_DutyUnion_k14_p02_20260904.csv,ec5d12a3640e372e15eeec11cba6c26873d4fe14f4b18586c230dbe114189a00,"[""13302"",""13303"",""13307"",""13310"",""13311"",""13312"",""13319"",""13320"",""13321"",""13324t"",""13404"",""13406"",""13411"",""13414""]",5dd83038e7f58a4fa194d7c7334152c9fbe44655eba3a810cfd468255437837c,14,True,63b7cc07b6b7d06800d905248be1abaae96bed5e49bc4da86914f0489f5a53c3,343,14,0.058121494212,6994.56694158,499.611924399,54,0.571376507,3.0,1260
k14_p3,14,3,probability,3,fixed_seed_probability_3,nested_probability_3,k13_p3,3,20260904003,data/scale_ladder/instances/threshold_9_15_20260904/Practice_Custom_DutyUnion_k14_p03_20260904.csv,e2674adb1bdaa6c27aaab5a3aa12ab701f92000de2ef6ffeee8cf4aea3452e4a,"[""13301"",""13304"",""13307"",""13309"",""13311"",""13316uwt"",""13318"",""13321"",""13323"",""13324t"",""13403"",""13411"",""13413"",""13414""]",8c70056cdf7d886d80e1671ff45681dc05a4c17855a3bf8a21e737c7a076c80a,14,True,633305912bbad4278dee1b8553566a46666244f166a481203438252c1e226df6,281,14,0.056888662938,6142.68395805,438.763139861,37,0.440203598,6.0,1257
k14_p4,14,4,probability,4,fixed_seed_probability_4,nested_probability_4,k13_p4,4,20260904004,data/scale_ladder/instances/threshold_9_15_20260904/Practice_Custom_DutyUnion_k14_p04_20260904.csv,93d38fb24919ea02967df026c60b43f0c815173ceb1c171c85211530b30ddd35,"[""13306"",""13307"",""13310"",""13311"",""13312"",""13313"",""13321"",""13322"",""13325"",""13401"",""13404"",""13406"",""13410"",""13414""]",79946d6eb4a136e6fadd32f90569823c902404108c94e29cfb83d386312a30a4,14,True,ca12cf6168cb30ef5dc71a5944bead19e40708bff6872cf45787b29ab452aa27,326,14,0.055724398301,7186.18593828,513.298995591,46,0.475014634,4.0,1286
k14_p5,14,5,probability,5,fixed_seed_probability_5,nested_probability_5,k13_p5,5,20260904005,data/scale_ladder/instances/threshold_9_15_20260904/Practice_Custom_DutyUnion_k14_p05_20260904.csv,c34a7115263e90c40d314f64d3e0fe4ad39561eb88fa1cd07609d154699ebcda,"[""13312"",""13314"",""13316uwt"",""13317"",""13319"",""13320"",""13322"",""13402"",""13404"",""13407"",""13408"",""13410"",""13411"",""13413""]",aa2eed48b596f5e9f482813bf8d84cb02663ebad9ca5cb0ac4613be40d015f99,14,True,c24ba1037c6b6d4dcdb056c74df00adb9c57d5dd106556dba9b174010cdf74ee,295,14,0.044828778969,7519.96095205,537.140068004,46,0.45038845,7.0,1283
k14_p6,14,6,probability,6,fixed_seed_probability_6,nested_probability_6,k13_p6,6,20260904006,data/scale_ladder/instances/threshold_9_15_20260904/Practice_Custom_DutyUnion_k14_p06_20260904.csv,a31c1bd84c5dfa84e66ed6b11849db87acd24a8217fe39c4b16e177105b53337,"[""13302"",""13303"",""13307"",""13308"",""13309"",""13310"",""13311"",""13312"",""13320"",""13324t"",""13401"",""13407"",""13408"",""13409""]",1002e240ec95a77d0ad66e935e2c6a652f1d9679f4b7027048fcaf9a88722767,14,True,36cd9fb3ce4b3b91c28edd255885c0630fc28fe758160ebe4678cf9592341e11,347,14,0.059819093468,7041.79294013,502.985210009,54,0.570204791,3.0,1278
k14_xlight,14,7,structural,1,trip_light,,,99,2026090414,data/scale_ladder/instances/threshold_9_15_20260904/Practice_Custom_DutyUnion_k14_xlight_20260904.csv,7f09c65b1b72604ed2c78bcaa0f43d44bd341ee05df10e230ced34ff82c38a38,"[""13320"",""13321"",""13323"",""13324muw"",""13325"",""13401"",""13403"",""13404"",""13405"",""13406"",""13407"",""13408"",""13409"",""13414""]",9984a121a26dee9eaa817c7c44f818c98cdcf3ecfd48fb70e0b41fec4a13b161,14,True,ddd7cfb8d7412231d77622e330973175b6b750bc61b19e849057db0cb8b24b2d,232,13,0.043327362293,7156.93995296,511.20999664,42,0.47004503,7.0,1275
k14_xgap,14,8,structural,4,tight_gap,,,331,2026090414,data/scale_ladder/instances/threshold_9_15_20260904/Practice_Custom_DutyUnion_k14_xgap_20260904.csv,96635df83a5c55cb341b4c8a7129e495f1f1e486fdad8c17c87a6415030d9ed0,"[""13302"",""13304"",""13305"",""13307"",""13310"",""13311"",""13313"",""13318"",""13322"",""13323"",""13324t"",""13325"",""13401"",""13403""]",139cbf1fe8aaa12fe14d484b3910cddf4917485c529027e6b6051b0392c95fa4,14,True,e3e9458469abf668271142e0466b42165f38442077a5458c6a5be1d7dc81cced,360,13,0.071680594243,6501.47393645,464.390995461,50,0.480226284,2.0,1278
k14_xtrip,14,9,structural,2,trip_heavy,,,368,2026090414,data/scale_ladder/instances/threshold_9_15_20260904/Practice_Custom_DutyUnion_k14_xtrip_20260904.csv,ff6b2cd1ee4f3ab3f44cc32168c2f1db8fd8fc6088961ded193f5d17ee95bf21,"[""13301"",""13302"",""13304"",""13305"",""13306"",""13310"",""13312"",""13315"",""13316m"",""13317"",""13318"",""13322"",""13410"",""13412""]",85169613a278e1ef4c1acb08387921a3abdbbba19372c1e0b5f9b91abfbc2263,14,True,b63fb7e5c253cf948cc488c9fe1287a920ca52c89a0831bfb08545aeb7cef0b3,433,14,0.068257634077,7517.88894468,536.992067477,50,0.316194875,3.0,1268
k14_xenergy,14,10,structural,3,energy_heavy,,,450,2026090414,data/scale_ladder/instances/threshold_9_15_20260904/Practice_Custom_DutyUnion_k14_xenergy_20260904.csv,d86677d03423acb9b2a49f5d7a212bd8fa4ce4ca0fba9e92b4c2c55d8df04e15,"[""13301"",""13302"",""13303"",""13308"",""13313"",""13318"",""13401"",""13403"",""13404"",""13405"",""13406"",""13407"",""13410"",""13412""]",658a8acc74d79b2b77ff8fc0ad69e2e9ad121f6728a5b7677406d8e4ce088c90,14,True,f30f482a54523f7edbb46607592bc47fc72cfcf0ad6a980d47a888b6fce1f788,358,14,0.044348465643,8746.55693364,624.754066689,54,0.544026236,7.0,1286
k15_p1,15,1,probability,1,fixed_seed_probability_1,nested_probability_1,k14_p1,1,20260904001,data/scale_ladder/instances/threshold_9_15_20260904/Practice_Custom_DutyUnion_k15_p01_20260904.csv,00e65586e3f6732d476adb184af9ae1c55f8d160798fbb629e47ebcaf5906390,"[""13303"",""13310"",""13311"",""13312"",""13313"",""13318"",""13319"",""13324muw"",""13326"",""13402"",""13403"",""13404"",""13408"",""13409"",""13413""]",c694966729b5c64c06a9317c25d4061c843fa5e00b50d5c1dc992daf01116e11,15,True,496dbb6e5c73e3b7029badf10a6cdc8cb7a5c47f749237a3e2ced8b9c58f7e62,364,14,0.051509096964,8268.87993298,551.258662199,54,0.50993925,5.0,1274
k15_p2,15,2,probability,2,fixed_seed_probability_2,nested_probability_2,k14_p2,2,20260904002,data/scale_ladder/instances/threshold_9_15_20260904/Practice_Custom_DutyUnion_k15_p02_20260904.csv,79c73bc74bdba12d53a76b79c4a6408bda71d2e444a1a95508800da95f5d9188,"[""13302"",""13303"",""13307"",""13310"",""13311"",""13312"",""13319"",""13320"",""13321"",""13324t"",""13325"",""13404"",""13406"",""13411"",""13414""]",e6613b3a1fbc3ffbc141440fc5861aa1bde8051ddca1a698e724f6034fb7635a,15,True,8fc248493f72b38f2a651e4975ccbb68d4f444339c6afc370c812d83bbddfab0,385,15,0.059577922078,7660.54793508,510.703195672,54,0.553679484,3.0,1260
k15_p3,15,3,probability,3,fixed_seed_probability_3,nested_probability_3,k14_p3,3,20260904003,data/scale_ladder/instances/threshold_9_15_20260904/Practice_Custom_DutyUnion_k15_p03_20260904.csv,44d91ad2cd6604441b3ea36dfb77cda9f89901d14755ec30d502887f0efb3490,"[""13301"",""13304"",""13307"",""13309"",""13311"",""13316uwt"",""13318"",""13321"",""13323"",""13324t"",""13326"",""13403"",""13411"",""13413"",""13414""]",eee9479105dd1d15d1ee483687a464e63a7fc68bf53e64ecca5af348564fce76,15,True,4e953809a61a57e6b3d48c0ac4439a161aea6ef5588cc8668b794219da24e269,302,14,0.057226463664,6491.98995668,432.799330445,37,0.424125525,6.0,1257
k15_p4,15,4,probability,4,fixed_seed_probability_4,nested_probability_4,k14_p4,4,20260904004,data/scale_ladder/instances/threshold_9_15_20260904/Practice_Custom_DutyUnion_k15_p04_20260904.csv,16cd175ed25d1872a191a750b6586ef2fd395c587ad6323ff5895f4094d15fb2,"[""13306"",""13307"",""13308"",""13310"",""13311"",""13312"",""13313"",""13321"",""13322"",""13325"",""13401"",""13404"",""13406"",""13410"",""13414""]",e5578a3f9f2c60340d8728abecf2b1ccee60e4711ec7129518872050c4cbf11b,15,True,0fa4b4268a2b87f42b94db79b8d58c15a4403cc5d5b0e29d512212d22d16db93,357,15,0.056400088125,7713.15493468,514.210328979,46,0.45621301,4.0,1286
k15_p5,15,5,probability,5,fixed_seed_probability_5,nested_probability_5,k14_p5,5,20260904005,data/scale_ladder/instances/threshold_9_15_20260904/Practice_Custom_DutyUnion_k15_p05_20260904.csv,985760e3065f3ba1d7d62960ae77ff6d61e7d331eb3ebb6582cc774c4835e240,"[""13305"",""13312"",""13314"",""13316uwt"",""13317"",""13319"",""13320"",""13322"",""13402"",""13404"",""13407"",""13408"",""13410"",""13411"",""13413""]",a55d7dc4f7e26d34d1db56b7b90cc30f2bde1787dd0b099f96312c890e114988,15,True,ae472350d879a308217d1d4f3806fe15402800e11bf49e501dc76ed9a2f90aad,325,15,0.047502374169,7957.72394879,530.514929919,46,0.435468869,7.0,1283
k15_p6,15,6,probability,6,fixed_seed_probability_6,nested_probability_6,k14_p6,6,20260904006,data/scale_ladder/instances/threshold_9_15_20260904/Practice_Custom_DutyUnion_k15_p06_20260904.csv,7c28172dd2dc8b5fde8419b6600f8de3d0a587be7f538aa073cffe7696662c95,"[""13302"",""13303"",""13307"",""13308"",""13309"",""13310"",""13311"",""13312"",""13320"",""13322"",""13324t"",""13401"",""13407"",""13408"",""13409""]",3f0e30aaba0c51790ee92fcc1521e8eda3f5e37b4b57ad5665a33fbe9ee1e9f3,15,True,eb4f75d6cb6229c602c36219b14beabfbe619c12592cb9f505fb381319f640b0,373,15,0.062022543169,7433.34593793,495.556395862,54,0.549211922,3.0,1278
k15_xgap,15,7,structural,4,tight_gap,,,38,2026090415,data/scale_ladder/instances/threshold_9_15_20260904/Practice_Custom_DutyUnion_k15_xgap_20260904.csv,7d251c3c0fa616779994e8f21b9e9fa6891df4aa81d9d61f2fbede2a7a6ddbb1,"[""13302"",""13303"",""13304"",""13305"",""13308"",""13311"",""13312"",""13315"",""13320"",""13322"",""13324muw"",""13325"",""13326"",""13412"",""13414""]",df63c7d2ae4203abc440c550258661775f62a1d8f586d02083cf97be27ab3b93,15,True,1eb33019fa2593bce737b27f04fdf11d30ea99a3b9f42af7d245b6f1d9b5ac01,442,14,0.071505525287,7542.72994063,502.848662709,54,0.454441488,2.0,1260
k15_xlight,15,8,structural,1,trip_light,,,123,2026090415,data/scale_ladder/instances/threshold_9_15_20260904/Practice_Custom_DutyUnion_k15_xlight_20260904.csv,cfce843797fbd87515f03bf2b75ebf6d69f2f0b94b5b5a03dc1055693f452c46,"[""13307"",""13311"",""13314"",""13316m"",""13319"",""13320"",""13323"",""13326"",""13401"",""13405"",""13406"",""13407"",""13408"",""13413"",""13414""]",a9a02bbc98a77c18c198da31c7aeaf5eb244ea7cdcbe60a1b1b72549c2c16a9d,15,True,c5aca31f4f0e30694c9cae10bf4d46b52986b821119035b46f23be1fd4e1ac98,234,15,0.050438355159,6357.37995812,423.825330541,27,0.302303234,7.0,1277
k15_xenergy,15,9,structural,3,energy_heavy,,,374,2026090415,data/scale_ladder/instances/threshold_9_15_20260904/Practice_Custom_DutyUnion_k15_xenergy_20260904.csv,c8bd00b16f399e365fade40d9794198e7c63e645f2e603b0b2352dcf8ce9a548,"[""13301"",""13303"",""13306"",""13312"",""13313"",""13316m"",""13322"",""13325"",""13402"",""13403"",""13404"",""13407"",""13408"",""13410"",""13413""]",e64fbf905203cca1cca6db2c629eb20bc028ab7b6459a81b9f22ad6ca5fa4b8a,15,True,057cf79c2cb9a5c9f589e5193455953d140f22123c4b95023f9cb5cf0da7077d,400,15,0.049636591479,9067.18193382,604.478795588,54,0.487339717,5.0,1283
k15_xtrip,15,10,structural,2,trip_heavy,,,465,2026090415,data/scale_ladder/instances/threshold_9_15_20260904/Practice_Custom_DutyUnion_k15_xtrip_20260904.csv,4378582637c129b663f0ad7ea589cc0c925fc90441af6a4cdf5cfe0af511c9ae,"[""13301"",""13302"",""13303"",""13305"",""13306"",""13309"",""13312"",""13313"",""13317"",""13325"",""13402"",""13404"",""13406"",""13407"",""13411""]",e7381c1a420baf0e68d13121bec879bda6518553caba7beb7fb6a6df33273a15,15,True,c98ddca0b5f72dd12976e04295c34eb5b4fc8cf25dce867aa96944a3aeb99297,463,15,0.056043308743,9348.07292608,623.204861739,54,0.425030729,3.0,1275
