case_id,trip_count,station_count,route_count,soc_step,delayed_charging,tariff_shape,station_reachability_density,lp_agrees,integer_agrees,pricing_agrees,agreement,pricing_samples,pricing_max_absolute_error,cg_pool_columns,bnp_nodes,arc_variables,wall_s
random_0000,11,2,57,0.5,False,flat,0.25,True,True,True,True,32,5.820766091346741e-11,29,1,209,0.034600212005898356
random_0001,11,1,352,0.5,False,time_varying,0.6363636363636364,True,False,True,False,32,5.820766091346741e-11,57,3,464,0.07440496899653226
random_0002,13,2,376,1.0,True,flat,0.3076923076923077,True,False,True,False,32,1.1641532182693481e-10,104,12,1297,0.22192641800211277
random_0003,12,2,1224,2.0,False,flat,0.5833333333333334,True,True,True,True,32,7.275957614183426e-11,144,6,1439,0.33890139100549277
random_0004,13,1,227,1.0,False,flat,0.5,True,True,True,True,32,4.3655745685100555e-11,50,1,407,0.04514333100087242
random_0005,11,2,1141,2.0,False,flat,0.6363636363636364,True,True,True,True,32,7.275957614183426e-11,61,3,1012,0.1698765680048382
random_0006,14,2,4813,2.0,True,time_varying,0.625,True,True,True,True,32,1.1641532182693481e-10,37,1,3932,1.1047401949981577
random_0007,13,2,5397,2.0,True,time_varying,0.7884615384615384,True,False,True,False,32,5.820766091346741e-11,102,5,4388,1.1891573769971728
random_0008,8,2,121,1.0,False,flat,0.625,True,True,True,True,32,5.820766091346741e-11,27,1,486,0.05112462100078119
random_0009,13,2,8191,1.0,True,flat,0.8653846153846154,True,True,True,True,32,5.093170329928398e-11,31,1,6310,1.7745492959948024
random_0010,13,1,423,1.0,True,flat,0.5384615384615384,True,True,True,True,32,5.820766091346741e-11,42,1,1202,0.1088281510019442
random_0011,11,2,1057,1.0,True,time_varying,0.75,True,True,True,True,32,5.820766091346741e-11,49,1,2685,0.2913916550023714
random_0012,11,2,1293,1.0,True,time_varying,0.6363636363636364,True,True,True,True,32,1.7462298274040222e-10,82,4,3043,0.6818827250026516
random_0013,8,1,145,2.0,False,flat,0.5,True,True,True,True,32,5.820766091346741e-11,35,4,335,0.06794177000119817
random_0014,14,1,982,0.5,False,flat,0.35714285714285715,True,True,True,True,32,5.820766091346741e-11,150,5,471,0.1982592489948729
random_0015,11,1,903,0.5,False,time_varying,0.7272727272727273,True,True,True,True,32,1.1641532182693481e-10,83,5,688,0.16489961699699052
random_0016,11,2,470,0.5,True,time_varying,0.4090909090909091,True,True,True,True,32,5.820766091346741e-11,82,5,2003,0.5373459209949942
random_0017,11,2,1067,1.0,True,time_varying,0.6136363636363636,True,True,True,True,32,1.7462298274040222e-10,110,4,3089,0.597793125998578
random_0018,13,1,1133,0.5,False,flat,0.6923076923076923,True,True,True,True,32,1.1641532182693481e-10,106,1,391,0.09814238199760439
random_0019,13,2,1079,1.0,True,time_varying,0.4807692307692308,True,False,True,False,32,1.1641532182693481e-10,125,2,2216,0.44100382900069235
random_0020,9,1,29,0.5,False,flat,0.2222222222222222,True,True,True,True,32,2.9103830456733704e-11,24,2,119,0.029749989000265487
random_0021,11,2,1120,0.5,True,time_varying,0.7727272727272727,True,True,True,True,32,5.820766091346741e-11,64,3,3028,0.4120742729937774
random_0022,11,2,1709,2.0,True,flat,0.8181818181818182,True,True,True,True,32,1.7462298274040222e-10,86,3,3164,0.5726840860006632
random_0023,12,1,1035,0.5,True,flat,0.75,True,True,True,True,32,1.7462298274040222e-10,109,1,1496,0.23927804399863817
random_0024,14,1,10619,0.5,True,flat,0.8928571428571429,True,False,True,False,32,3.4924596548080444e-10,198,7,3490,1.6903560599967022
random_0025,11,1,1023,1.0,True,flat,0.9545454545454546,True,False,True,False,32,5.820766091346741e-11,113,5,1737,0.40304314200329827
random_0026,8,1,116,1.0,False,time_varying,0.5,True,True,True,True,32,5.820766091346741e-11,51,4,274,0.061218709000968374
random_0027,12,1,476,0.5,False,flat,0.3333333333333333,True,True,True,True,32,5.820766091346741e-11,67,1,385,0.07513004499924136
random_0028,14,1,598,0.5,False,flat,0.42857142857142855,True,True,True,True,32,1.1641532182693481e-10,70,1,461,0.07509737399959704
random_0029,11,2,203,2.0,True,time_varying,0.29545454545454547,True,True,True,True,32,5.820766091346741e-11,63,1,1754,0.21022763600194594
random_0030,12,2,908,1.0,True,flat,0.7083333333333334,True,True,True,True,32,1.1641532182693481e-10,50,2,2346,0.2957266540033743
random_0031,9,1,219,1.0,False,flat,0.7222222222222222,True,False,True,False,32,5.820766091346741e-11,65,4,408,0.07872759100428084
random_0032,12,1,769,1.0,True,flat,0.625,True,True,True,True,32,1.1641532182693481e-10,84,1,1732,0.24460964900208637
random_0033,12,1,774,0.5,True,time_varying,0.6666666666666666,True,True,True,True,32,1.1641532182693481e-10,103,9,1860,0.43789224499778356
random_0034,9,2,129,2.0,False,time_varying,0.6388888888888888,True,True,True,True,32,5.820766091346741e-11,30,2,630,0.057555204002710525
random_0035,9,1,69,1.0,False,flat,0.5555555555555556,True,True,True,True,32,2.9103830456733704e-11,21,1,164,0.024495459998433944
random_0036,13,1,2185,1.0,True,time_varying,0.8461538461538461,True,True,True,True,32,1.1641532182693481e-10,99,5,2273,0.4882632719964022
random_0037,13,1,758,2.0,True,flat,0.6153846153846154,True,True,True,True,32,1.1641532182693481e-10,119,21,1728,1.1956344860009267
random_0038,8,1,86,0.5,True,flat,0.625,True,True,True,True,32,1.1641532182693481e-10,31,6,867,0.16492230899893912
random_0039,12,1,1173,2.0,False,flat,0.75,True,True,True,True,32,1.1641532182693481e-10,158,4,871,0.2563009259974933
random_0040,8,1,77,0.5,True,flat,0.4375,True,True,True,True,32,5.820766091346741e-11,43,6,638,0.08511301899852697
random_0041,9,1,114,2.0,False,time_varying,0.3888888888888889,True,True,True,True,32,2.1827872842550278e-11,61,4,324,0.06512580900016474
random_0042,9,2,506,0.5,False,time_varying,0.6944444444444444,True,True,True,True,32,5.820766091346741e-11,29,1,975,0.099141843005782
random_0043,8,2,212,1.0,False,flat,0.65625,True,True,True,True,32,5.820766091346741e-11,62,3,595,0.09998404500220204
random_0044,11,2,785,0.5,False,time_varying,0.5909090909090909,True,True,True,True,32,5.820766091346741e-11,78,1,406,0.08087789500132203
random_0045,10,2,259,0.5,True,flat,0.7,True,True,True,True,32,5.820766091346741e-11,47,3,1586,0.14401996599917766
random_0046,10,2,128,0.5,False,time_varying,0.4,True,True,True,True,32,2.9103830456733704e-11,45,4,231,0.05677641099464381
random_0047,14,1,1653,1.0,True,time_varying,0.6071428571428571,True,True,True,True,32,5.820766091346741e-11,138,5,2859,0.62238335100119
random_0048,14,2,11125,1.0,True,flat,0.8928571428571429,True,False,True,False,32,1.1641532182693481e-10,230,6,5201,2.2944938970031217
random_0049,10,1,455,1.0,False,flat,0.8,True,True,True,True,32,4.3655745685100555e-11,85,3,501,0.10666576999938115
random_0050,11,2,1387,1.0,True,flat,0.6136363636363636,True,True,True,True,32,5.820766091346741e-11,72,3,3372,0.6573672710001119
random_0051,10,2,613,1.0,True,flat,0.525,True,True,True,True,32,1.1641532182693481e-10,80,3,2318,0.39951899100560695
random_0052,8,1,16,0.5,True,flat,0.4375,True,True,True,True,32,2.1827872842550278e-11,14,2,319,0.03082256199559197
random_0053,9,1,74,0.5,False,time_varying,0.5,True,True,True,True,32,5.820766091346741e-11,39,1,206,0.031598432004102506
random_0054,13,1,1233,2.0,True,time_varying,0.5,True,True,True,True,32,1.7462298274040222e-10,119,11,1720,0.3806393720005872
random_0055,11,2,492,1.0,True,time_varying,0.5,True,True,True,True,32,1.1641532182693481e-10,86,1,2593,0.31936181699711597
random_0056,12,1,1389,2.0,True,flat,0.5833333333333334,True,True,True,True,32,5.820766091346741e-11,139,8,1810,0.44326924600318307
random_0057,11,1,548,0.5,True,time_varying,0.7272727272727273,True,True,True,True,32,5.820766091346741e-11,85,1,1500,0.17616562300099758
random_0058,11,2,952,1.0,False,flat,0.7272727272727273,True,True,True,True,32,5.820766091346741e-11,86,2,840,0.15360145999875385
random_0059,11,1,435,1.0,False,time_varying,0.5,True,True,True,True,32,5.820766091346741e-11,83,2,419,0.07951950599817792
random_0060,10,1,174,1.0,False,flat,0.65,True,True,True,True,32,5.820766091346741e-11,76,7,464,0.12622880099661415
random_0061,14,2,6600,1.0,True,flat,0.5892857142857143,True,True,True,True,32,1.1641532182693481e-10,279,7,4701,1.6699534419967677
random_0062,8,2,17,0.5,True,time_varying,0.25,True,True,True,True,32,1.4551915228366852e-11,15,1,244,0.02650435500254389
random_0063,13,1,74,1.0,True,flat,0.38461538461538464,True,True,True,True,32,5.820766091346741e-11,35,1,850,0.05127406900282949
random_0064,12,1,256,2.0,False,time_varying,0.375,True,True,True,True,32,1.1641532182693481e-10,65,1,467,0.052946927993616555
random_0065,12,1,480,1.0,True,flat,0.7083333333333334,True,True,True,True,32,1.1641532182693481e-10,40,1,1535,0.16776670100080082
random_0066,10,1,536,0.5,False,time_varying,0.65,True,True,True,True,32,5.820766091346741e-11,102,3,635,0.15124345399817685
random_0067,12,1,845,0.5,False,time_varying,0.4166666666666667,True,True,True,True,32,1.1641532182693481e-10,137,2,725,0.17328852399805328
random_0068,10,2,317,0.5,True,time_varying,0.35,True,True,True,True,32,1.1641532182693481e-10,77,4,1666,0.17212521599867614
random_0069,11,1,411,2.0,False,time_varying,0.4090909090909091,True,True,True,True,32,1.1641532182693481e-10,72,4,405,0.07989088899921626
random_0070,13,2,3375,2.0,True,time_varying,0.6153846153846154,True,False,True,False,32,1.1641532182693481e-10,222,5,4943,1.4729736449953634
random_0071,14,1,244,2.0,False,flat,0.17857142857142858,True,True,True,True,32,1.1641532182693481e-10,76,2,340,0.07088945699797478
random_0072,14,2,1833,2.0,True,time_varying,0.375,True,False,True,False,32,1.1641532182693481e-10,147,4,3500,0.7498102149984334
random_0073,13,1,874,0.5,True,flat,0.6538461538461539,True,True,True,True,32,5.820766091346741e-11,73,1,1402,0.19731214999774238
random_0074,12,1,317,0.5,True,flat,0.5833333333333334,True,True,True,True,32,4.3655745685100555e-11,81,1,993,0.11298789799911901
random_0075,12,1,2247,2.0,True,flat,0.7083333333333334,True,False,True,False,32,1.1641532182693481e-10,148,6,2721,0.6178780480040587
random_0076,9,2,135,2.0,True,time_varying,0.5555555555555556,True,True,True,True,32,5.820766091346741e-11,32,3,1071,0.10866964500019094
random_0077,13,2,1714,2.0,True,time_varying,0.6346153846153846,True,True,True,True,32,5.820766091346741e-11,36,1,3560,0.6547218749983585
random_0078,14,2,688,2.0,True,flat,0.5178571428571429,True,True,True,True,32,5.820766091346741e-11,87,3,2145,0.3658143740030937
random_0079,14,2,347,1.0,False,flat,0.39285714285714285,True,True,True,True,32,5.820766091346741e-11,98,3,651,0.10731723700155271
random_0080,9,1,104,0.5,True,flat,0.5,True,True,True,True,32,5.820766091346741e-11,43,3,847,0.08906391399796121
random_0081,10,1,121,0.5,True,flat,0.65,True,True,True,True,32,5.820766091346741e-11,48,1,611,0.06625079199875472
random_0082,11,1,150,1.0,False,flat,0.5,True,True,True,True,32,2.546585164964199e-11,56,1,380,0.0614115110001876
random_0083,8,1,131,0.5,False,time_varying,0.75,True,True,True,True,32,2.9103830456733704e-11,37,1,320,0.03304665900213877
random_0084,9,1,106,1.0,False,flat,0.6111111111111112,True,True,True,True,32,1.7462298274040222e-10,48,3,271,0.05098179599735886
random_0085,8,2,25,0.5,False,time_varying,0.4375,True,True,True,True,32,5.820766091346741e-11,19,1,136,0.02534998299961444
random_0086,8,2,157,0.5,True,flat,0.625,True,True,True,True,32,4.001776687800884e-11,51,4,1229,0.150640226995165
random_0087,14,1,360,0.5,True,time_varying,0.39285714285714285,True,True,True,True,32,5.820766091346741e-11,66,1,1828,0.27569631899677915
random_0088,10,1,135,2.0,False,flat,0.55,True,True,True,True,32,5.820766091346741e-11,31,1,278,0.03491447799751768
random_0089,10,1,295,0.5,False,time_varying,0.6,True,True,True,True,32,5.820766091346741e-11,68,2,412,0.06401867500244407
random_0090,9,2,179,2.0,True,flat,0.4444444444444444,True,True,True,True,32,1.1641532182693481e-10,70,4,1603,0.15470443700178294
random_0091,9,1,182,2.0,False,flat,0.5555555555555556,True,True,True,True,32,5.820766091346741e-11,63,6,335,0.09202265299973078
random_0092,12,2,47,1.0,True,flat,0.2916666666666667,True,True,True,True,32,2.9103830456733704e-11,35,1,924,0.05784353999479208
random_0093,12,1,624,0.5,False,flat,0.4583333333333333,True,True,True,True,32,5.820766091346741e-11,94,1,431,0.11965117399813607
random_0094,10,2,780,2.0,False,flat,0.725,True,True,True,True,32,8.003553375601768e-11,129,7,1106,0.23490094499720726
random_0095,10,1,94,0.5,False,flat,0.45,True,True,True,True,32,6.184563972055912e-11,48,1,339,0.05256847599957837
random_0096,12,1,286,2.0,True,time_varying,0.4583333333333333,True,True,True,True,32,5.820766091346741e-11,80,2,1053,0.112943432002794
random_0097,12,1,728,1.0,True,time_varying,0.4583333333333333,True,True,True,True,32,2.9103830456733704e-11,111,6,1354,0.2903268299996853
random_0098,8,2,101,1.0,True,time_varying,0.40625,True,True,True,True,32,5.820766091346741e-11,38,1,933,0.08986108499811962
random_0099,12,1,595,1.0,True,time_varying,0.6666666666666666,True,True,True,True,32,1.7462298274040222e-10,62,2,1566,0.2595399060010095
random_0100,11,1,645,0.5,True,time_varying,0.6818181818181818,True,True,True,True,32,5.820766091346741e-11,100,3,1422,0.35807566400035284
random_0101,9,2,511,1.0,False,flat,0.8888888888888888,True,True,True,True,32,2.9103830456733704e-11,20,1,933,0.07371534100093413
random_0102,11,1,309,2.0,False,flat,0.6363636363636364,True,True,True,True,32,2.9103830456733704e-11,66,1,379,0.05382233999989694
random_0103,10,1,1023,0.5,True,flat,1.0,True,True,True,True,32,3.4924596548080444e-10,27,1,2140,0.33435674399515847
random_0104,8,2,169,2.0,True,time_varying,0.6875,True,True,True,True,32,2.9103830456733704e-11,42,4,1746,0.29283520400349516
random_0105,12,1,699,2.0,False,time_varying,0.5833333333333334,True,True,True,True,32,5.820766091346741e-11,102,7,680,0.1416159360014717
random_0106,14,2,15842,2.0,True,time_varying,0.7857142857142857,True,True,True,True,32,1.1641532182693481e-10,43,1,6411,3.2727084120051586
random_0107,13,1,206,0.5,True,time_varying,0.2692307692307692,True,True,True,True,32,5.820766091346741e-11,78,6,1343,0.14271643399843015
random_0108,11,1,496,1.0,False,time_varying,0.5909090909090909,True,True,True,True,32,5.820766091346741e-11,50,1,411,0.06367256100202212
random_0109,13,1,765,1.0,True,flat,0.6538461538461539,True,True,True,True,32,5.820766091346741e-11,86,7,1511,0.28571470099996077
random_0110,11,2,1250,1.0,True,time_varying,0.5681818181818182,True,True,True,True,32,5.820766091346741e-11,129,6,2296,0.7146394890005467
random_0111,14,2,5756,0.5,True,time_varying,0.6785714285714286,True,True,True,True,32,1.1641532182693481e-10,305,5,5165,1.7230730859955656
random_0112,12,2,84,0.5,False,flat,0.3333333333333333,True,True,True,True,32,5.820766091346741e-11,43,1,213,0.03422882399900118
random_0113,13,1,4551,2.0,True,time_varying,0.8076923076923077,True,True,True,True,32,5.820766091346741e-11,96,2,3093,0.71070828899974
random_0114,12,2,793,0.5,False,time_varying,0.3958333333333333,True,True,True,True,32,5.820766091346741e-11,110,2,583,0.1639136099984171
random_0115,11,1,160,0.5,False,flat,0.6363636363636364,True,True,True,True,32,8.731149137020111e-11,42,1,416,0.04342977800115477
random_0116,12,2,2921,2.0,False,time_varying,0.7083333333333334,True,True,True,True,32,5.820766091346741e-11,185,5,1679,0.45683123499475187
random_0117,13,1,6411,0.5,True,time_varying,0.9230769230769231,True,False,True,False,32,5.820766091346741e-11,265,4,3183,0.9997383380032261
random_0118,8,2,105,2.0,True,time_varying,0.84375,True,True,True,True,32,5.820766091346741e-11,31,1,1124,0.1381143959952169
random_0119,10,1,226,1.0,False,flat,0.65,True,True,True,True,32,5.820766091346741e-11,45,1,281,0.03878550699300831
random_0120,9,1,28,1.0,False,flat,0.3333333333333333,True,True,True,True,32,2.9103830456733704e-11,25,1,64,0.02604131100088125
random_0121,8,1,62,2.0,False,time_varying,0.3125,True,True,True,True,32,2.9103830456733704e-11,26,1,115,0.023167530001956038
random_0122,14,2,2030,1.0,False,flat,0.44642857142857145,True,True,True,True,32,5.820766091346741e-11,185,1,869,0.21833606600557687
random_0123,11,1,71,0.5,True,flat,0.22727272727272727,True,True,True,True,32,5.820766091346741e-11,23,1,444,0.03577697300352156
random_0124,8,1,183,2.0,False,time_varying,0.8125,True,True,True,True,32,2.9103830456733704e-11,62,4,652,0.11824949600122636
random_0125,13,1,4961,2.0,False,flat,0.6538461538461539,True,True,True,True,32,2.3283064365386963e-10,200,8,1006,0.6144680209981743
random_0126,13,2,971,1.0,True,time_varying,0.5384615384615384,True,False,True,False,32,5.820766091346741e-11,137,1,3066,0.6508039300024393
random_0127,12,2,743,1.0,False,time_varying,0.4791666666666667,True,True,True,True,32,1.1641532182693481e-10,73,3,1202,0.16159366299689282
random_0128,12,2,2015,2.0,True,flat,0.6041666666666666,True,True,True,True,32,2.3283064365386963e-10,148,4,4518,0.9951902850007173
random_0129,11,1,153,0.5,True,time_varying,0.3181818181818182,True,True,True,True,32,2.9103830456733704e-11,57,6,928,0.11652103200322017
random_0130,10,1,203,0.5,True,flat,0.6,True,True,True,True,32,1.1641532182693481e-10,54,8,1192,0.1638091019995045
random_0131,8,2,207,0.5,True,flat,0.6875,True,True,True,True,32,5.820766091346741e-11,25,1,1444,0.23955933599791024
random_0132,8,1,200,0.5,True,flat,0.5625,True,True,True,True,32,5.820766091346741e-11,51,4,1036,0.2159220510002342
random_0133,12,1,515,1.0,False,flat,0.375,True,True,True,True,32,5.820766091346741e-11,86,3,589,0.12246183700335678
random_0134,13,1,260,2.0,True,flat,0.4230769230769231,True,True,True,True,32,1.1641532182693481e-10,64,2,1114,0.10465391800244106
random_0135,10,1,280,1.0,False,flat,0.6,True,False,True,False,32,1.1641532182693481e-10,71,4,396,0.07921617700048955
random_0136,10,1,370,0.5,True,time_varying,0.8,True,True,True,True,32,5.820766091346741e-11,60,1,1216,0.13693253599922173
random_0137,11,2,47,0.5,False,time_varying,0.4318181818181818,True,True,True,True,32,2.9103830456733704e-11,23,1,173,0.025220337003702298
random_0138,10,1,138,2.0,False,flat,0.7,True,True,True,True,32,7.639755494892597e-11,26,1,412,0.03584400299587287
random_0139,9,2,246,1.0,False,time_varying,0.7777777777777778,True,True,True,True,32,5.820766091346741e-11,50,2,744,0.08135031299752882
random_0140,10,2,982,2.0,True,flat,0.775,True,True,True,True,32,5.820766091346741e-11,29,1,3434,0.6196817960008048
random_0141,8,2,231,1.0,False,time_varying,0.84375,True,True,True,True,32,5.820766091346741e-11,63,3,822,0.1092881370059331
random_0142,12,2,373,2.0,True,time_varying,0.5833333333333334,True,True,True,True,32,8.731149137020111e-11,49,1,1874,0.18960525500006042
random_0143,10,2,177,1.0,True,time_varying,0.425,True,True,True,True,32,5.820766091346741e-11,36,3,1112,0.10551693299930776
random_0144,14,2,2299,1.0,True,flat,0.32142857142857145,True,True,True,True,32,5.820766091346741e-11,215,1,2484,0.8620649959993898
random_0145,14,1,356,1.0,True,time_varying,0.32142857142857145,True,True,True,True,32,5.820766091346741e-11,91,7,778,0.1679811880021589
random_0146,8,1,45,1.0,True,time_varying,0.5625,True,True,True,True,32,2.4016344468691386e-11,20,1,382,0.030863672000123188
random_0147,10,2,472,2.0,True,flat,0.475,True,True,True,True,32,5.820766091346741e-11,77,4,1971,0.4318759309971938
random_0148,12,2,2376,2.0,False,flat,0.6875,True,True,True,True,32,1.1641532182693481e-10,180,3,1184,0.38499150300049223
random_0149,8,2,51,2.0,False,flat,0.40625,True,True,True,True,32,2.9103830456733704e-11,22,1,226,0.05043645299883792
random_0150,12,2,428,2.0,False,time_varying,0.375,True,True,True,True,32,5.820766091346741e-11,68,4,739,0.11001407000003383
random_0151,10,1,41,1.0,True,time_varying,0.15,True,True,True,True,32,2.9103830456733704e-11,29,1,253,0.0336843589975615
random_0152,8,1,158,0.5,True,flat,0.625,True,True,True,True,32,5.820766091346741e-11,55,3,1017,0.1814978449983755
random_0153,9,1,271,0.5,False,time_varying,0.7777777777777778,True,True,True,True,32,5.820766091346741e-11,30,1,419,0.047494831997028086
random_0154,12,2,3342,0.5,False,flat,0.7708333333333334,True,True,True,True,32,1.7462298274040222e-10,202,4,2846,0.6960284050001064
random_0155,9,2,371,0.5,True,flat,0.75,True,True,True,True,32,1.1641532182693481e-10,97,6,1952,0.38969079900562065
random_0156,11,1,757,2.0,False,time_varying,0.9545454545454546,True,True,True,True,32,1.1641532182693481e-10,67,1,524,0.10817031599435722
random_0157,11,2,1860,0.5,False,flat,0.7727272727272727,True,True,True,True,32,5.820766091346741e-11,27,1,1564,0.231266824004706
random_0158,9,1,134,1.0,True,time_varying,0.6111111111111112,True,True,True,True,32,1.1641532182693481e-10,42,1,1248,0.09759057399787707
random_0159,9,2,511,2.0,True,flat,0.8888888888888888,True,True,True,True,32,5.820766091346741e-11,29,1,3551,0.5788696599993273
random_0160,14,1,333,1.0,False,time_varying,0.35714285714285715,True,True,True,True,32,5.820766091346741e-11,60,1,367,0.0513946049977676
random_0161,8,1,56,1.0,True,flat,0.5625,True,True,True,True,32,2.9103830456733704e-11,33,1,538,0.045182533001934644
random_0162,13,1,1526,1.0,True,time_varying,0.5,True,True,True,True,32,5.820766091346741e-11,93,5,1623,0.38428930900408886
random_0163,10,1,289,1.0,False,time_varying,0.8,True,True,True,True,32,5.820766091346741e-11,37,1,286,0.03922941500059096
random_0164,14,1,1781,1.0,True,time_varying,0.5714285714285714,True,True,True,True,32,1.1641532182693481e-10,114,6,2386,0.6835710429950268
random_0165,12,2,2296,1.0,True,flat,0.75,True,True,True,True,32,1.1641532182693481e-10,177,5,4162,1.0467191909992835
random_0166,13,1,1101,0.5,False,flat,0.5384615384615384,True,True,True,True,32,2.9103830456733704e-10,164,1,938,0.1632681710034376
random_0167,11,1,115,2.0,False,time_varying,0.36363636363636365,True,True,True,True,32,1.1641532182693481e-10,55,1,296,0.04464788000041153
random_0168,13,2,1092,1.0,True,flat,0.4423076923076923,True,True,True,True,32,5.820766091346741e-11,148,4,3067,0.6637786110004527
random_0169,8,2,187,2.0,True,time_varying,0.84375,True,True,True,True,32,1.1641532182693481e-10,55,4,1376,0.21126195400574943
random_0170,9,1,61,2.0,False,flat,0.2777777777777778,True,True,True,True,32,2.9103830456733704e-11,38,2,163,0.049850044000777416
random_0171,9,1,162,2.0,True,time_varying,0.5,True,True,True,True,32,5.820766091346741e-11,29,1,813,0.09239042099943617
random_0172,12,2,584,1.0,True,time_varying,0.6041666666666666,True,True,True,True,32,5.820766091346741e-11,104,1,2797,0.40838033500040183
random_0173,8,1,74,2.0,True,time_varying,0.375,True,True,True,True,32,2.546585164964199e-11,29,1,523,0.0463297890019021
random_0174,14,1,2695,0.5,True,flat,0.5357142857142857,True,True,True,True,32,1.1641532182693481e-10,167,16,2255,1.0211965779963066
random_0175,13,2,1732,2.0,True,flat,0.7115384615384616,True,False,True,False,32,2.3283064365386963e-10,193,1,3105,0.5536408620027942
random_0176,14,2,671,2.0,False,flat,0.3392857142857143,True,True,True,True,32,2.9103830456733704e-10,112,7,1108,0.21053376000054413
random_0177,9,1,74,1.0,False,flat,0.5555555555555556,True,True,True,True,32,2.9103830456733704e-11,39,2,207,0.04069589699793141
random_0178,8,1,22,0.5,False,time_varying,0.5,True,True,True,True,32,2.9103830456733704e-11,14,1,119,0.021209037004155107
random_0179,11,1,668,1.0,False,time_varying,0.5909090909090909,True,True,True,True,32,5.820766091346741e-11,93,3,676,0.11379954899894074
random_0180,11,1,89,1.0,True,flat,0.36363636363636365,True,True,True,True,32,3.126388037344441e-11,43,3,447,0.05497534800088033
random_0181,13,1,1014,2.0,False,flat,0.6923076923076923,True,True,True,True,32,5.820766091346741e-11,61,1,364,0.08135021299676737
random_0182,13,1,534,0.5,True,flat,0.38461538461538464,True,True,True,True,32,8.731149137020111e-11,122,5,1278,0.21981673799746204
random_0183,11,1,183,2.0,True,time_varying,0.45454545454545453,True,True,True,True,32,5.820766091346741e-11,36,1,1063,0.08607515200128546
random_0184,8,2,139,1.0,False,time_varying,0.59375,True,True,True,True,32,2.9103830456733704e-11,26,1,439,0.043736274004913867
random_0185,12,2,789,0.5,True,time_varying,0.7083333333333334,True,False,True,False,32,2.9103830456733704e-11,85,1,2538,0.2924492700039991
random_0186,12,2,238,2.0,False,flat,0.4375,True,True,True,True,32,5.820766091346741e-11,46,1,252,0.04412441200111061
random_0187,11,2,287,1.0,False,time_varying,0.4772727272727273,True,True,True,True,32,2.9103830456733704e-11,62,6,716,0.11247038099827478
random_0188,11,1,42,2.0,False,flat,0.6363636363636364,True,True,True,True,32,5.820766091346741e-11,30,2,149,0.04009786099777557
random_0189,14,1,5859,0.5,False,time_varying,0.75,True,False,True,False,32,1.7462298274040222e-10,134,1,1552,0.6224921989996801
random_0190,8,2,241,0.5,False,time_varying,0.875,True,True,True,True,32,2.9103830456733704e-11,23,1,460,0.04440353099926142
random_0191,10,2,568,0.5,False,flat,0.625,True,True,True,True,32,2.9103830456733704e-11,111,6,708,0.17005552900081966
random_0192,12,1,736,1.0,False,time_varying,0.5,True,True,True,True,32,5.820766091346741e-11,119,8,479,0.16790836000291165
random_0193,10,2,575,0.5,False,flat,0.825,True,True,True,True,32,1.1641532182693481e-10,41,1,814,0.10535064100258751
random_0194,12,2,939,1.0,True,flat,0.4583333333333333,True,False,True,False,32,5.820766091346741e-11,108,3,2295,0.44526180600223597
random_0195,11,2,525,1.0,True,flat,0.6363636363636364,True,True,True,True,32,1.1641532182693481e-10,45,1,1420,0.14789525199739728
random_0196,13,2,1322,2.0,False,flat,0.5192307692307693,True,True,True,True,32,1.1641532182693481e-10,127,6,793,0.21020938199944794
random_0197,11,2,1323,1.0,True,flat,0.7954545454545454,True,True,True,True,32,1.1641532182693481e-10,133,4,3398,0.5571780690006563
random_0198,13,1,2625,1.0,False,flat,0.6923076923076923,True,False,True,False,32,1.1641532182693481e-10,184,6,1126,0.44263386700185947
random_0199,12,2,810,1.0,False,flat,0.625,True,True,True,True,32,5.820766091346741e-11,90,3,617,0.13595387500390643
random_0200,13,1,392,0.5,True,flat,0.6923076923076923,True,False,True,False,32,1.1641532182693481e-10,58,2,1646,0.20357541499834042
random_0201,12,2,3262,2.0,True,time_varying,0.8125,True,True,True,True,32,1.7462298274040222e-10,114,2,4898,0.9944974909958546
random_0202,9,1,30,0.5,False,time_varying,0.2777777777777778,True,True,True,True,32,1.8189894035458565e-11,21,1,86,0.021076952005387284
random_0203,8,2,151,0.5,True,time_varying,0.59375,True,True,True,True,32,5.820766091346741e-11,23,1,791,0.07756838099885499
random_0204,14,1,3708,2.0,False,time_varying,0.7857142857142857,True,True,True,True,32,5.820766091346741e-11,57,3,1510,0.4977800830019987
random_0205,11,2,351,1.0,True,flat,0.29545454545454547,True,True,True,True,32,5.820766091346741e-11,81,7,1304,0.23436576400126796
random_0206,9,2,210,2.0,False,time_varying,0.6388888888888888,True,False,True,False,32,5.820766091346741e-11,61,3,621,0.08302619899768615
random_0207,10,2,81,0.5,True,time_varying,0.4,True,True,True,True,32,2.9103830456733704e-11,32,1,1013,0.0842036050016759
random_0208,12,1,432,2.0,False,time_varying,0.5,True,True,True,True,32,5.820766091346741e-11,80,8,401,0.13231246599752922
random_0209,8,1,131,2.0,True,flat,0.75,True,True,True,True,32,8.731149137020111e-11,41,3,1093,0.14665468799648806
random_0210,14,1,635,0.5,True,time_varying,0.5357142857142857,True,True,True,True,32,1.1641532182693481e-10,78,2,2069,0.2902427560038632
random_0211,12,1,69,2.0,False,time_varying,0.375,True,True,True,True,32,5.820766091346741e-11,46,1,163,0.03402654599631205
random_0212,10,1,736,0.5,True,time_varying,0.85,True,True,True,True,32,1.7462298274040222e-10,132,4,2154,0.5603172310002265
random_0213,14,1,467,0.5,False,time_varying,0.5714285714285714,True,True,True,True,32,1.1641532182693481e-10,55,4,395,0.07818779299850576
random_0214,9,1,78,2.0,False,time_varying,0.3333333333333333,True,True,True,True,32,2.9103830456733704e-11,46,1,218,0.039897158996609505
random_0215,13,1,369,0.5,False,flat,0.6923076923076923,True,False,True,False,32,5.820766091346741e-11,81,2,374,0.09488599200267345
random_0216,9,1,93,1.0,True,time_varying,0.3888888888888889,True,True,True,True,32,2.9103830456733704e-11,31,1,601,0.04330639499676181
random_0217,13,1,2763,2.0,False,time_varying,0.8076923076923077,True,False,True,False,32,1.1641532182693481e-10,118,2,720,0.24008158699871274
random_0218,11,2,1591,0.5,True,flat,0.8409090909090909,True,True,True,True,32,1.7462298274040222e-10,89,5,3586,0.6349338970030658
random_0219,9,1,114,2.0,True,flat,0.6111111111111112,True,True,True,True,32,1.1641532182693481e-10,29,3,520,0.07210379299795022
random_0220,9,1,101,1.0,False,time_varying,0.5,True,True,True,True,32,5.820766091346741e-11,50,4,336,0.0601547379992553
random_0221,10,2,536,1.0,True,time_varying,0.7,True,True,True,True,32,5.820766091346741e-11,45,1,2060,0.2949796460015932
random_0222,11,1,180,1.0,False,flat,0.45454545454545453,True,True,True,True,32,5.820766091346741e-11,33,1,212,0.03010748900123872
random_0223,10,2,571,1.0,False,time_varying,0.775,True,True,True,True,32,1.1641532182693481e-10,93,3,1401,0.20536254600301618
random_0224,8,1,92,0.5,True,time_varying,0.625,True,True,True,True,32,5.820766091346741e-11,32,1,519,0.041158031999657396
random_0225,8,1,119,2.0,False,flat,0.875,True,True,True,True,32,5.820766091346741e-11,26,2,261,0.035597534995758906
random_0226,13,1,895,1.0,False,time_varying,0.46153846153846156,True,True,True,True,32,1.1641532182693481e-10,101,5,620,0.14467252600297797
random_0227,14,1,1591,0.5,True,time_varying,0.4642857142857143,True,True,True,True,32,5.820766091346741e-11,91,1,2255,0.4460324199972092
random_0228,8,1,230,1.0,False,flat,0.6875,True,True,True,True,32,5.820766091346741e-11,60,5,369,0.09616835500492016
random_0229,12,1,507,1.0,False,flat,0.5833333333333334,True,True,True,True,32,5.820766091346741e-11,92,3,665,0.11735643000429263
random_0230,8,2,29,1.0,False,flat,0.53125,True,True,True,True,32,5.820766091346741e-11,21,1,248,0.026662761003535707
random_0231,9,1,31,0.5,False,time_varying,0.6111111111111112,True,True,True,True,32,2.546585164964199e-11,25,1,114,0.027598781998676714
random_0232,8,2,242,1.0,False,time_varying,0.71875,True,True,True,True,32,5.820766091346741e-11,60,4,623,0.10300011900108075
random_0233,11,1,694,2.0,True,time_varying,0.45454545454545453,True,True,True,True,32,5.820766091346741e-11,117,5,1484,0.4486332699962077
random_0234,8,1,60,1.0,False,flat,0.5625,True,True,True,True,32,1.1641532182693481e-10,28,1,212,0.036120479002420325
random_0235,8,1,94,2.0,True,time_varying,0.75,True,True,True,True,32,5.820766091346741e-11,30,2,686,0.07163178399787284
random_0236,14,1,276,2.0,False,time_varying,0.35714285714285715,True,True,True,True,32,1.1641532182693481e-10,86,3,311,0.08307584899739595
random_0237,12,1,2261,0.5,False,time_varying,0.9166666666666666,True,False,True,False,32,1.1641532182693481e-10,143,5,1075,0.3377500400019926
random_0238,9,2,55,1.0,False,time_varying,0.3055555555555556,True,True,True,True,32,2.9103830456733704e-11,25,1,222,0.030934168004023377
random_0239,8,1,33,2.0,False,time_varying,0.3125,True,True,True,True,32,2.9103830456733704e-11,27,3,141,0.03991496899834601
