duty,trip_count,tariff,terminal_policy,event_cap_N,matched_feasible,infeasible_under_cap,uncapped_arrival_feasible,uncapped_arrival_reason,uncapped_arrival_charging_cost,uncapped_arrival_charge_events,uncapped_arrival_charge_starts,uncapped_arrival_peak_kW,uncapped_arrival_charger_concurrency_max,uncapped_arrival_total_kwh,uncapped_arrival_terminal_soc_kwh,uncapped_arrival_replay_ok,uncapped_optimized_feasible,uncapped_optimized_reason,uncapped_optimized_charging_cost,uncapped_optimized_charge_events,uncapped_optimized_charge_starts,uncapped_optimized_peak_kW,uncapped_optimized_charger_concurrency_max,uncapped_optimized_total_kwh,uncapped_optimized_terminal_soc_kwh,uncapped_optimized_replay_ok,capped_arrival_feasible,capped_arrival_reason,capped_arrival_charging_cost,capped_arrival_charge_events,capped_arrival_charge_starts,capped_arrival_peak_kW,capped_arrival_charger_concurrency_max,capped_arrival_total_kwh,capped_arrival_terminal_soc_kwh,capped_arrival_replay_ok,capped_optimized_feasible,capped_optimized_reason,capped_optimized_charging_cost,capped_optimized_charge_events,capped_optimized_charge_starts,capped_optimized_peak_kW,capped_optimized_charger_concurrency_max,capped_optimized_total_kwh,capped_optimized_terminal_soc_kwh,capped_optimized_replay_ok,uncapped_timing_value,uncapped_timing_pct,capped_timing_value,capped_timing_pct,cap_cost,cap_cost_pct_of_uncapped_arrival
13301,36,peak12,>= reserve,7,True,False,True,,27.888245191969865,10,10,240.0,1,414.05899786,0.0,True,True,,27.888245191969865,10,10,240.0,1,414.05899786,0.0,True,True,,30.347118930937647,7,7,240.0,1,410.33499785999965,0.0,True,True,,30.347118930937693,7,7,240.0,1,410.33499786,0.0,True,0.0,0.0,-4.618527782440651e-14,-1.521899918391347e-13,2.4588737389677817,8.816882245698949
13302,50,peak12,>= reserve,13,True,False,True,,49.48989835472937,19,19,240.0,1,566.13199066,6.750155989720952e-14,True,True,,49.48989835472937,19,19,240.0,1,566.13199066,3.907985046680551e-14,True,True,,53.35484790311484,13,13,240.0,1,566.13199066,2.4868995751603507e-14,True,True,,53.35484790311484,13,13,240.0,1,566.13199066,2.4868995751603507e-14,True,0.0,0.0,0.0,0.0,3.864949548385468,7.809572613551598
13303,54,peak12,>= reserve,10,False,True,True,,66.2089066322425,16,16,240.0,1,509.71899570000005,4.085620730620576e-14,True,True,,66.2089066322425,16,16,240.0,1,509.71899570000005,4.085620730620576e-14,True,False,HiGHS status 2: The problem is infeasible. (HiGHS Status 8: model_status is Infeasible; primal_status is None),,,,,,,,False,False,HiGHS status 2: The problem is infeasible. (HiGHS Status 8: model_status is Infeasible; primal_status is None),,,,,,,,False,,,,,,
13304,37,peak12,>= reserve,9,True,False,True,,22.486475810465382,15,15,240.0,1,371.20299661999996,3.552713678800501e-15,True,True,,22.477766881987172,15,15,240.0,1,371.20299661999996,2.6645352591003757e-14,True,True,,25.966761657461383,9,9,240.0,1,369.20299662,1.7763568394002505e-15,True,True,,25.966761657461383,9,9,240.0,1,369.20299661999996,0.0,True,0.008708928478210254,0.03872962820682221,0.0,0.0,3.4802858469960007,15.477240081241403
13305,30,peak12,>= reserve,8,True,False,True,,27.700004147522645,7,7,240.0,1,238.76299673999998,1.865174681370263e-14,True,True,,27.70000414752273,7,7,240.0,1,238.7629967400004,4.1655567883935873e-13,True,True,,27.700004147522645,7,7,240.0,1,238.76299673999998,1.865174681370263e-14,True,True,,27.70000414752256,7,7,240.0,1,238.76299673999958,0.0,True,-8.526512829121202e-14,-3.0781630153235095e-13,8.526512829121202e-14,3.0781630153235095e-13,0.0,0.0
13306,30,peak12,>= reserve,7,True,False,True,,43.296621320322394,8,8,240.0,1,257.03799598,0.0,True,True,,42.899072549670336,8,8,240.0,1,257.03799598,0.0,True,True,,44.09846757758329,7,7,240.0,1,257.03799598,0.0,True,True,,43.70091880693126,7,7,240.0,1,257.0379959800001,7.283063041541027e-14,True,0.3975487706520582,0.9181981377042424,0.39754877065202976,0.9015024614009873,0.8018462572608982,1.8519834407599163
13307,15,peak12,>= reserve,3,True,False,True,,4.734673286484484,3,3,240.0,1,63.332997320000004,1.7763568394002505e-15,True,True,,4.734673286484472,3,3,240.0,1,63.33299731999986,0.0,True,True,,4.734673286484484,3,3,240.0,1,63.332997320000004,1.7763568394002505e-15,True,True,,4.734673286484484,3,3,240.0,1,63.332997320000004,1.7763568394002505e-15,True,1.2434497875801753e-14,2.6262631280804643e-13,0.0,0.0,0.0,0.0
13308,31,peak12,>= reserve,6,True,False,True,,26.16298639972591,9,9,240.0,1,359.16899639999997,0.0,True,True,,25.53328409487035,11,11,240.0,1,359.16899639999997,0.0,True,True,,31.375771854985768,6,6,240.0,1,359.16899639999997,1.7763568394002505e-14,True,True,,31.371616299488245,6,6,240.0,1,359.16899639999997,1.7763568394002505e-14,True,0.6297023048555594,2.4068441394066404,0.004155555497522556,0.013244472571794971,5.2127854552598585,19.924275369857888
13309,22,peak12,>= reserve,4,True,False,True,,23.3640974438444,6,6,240.0,1,225.24199689999995,3.552713678800501e-15,True,True,,22.718080691534816,6,6,240.0,1,225.2419969,3.907985046680551e-14,True,True,,26.80214918495049,4,4,240.0,1,222.2419968999998,0.0,True,True,,26.322570479180712,4,4,240.0,1,225.44199689998234,0.0,True,0.6460167523095848,2.764997680147011,0.4795787057697787,1.7893292902013394,3.43805174110609,14.715106155371275
13310,24,peak12,>= reserve,5,True,False,True,,31.793902754797287,7,7,240.0,1,203.30799546,0.0,True,True,,31.125697540413206,7,7,240.0,1,203.30799546,0.0,True,True,,33.04334428378028,5,5,240.0,1,203.30799546000006,5.861977570020827e-14,True,True,,33.043344283780264,5,5,240.0,1,203.30799546,0.0,True,0.6682052143840806,2.101677228924836,1.4210854715202004e-14,4.300670838023369e-14,1.2494415289829917,3.929814903879541
13311,14,peak12,>= reserve,4,True,False,True,,4.892727834585047,4,4,240.0,1,80.54799610000002,0.0,True,True,,4.246711082275457,4,4,240.0,1,80.54799610000022,2.0961010704922955e-13,True,True,,4.892727834585047,4,4,240.0,1,80.54799610000002,0.0,True,True,,4.2467110822754535,4,4,240.0,1,80.54799610000002,2.842170943040401e-14,True,0.6460167523095901,13.203611035609114,0.6460167523095937,13.203611035609185,0.0,0.0
13312,46,peak12,>= reserve,14,True,False,True,,37.231727693656225,16,16,240.0,1,511.02099266000005,2.1316282072803006e-14,True,True,,36.984904694874125,16,16,240.0,1,511.02099266,2.1316282072803006e-14,True,True,,38.8932273052976,14,14,240.0,1,511.02099266,0.0,True,True,,38.89322730529761,14,14,240.0,1,511.02099266,0.0,True,0.24682299878210046,0.6629372690221832,-7.105427357601002e-15,-1.8269060836289046e-14,1.661499611641375,4.462590684247166
13313,37,peak12,>= reserve,9,True,False,True,,50.040141566952876,12,12,240.0,1,442.62098856,1.509903313490213e-14,True,True,,50.040141566952876,12,12,240.0,1,442.62098856,1.509903313490213e-14,True,True,,51.312752413320744,9,9,240.0,1,442.62098856,1.509903313490213e-14,True,True,,51.312752413320716,9,9,240.0,1,442.62098855999926,0.0,True,0.0,0.0,2.842170943040401e-14,5.538917343873714e-14,1.2726108463678685,2.5431799481724813
13314,16,peak12,>= reserve,3,True,False,True,,14.476484049629816,2,2,240.0,1,122.17499946000001,3.2862601528904634e-14,True,True,,14.476484049629816,3,3,240.0,1,122.17499946000001,3.2862601528904634e-14,True,True,,14.476484049629816,2,2,240.0,1,122.17499946000001,3.2862601528904634e-14,True,True,,14.476484049629816,2,2,240.0,1,122.17499946000001,3.2862601528904634e-14,True,0.0,0.0,0.0,0.0,0.0,0.0
13315,31,peak12,>= reserve,6,True,False,True,,38.61451266758178,5,5,240.0,1,204.26999966,1.1546319456101628e-14,True,True,,38.61451266758168,5,5,240.0,1,204.2699996599996,0.0,True,True,,38.61451266758178,5,5,240.0,1,204.26999965999997,0.0,True,True,,38.61451266758178,5,5,240.0,1,204.26999966,1.1546319456101628e-14,True,9.947598300641403e-14,2.576129442905738e-13,0.0,0.0,0.0,0.0
13316uwt,21,peak12,>= reserve,5,True,False,True,,21.592674475762397,5,5,240.0,1,175.26199816000266,2.637889906509372e-12,True,True,,21.418157795527833,5,5,240.0,1,175.2619981599957,0.0,True,True,,21.59267447576228,5,5,240.0,1,175.26199816000002,0.0,True,True,,21.418157795527915,5,5,240.0,1,175.26199815999956,8.881784197001252e-15,True,0.17451668023456435,0.8082216977357665,0.1745166802343654,0.8082216977348494,-1.1723955140041653e-13,-5.429598428486336e-13
13317,37,peak12,>= reserve,8,True,False,True,,44.171509444214024,14,14,240.0,1,388.95099702,2.4868995751603507e-14,True,True,,38.469868169109176,14,14,240.0,1,388.95099702,2.6645352591003757e-14,True,True,,50.89294138105191,8,8,240.0,1,388.95099702,0.0,True,True,,42.947450722066726,8,8,240.0,1,388.95099702,5.329070518200751e-15,True,5.701641275104848,12.907961142477326,7.945490658985186,15.612166330679784,6.721431936837888,15.216667986695485
13318,33,peak12,>= reserve,8,True,False,True,,21.580618649831283,10,10,240.0,1,348.68099445999997,0.0,True,True,,21.55387391162451,9,9,240.0,1,348.68099445999997,0.0,True,True,,21.60796846783139,8,8,240.0,1,348.68099445999997,0.0,True,True,,21.599380801649733,8,8,240.0,1,348.68099445999997,0.0,True,0.026744738206772922,0.12392943242608113,0.008587666181657738,0.03974305217282469,0.027349818000107717,0.12673324358253066
13319,27,peak12,>= reserve,8,True,False,True,,12.450291087795971,9,9,240.0,1,269.85199635,7.105427357601002e-15,True,True,,12.450291087795971,8,8,240.0,1,269.85199635,7.105427357601002e-15,True,True,,12.450291087795971,8,8,240.0,1,269.85199635,7.105427357601002e-15,True,True,,12.450291087795973,8,8,240.0,1,269.85199635,7.105427357601002e-15,True,0.0,0.0,-1.7763568394002505e-15,-1.4267592836776897e-14,0.0,0.0
13320,16,peak12,>= reserve,3,True,False,True,,4.001319321565723,4,4,240.0,1,62.11099660000005,3.730349362740526e-14,True,True,,3.808749191652001,3,3,240.0,1,62.1109966,1.7763568394002505e-15,True,True,,4.001319321565723,3,3,240.0,1,62.11099660000005,3.730349362740526e-14,True,True,,3.808749191652005,3,3,240.0,1,62.11099660000005,3.730349362740526e-14,True,0.1925701299137219,4.812665884370581,0.1925701299137179,4.812665884370481,0.0,0.0
13321,22,peak12,>= reserve,5,True,False,True,,8.911729572043432,4,4,240.0,1,212.73299839999999,0.0,True,True,,8.862093537349082,5,5,240.0,1,212.7329984,1.9539925233402755e-14,True,True,,8.911729572043434,4,4,240.0,1,212.7329984,0.0,True,True,,8.862093537349082,5,5,240.0,1,212.7329984,2.6645352591003757e-14,True,0.04963603469435007,0.556974202292459,0.04963603469435185,0.5569742022924787,1.7763568394002505e-15,1.9932795593043757e-14
13322,26,peak12,>= reserve,6,True,False,True,,35.06409981943834,8,8,240.0,1,199.15299779999964,0.0,True,True,,34.50043539771129,8,8,240.0,1,199.15299779999958,0.0,True,True,,35.30228165497227,6,6,240.0,1,199.15299779999995,0.0,True,True,,34.97553707305368,6,6,240.0,1,199.15299779999995,0.0,True,0.5636644217270472,1.6075257161302368,0.32674458191858946,0.9255622203460835,0.23818183553392913,0.6792754890627172
13323,8,peak12,>= reserve,1,True,False,True,,0.0,0,0,0.0,0,0,2.9090005999999864,True,True,,0.0,0,0,0.0,0,0,10.5090006,True,True,,0.0,0,0,0.0,0,0,2.9090005999999864,True,True,,0.0,0,0,0.0,0,0,2.9090005999999864,True,0.0,,0.0,,0.0,
13324t,18,peak12,>= reserve,3,True,False,True,,19.962428784832195,6,6,240.0,1,118.66999632999999,0.0,True,True,,18.96183978906123,6,6,240.0,1,118.66999632999998,0.0,True,True,,22.4205566289883,3,3,240.0,1,118.86999633000002,2.1316282072803006e-14,True,True,,22.4205566289883,3,3,240.0,1,118.86999633000012,1.4921397450962104e-13,True,1.0005889957709648,5.012361003542965,0.0,0.0,2.458127844156106,12.313771388498754
13325,42,peak12,>= reserve,10,True,False,True,,41.02794507503792,17,17,240.0,1,466.1809935,7.105427357601002e-15,True,True,,41.02794507503793,17,17,240.0,1,466.18099350000006,6.394884621840902e-14,True,True,,43.49745889087816,10,10,240.0,1,466.1809935,2.1316282072803006e-14,True,True,,43.497458890878164,10,10,240.0,1,466.1809935,2.1316282072803006e-14,True,-7.105427357601002e-15,-1.7318506555971924e-14,-7.105427357601002e-15,-1.6335270010660508e-14,2.469513815840237,6.019101886101359
13326,21,peak12,>= reserve,3,True,False,True,,34.41819617697779,7,7,240.0,1,188.50599863,0.0,True,True,,33.68488926696046,7,7,240.0,1,188.50599863,0.0,True,True,,35.641710966921906,3,3,240.0,1,178.90599863,2.1316282072803006e-14,True,True,,35.641710966921885,3,3,240.0,1,178.90599862999989,0.0,True,0.7333069100173262,2.1305791455388143,2.1316282072803006e-14,5.980712343631894e-14,1.2235147899441188,3.55484867264056
13401,12,peak12,>= reserve,10,True,False,True,,29.16002583749954,8,8,240.0,1,321.3799969999999,0.0,True,True,,28.738778678313295,8,8,240.0,1,321.379997,1.7763568394002505e-14,True,True,,29.16002583749955,8,8,240.0,1,321.37999699999995,0.0,True,True,,28.738778678313295,8,8,240.0,1,321.379997,1.4210854715202004e-14,True,0.4212471591862439,1.4446048900427368,0.42124715918625455,1.444604890042773,1.0658141036401503e-14,3.655051986509294e-14
13402,17,peak12,>= reserve,15,True,False,True,,43.101147763039314,14,14,240.0,1,512.139996,0.0,True,True,,43.09555374602343,13,13,240.0,1,512.139996,0.0,True,True,,43.10114776303933,13,13,240.0,1,512.139996,1.4210854715202004e-14,True,True,,43.09555374602344,13,13,240.0,1,512.139996,0.0,True,0.005594017015887687,0.012978812180692656,0.005594017015887687,0.012978812180692651,1.4210854715202004e-14,3.297094266104043e-14
13403,14,peak12,>= reserve,12,True,False,True,,36.152861208621545,10,10,240.0,1,405.60999649999997,0.0,True,True,,35.50695814272315,10,10,240.0,1,405.60999649999997,0.0,True,True,,36.152861208621545,10,10,240.0,1,405.60999649999997,7.105427357601002e-15,True,True,,35.50695814272315,10,10,240.0,1,405.60999649999997,7.105427357601002e-15,True,0.6459030658983949,1.7865890673802693,0.6459030658983949,1.7865890673802693,0.0,0.0
13404,17,peak12,>= reserve,15,True,False,True,,41.33126811079622,14,14,240.0,1,512.139996,0.0,True,True,,41.194470558383784,14,14,240.0,1,512.1399959999999,0.0,True,True,,41.33126811079623,14,14,240.0,1,512.139996,0.0,True,True,,41.19447055838379,14,14,240.0,1,512.139996,0.0,True,0.13679755241243896,0.33097835770663375,0.13679755241243896,0.3309783577066337,7.105427357601002e-15,1.7191409028519448e-14
13405,13,peak12,>= reserve,12,True,False,True,,54.741847647341224,13,13,240.0,1,342.9099964999999,0.0,True,True,,54.560444399194324,13,13,240.0,1,342.9099965,1.4210854715202004e-14,True,True,,56.354335776939216,12,12,240.0,1,342.9099965,1.1546319456101628e-14,True,True,,56.35433577693907,12,12,240.0,1,342.90999649999907,0.0,True,0.1814032481468999,0.33137947647572785,1.4921397450962104e-13,2.647781620570195e-13,1.6124881295979918,2.945622405706851
13406,14,peak12,>= reserve,12,True,False,True,,35.71277614854916,10,10,240.0,1,365.2099965,4.440892098500626e-15,True,True,,33.85557944207457,10,10,240.0,1,365.20999650000005,8.260059303211165e-14,True,True,,35.71277614854915,10,10,240.0,1,365.20999649999993,0.0,True,True,,33.855579442074564,10,10,240.0,1,365.20999649999993,0.0,True,1.8571967064745891,5.200370586563985,1.8571967064745891,5.200370586563986,-7.105427357601002e-15,-1.9896037563827594e-14
13407,17,peak12,>= reserve,16,True,False,True,,47.16251471741556,15,15,240.0,1,511.36999549999996,0.0,True,True,,43.851693838250604,15,15,240.0,1,511.36999549999996,0.0,True,True,,47.16251471741556,15,15,240.0,1,511.36999549999996,0.0,True,True,,43.851693838250604,15,15,240.0,1,511.36999549999996,0.0,True,3.3108208791649574,7.0200261775744135,3.3108208791649574,7.0200261775744135,0.0,0.0
13408,11,peak12,>= reserve,9,True,False,True,,26.7588683090306,7,7,240.0,1,259.4499975,0.0,True,True,,25.710511033860293,7,7,240.0,1,259.4499975,0.0,True,True,,26.7588683090306,8,8,240.0,1,259.4499975,0.0,True,True,,25.710511033860293,7,7,240.0,1,259.4499975,0.0,True,1.0483572751703072,3.917793768641953,1.0483572751703072,3.917793768641953,0.0,0.0
13409,17,peak12,>= reserve,14,True,False,True,,48.73714349390347,15,15,240.0,1,512.139996,0.0,True,True,,47.55138453563862,15,15,240.0,1,512.139996,0.0,True,True,,48.74467955384263,14,14,240.0,1,512.139996,0.0,True,True,,47.555080582595565,14,14,240.0,1,512.139996,2.842170943040401e-14,True,1.1857589582648487,2.4329676982672885,1.1895989712470652,2.4404693643191404,0.0075360599391629535,0.015462662353417655
13410,15,peak12,>= reserve,13,True,False,True,,40.122101781105634,11,11,240.0,1,427.13999599999994,4.440892098500626e-15,True,True,,38.88295819538134,12,12,240.0,1,427.1399959999999,4.440892098500626e-15,True,True,,40.122101781105634,11,11,240.0,1,427.13999599999994,4.440892098500626e-15,True,True,,38.88295819538134,11,11,240.0,1,427.1399959999999,4.440892098500626e-15,True,1.2391435857242925,3.088431389972277,1.2391435857242925,3.088431389972277,0.0,0.0
13411,14,peak12,>= reserve,13,True,False,True,,51.09386727060999,13,13,240.0,1,365.20999649999993,0.0,True,True,,51.07453423550963,13,13,240.0,1,365.20999649999993,0.0,True,True,,51.09386727060999,13,13,240.0,1,365.20999649999993,0.0,True,True,,51.07453423550963,13,13,240.0,1,365.20999649999993,0.0,True,0.019333035100359552,0.037838269313155364,0.019333035100359552,0.037838269313155364,0.0,0.0
13412,15,peak12,>= reserve,12,True,False,True,,33.19802869923893,12,12,240.0,1,427.13999599999994,0.0,True,True,,32.94020710774004,11,11,240.0,1,427.13999599999994,0.0,True,True,,33.19802869923893,11,11,240.0,1,427.13999599999994,0.0,True,True,,32.94020710774004,11,11,240.0,1,427.13999599999994,0.0,True,0.25782159149889594,0.776617171563583,0.25782159149889594,0.776617171563583,0.0,0.0
13413,15,peak12,>= reserve,14,True,False,True,,41.76328107792841,13,13,240.0,1,427.90999650000003,4.263256414560601e-14,True,True,,41.59704305570868,13,13,240.0,1,427.90999650000003,4.263256414560601e-14,True,True,,41.76328107792841,13,13,240.0,1,427.90999650000003,4.263256414560601e-14,True,True,,41.59704305570868,13,13,240.0,1,427.90999650000003,4.263256414560601e-14,True,0.16623802221972994,0.3980482805207216,0.16623802221972994,0.3980482805207216,0.0,0.0
13414,12,peak12,>= reserve,9,True,False,True,,29.779097801185713,9,9,240.0,1,280.97999699999997,1.7763568394002505e-15,True,True,,29.402979653974583,9,9,240.0,1,280.97999699999997,0.0,True,True,,29.779097801185713,9,9,240.0,1,280.97999699999997,0.0,True,True,,29.402979653974583,9,9,240.0,1,280.97999699999997,0.0,True,0.37611814721113035,1.2630273412653705,0.37611814721113035,1.2630273412653705,0.0,0.0
13301,36,peak12,>= initial,7,True,False,True,,35.739079057016895,10,10,240.0,1,650.3349978599999,240.0,True,True,,35.7390790570169,10,10,240.0,1,650.33499786,240.0,True,True,,40.108365123416114,7,7,240.0,1,650.3349978599999,240.0,True,True,,40.108365123416114,7,7,240.0,1,650.3349978599999,239.99999999999997,True,-7.105427357601002e-15,-1.9881394666788275e-14,0.0,0.0,4.369286066399219,12.2255138679668
13302,50,peak12,>= initial,13,False,True,False,HiGHS status 2: The problem is infeasible. (HiGHS Status 8: model_status is Infeasible; primal_status is None),,,,,,,,False,False,HiGHS status 2: The problem is infeasible. (HiGHS Status 8: model_status is Infeasible; primal_status is None),,,,,,,,False,False,HiGHS status 2: The problem is infeasible. (HiGHS Status 8: model_status is Infeasible; primal_status is None),,,,,,,,False,False,HiGHS status 2: The problem is infeasible. (HiGHS Status 8: model_status is Infeasible; primal_status is None),,,,,,,,False,,,,,,
13303,54,peak12,>= initial,10,False,True,True,,73.4274292617617,17,17,240.0,1,749.7189957,240.0,True,True,,73.4274292617617,17,17,240.0,1,749.7189957,240.0,True,False,HiGHS status 2: The problem is infeasible. (HiGHS Status 8: model_status is Infeasible; primal_status is None),,,,,,,,False,False,HiGHS status 2: The problem is infeasible. (HiGHS Status 8: model_status is Infeasible; primal_status is None),,,,,,,,False,,,,,,
13304,37,peak12,>= initial,9,False,True,False,HiGHS status 2: The problem is infeasible. (HiGHS Status 8: model_status is Infeasible; primal_status is None),,,,,,,,False,False,HiGHS status 2: The problem is infeasible. (HiGHS Status 8: model_status is Infeasible; primal_status is None),,,,,,,,False,False,HiGHS status 2: The problem is infeasible. (HiGHS Status 8: model_status is Infeasible; primal_status is None),,,,,,,,False,False,HiGHS status 2: The problem is infeasible. (HiGHS Status 8: model_status is Infeasible; primal_status is None),,,,,,,,False,,,,,,
13305,30,peak12,>= initial,8,True,False,True,,42.24445457630649,8,8,240.0,1,478.76299674,240.0,True,True,,34.91852677704187,8,8,240.0,1,478.7629967400002,240.0,True,True,,42.24445457630649,8,8,240.0,1,478.76299674,240.0,True,True,,34.918526777041855,8,8,240.0,1,478.76299674,240.0,True,7.325927799264619,17.34175023145757,7.325927799264633,17.341750231457606,0.0,0.0
13306,30,peak12,>= initial,7,True,False,True,,56.96135856385766,8,8,240.0,1,497.03799598,239.99999999999997,True,True,,52.9022778513603,8,8,240.0,1,497.03799598000023,240.0,True,True,,58.12422668415962,7,7,240.0,1,497.03799598000006,240.0,True,True,,54.06514597166227,7,7,240.0,1,497.03799598,240.0,True,4.059080712497355,7.126025106909699,4.059080712497355,6.983457577085599,1.1628681203019653,2.0415034852062193
13307,15,peak12,>= initial,3,True,False,True,,18.830732938653206,4,4,240.0,1,303.33299732,240.0,True,True,,11.953195916003684,4,4,240.0,1,303.33299732,240.0,True,True,,18.99971318243558,3,3,240.0,1,303.33299732,240.0,True,True,,12.122176159786065,3,3,240.0,1,303.33299732,240.0,True,6.877537022649522,36.52293856566908,6.877537022649516,36.198109711506085,0.16898024378237508,0.8973641351766775
13308,31,peak12,>= initial,6,True,False,True,,35.43661267196197,12,12,240.0,1,599.1689964,240.0,True,True,,35.41263831332238,11,11,240.0,1,599.1689964,240.0,True,True,,42.20340423156062,6,6,240.0,1,602.1689963999976,240.0,True,True,,42.179429872921446,6,6,240.0,1,602.1689964,240.0,True,0.023974358639584636,0.06765420516209086,0.02397435863917252,0.056806693857278885,6.766791559598651,19.095480773625546
13309,22,peak12,>= initial,4,True,False,True,,35.8057361167708,6,6,240.0,1,465.4419969000119,240.0,True,True,,32.33184373329958,6,6,240.0,1,465.44199690000005,240.0,True,True,,39.505781187735494,4,4,240.0,1,462.2419969,240.0,True,True,,36.03188880426573,4,4,240.0,1,462.2419969,240.0,True,3.473892383471224,9.702055481116366,3.47389238346976,8.79337727043409,3.7000450709646913,10.3336656978591
13310,24,peak12,>= initial,5,True,False,True,,55.88799418047944,8,8,240.0,1,443.30799546,240.0,True,True,,38.34422016993241,8,8,240.0,1,443.30799546000003,240.0,True,True,,58.6293943979116,5,5,240.0,1,443.30799546,240.0,True,True,,41.753825601748645,5,5,240.0,1,443.30799546,240.0,True,17.543774010547025,31.390953044213415,16.875568796162952,28.783460872255006,2.741400217432158,4.905168377629259
13311,14,peak12,>= initial,4,True,False,True,,16.395659026916498,5,5,240.0,1,320.5479961,240.0,True,True,,12.656857440572818,5,5,240.0,1,320.54799610000003,240.0,True,True,,16.395659026916498,4,4,240.0,1,320.54799610000003,240.0,True,True,,12.65685744059641,4,4,240.0,1,320.5479961006557,240.0,True,3.73880158634368,22.803606614444394,3.738801586320088,22.803606614300506,0.0,0.0
13312,46,peak12,>= initial,14,False,True,False,HiGHS status 2: The problem is infeasible. (HiGHS Status 8: model_status is Infeasible; primal_status is None),,,,,,,,False,False,HiGHS status 2: The problem is infeasible. (HiGHS Status 8: model_status is Infeasible; primal_status is None),,,,,,,,False,False,HiGHS status 2: The problem is infeasible. (HiGHS Status 8: model_status is Infeasible; primal_status is None),,,,,,,,False,False,HiGHS status 2: The problem is infeasible. (HiGHS Status 8: model_status is Infeasible; primal_status is None),,,,,,,,False,,,,,,
13313,37,peak12,>= initial,9,True,False,True,,57.25866419647208,13,13,240.0,1,682.62098856,240.0,True,True,,57.25866419647208,13,13,240.0,1,682.62098856,240.0,True,True,,65.2906919023174,9,9,240.0,1,682.62098856,240.0,True,True,,65.2906919023174,9,9,240.0,1,682.62098856,240.0,True,0.0,0.0,0.0,0.0,8.032027705845323,14.027619782195698
13314,16,peak12,>= initial,3,True,False,True,,28.380376226106343,3,3,240.0,1,362.17499946,240.0,True,True,,21.69500667914902,4,4,240.0,1,362.17499946,240.0,True,True,,28.380376226106346,3,3,240.0,1,362.17499946000004,240.0,True,True,,21.69500667914902,3,3,240.0,1,362.17499946,240.0,True,6.685369546957322,23.55631050728507,6.685369546957325,23.55631050728508,3.552713678800501e-15,1.251820501073011e-14
13315,31,peak12,>= initial,6,True,False,True,,54.126470095240265,6,6,240.0,1,444.26999966,240.0,True,True,,45.833035297100984,6,6,240.0,1,444.26999966,240.0,True,True,,54.126470095240265,6,6,240.0,1,444.26999966,240.0,True,True,,45.833035297100984,6,6,240.0,1,444.26999966,240.0,True,8.29343479813928,15.322327104550244,8.29343479813928,15.322327104550244,0.0,0.0
13316uwt,21,peak12,>= initial,5,True,False,True,,33.131834107498385,6,6,240.0,1,411.53799816000003,240.0,True,True,,29.72634050023483,6,6,240.0,1,411.53799816000014,240.0,True,True,,33.639247990294514,5,5,240.0,1,411.53799816000003,239.99999999999997,True,True,,30.233754383030913,5,5,240.0,1,411.53799816000003,240.0,True,3.405493607263555,10.27861480959433,3.405493607263601,10.123572346938738,0.5074138827961292,1.5314995274628984
13317,37,peak12,>= initial,8,True,False,True,,53.913650745387976,14,14,240.0,1,628.9509970199999,239.99999999999994,True,True,,47.30616436177047,14,14,240.0,1,628.9509970199999,239.99999999999997,True,True,,62.541216527339934,8,8,240.0,1,628.9509970199999,240.0,True,True,,52.84330505236424,8,8,240.0,1,628.95099702,240.0,True,6.6074863836175055,12.2556834721172,9.697911474975697,15.506432419229084,8.627565781951958,16.002562732574734
13318,33,peak12,>= initial,8,True,False,True,,37.745599438162316,13,13,240.0,1,592.6809944600001,239.99999999999991,True,True,,37.74559943816232,13,13,240.0,1,592.6809944600001,239.99999999999997,True,True,,43.107518942426026,8,8,240.0,1,588.6809944599999,239.99999999999986,True,True,,43.107518942425976,8,8,240.0,1,588.6809944599994,239.99999999999935,True,-7.105427357601002e-15,-1.8824518522329067e-14,4.973799150320701e-14,1.1538124374459262e-13,5.36191950426371,14.205416218248198
13319,27,peak12,>= initial,8,False,True,False,HiGHS status 2: The problem is infeasible. (HiGHS Status 8: model_status is Infeasible; primal_status is None),,,,,,,,False,False,HiGHS status 2: The problem is infeasible. (HiGHS Status 8: model_status is Infeasible; primal_status is None),,,,,,,,False,False,HiGHS status 2: The problem is infeasible. (HiGHS Status 8: model_status is Infeasible; primal_status is None),,,,,,,,False,False,HiGHS status 2: The problem is infeasible. (HiGHS Status 8: model_status is Infeasible; primal_status is None),,,,,,,,False,,,,,,
13320,16,peak12,>= initial,3,True,False,True,,14.590918482365058,4,4,240.0,1,302.1109966,240.0,True,True,,11.424820591823265,3,3,240.0,1,302.1109966,240.0,True,True,,14.590918482365058,3,3,240.0,1,302.1109966,240.0,True,True,,11.424820591823266,3,3,240.0,1,302.1109966,240.0,True,3.166097890541794,21.699099301859697,3.166097890541792,21.699099301859682,0.0,0.0
13321,22,peak12,>= initial,5,False,True,True,,22.142654845882014,7,7,240.0,1,452.73299840000004,240.0,True,True,,22.142654845882006,7,7,240.0,1,452.7329984,240.0,True,False,HiGHS status 2: The problem is infeasible. (HiGHS Status 8: model_status is Infeasible; primal_status is None),,,,,,,,False,False,HiGHS status 2: The problem is infeasible. (HiGHS Status 8: model_status is Infeasible; primal_status is None),,,,,,,,False,,,,,,
13322,26,peak12,>= initial,6,True,False,True,,51.94007468826829,9,9,240.0,1,439.1529977999999,240.0,True,True,,41.71895802723057,9,9,240.0,1,439.1529977999999,240.0,True,True,,52.356975863171094,6,6,240.0,1,439.1529977999999,240.0,True,True,,42.59498283120333,6,6,240.0,1,439.1529977999999,240.0,True,10.221116661037719,19.678671473582543,9.761993031967762,18.645066623938714,0.41690117490280443,0.8026580196600486
13323,8,peak12,>= initial,1,True,False,True,,14.757148933175014,1,1,240.0,1,210.49099940000002,240.0,True,True,,6.330975176995889,1,1,240.0,1,210.49099940000002,240.0,True,True,,14.757148933175014,1,1,240.0,1,210.49099940000002,240.0,True,True,,6.330975176995889,1,1,240.0,1,210.49099940000002,240.0,True,8.426173756179125,57.09892740349424,8.426173756179125,57.09892740349424,0.0,0.0
13324t,18,peak12,>= initial,3,True,False,True,,39.33628976970731,6,6,240.0,1,353.26999633,240.0,True,True,,27.62784032926497,6,6,240.0,1,353.26999632999997,239.99999999999997,True,True,,42.87301501923924,3,3,240.0,1,358.86999633,240.0,True,True,,31.43184766455048,3,3,240.0,1,358.86999632999965,239.99999999999983,True,11.708449440442337,29.765007093930244,11.441167354688758,26.68617392444768,3.5367252495319335,8.990998567067576
13325,42,peak12,>= initial,10,False,True,False,HiGHS status 2: The problem is infeasible. (HiGHS Status 8: model_status is Infeasible; primal_status is None),,,,,,,,False,False,HiGHS status 2: The problem is infeasible. (HiGHS Status 8: model_status is Infeasible; primal_status is None),,,,,,,,False,False,HiGHS status 2: The problem is infeasible. (HiGHS Status 8: model_status is Infeasible; primal_status is None),,,,,,,,False,False,HiGHS status 2: The problem is infeasible. (HiGHS Status 8: model_status is Infeasible; primal_status is None),,,,,,,,False,,,,,,
13326,21,peak12,>= initial,3,True,False,True,,50.64432460530348,8,8,240.0,1,423.10599862999993,240.0,True,True,,42.3508898071642,6,6,240.0,1,423.10599863000004,240.0,True,True,,52.630252566836674,3,3,240.0,1,418.90599862999994,239.99999999999994,True,True,,44.33681776869737,3,3,240.0,1,418.90599862999994,240.0,True,8.29343479813928,16.375842432047737,8.293434798139302,15.75792323551408,1.9859279615331928,3.9213238146831286
13401,12,peak12,>= initial,10,True,False,True,,43.36623752810782,9,9,240.0,1,561.379997,240.0,True,True,,40.4395353542878,9,9,240.0,1,561.379997,240.0,True,True,,43.36623752810782,9,9,240.0,1,561.379997,240.0,True,True,,40.43953535428779,9,9,240.0,1,561.3799969999999,240.0,True,2.9267021738200185,6.748803540826149,2.9267021738200256,6.748803540826165,0.0,0.0
13402,17,peak12,>= initial,15,True,False,True,,53.81682964765005,13,13,240.0,1,752.139996,240.0,True,True,,53.805641613618256,13,13,240.0,1,752.139996,240.0,True,True,,53.816829647650074,13,13,240.0,1,752.139996,240.0,True,True,,53.805641613618256,13,13,240.0,1,752.139996,240.0,True,0.01118803403179669,0.020789099070025248,0.011188034031818006,0.02078909907006485,2.1316282072803006e-14,3.9608951720800215e-14
13403,14,peak12,>= initial,12,True,False,True,,43.9177992881212,10,10,240.0,1,645.6099965,240.0,True,True,,43.09970377278684,10,10,240.0,1,645.6099965,240.0,True,True,,43.9177992881212,10,10,240.0,1,645.6099965000002,240.0,True,True,,43.09970377278684,10,10,240.0,1,645.6099965,240.0,True,0.8180955153343632,1.8627880462936586,0.8180955153343632,1.8627880462936586,0.0,0.0
13404,17,peak12,>= initial,15,True,False,True,,48.948770766885424,14,14,240.0,1,752.139996,240.0,True,True,,48.811973214472985,14,14,240.0,1,752.1399959999999,240.0,True,True,,48.948770766885424,14,14,240.0,1,752.139996,240.0,True,True,,48.811973214472985,14,14,240.0,1,752.1399959999999,240.0,True,0.13679755241243896,0.27947086365851,0.13679755241243896,0.27947086365851,0.0,0.0
13405,13,peak12,>= initial,12,False,True,True,,66.97835201372199,13,13,240.0,1,582.9099964999999,240.0,True,True,,63.57285840645843,13,13,240.0,1,582.9099965,240.0,True,False,HiGHS status 2: The problem is infeasible. (HiGHS Status 8: model_status is Infeasible; primal_status is None),,,,,,,,False,False,HiGHS status 2: The problem is infeasible. (HiGHS Status 8: model_status is Infeasible; primal_status is None),,,,,,,,False,,,,,,
13406,14,peak12,>= initial,12,True,False,True,,42.98839051375175,10,10,240.0,1,605.2099965,240.0,True,True,,41.08043745416736,10,10,240.0,1,605.2099965,240.0,True,True,,42.98839051375175,10,10,240.0,1,605.2099965,240.0,True,True,,41.08043745416736,10,10,240.0,1,605.2099965,240.0,True,1.9079530595843934,4.438298426115883,1.9079530595843934,4.438298426115883,0.0,0.0
13407,17,peak12,>= initial,16,True,False,True,,54.69058185731565,15,15,240.0,1,751.3699955,240.0,True,True,,51.45308106932737,15,15,240.0,1,751.3699955,240.0,True,True,,54.69058185731565,15,15,240.0,1,751.3699955,240.0,True,True,,51.45308106932737,15,15,240.0,1,751.3699955,240.0,True,3.2375007879882816,5.919667844154083,3.2375007879882816,5.919667844154083,0.0,0.0
13408,11,peak12,>= initial,9,True,False,True,,42.06029898573198,8,8,240.0,1,499.4499975,240.0,True,True,,37.232548370465864,9,9,240.0,1,499.4499975,240.0,True,True,,42.06029898573198,8,8,240.0,1,499.4499975,240.0,True,True,,37.232548370465864,8,8,240.0,1,499.4499975,240.0,True,4.827750615266119,11.478165233451683,4.827750615266119,11.478165233451683,0.0,0.0
13409,17,peak12,>= initial,14,False,True,False,HiGHS status 2: The problem is infeasible. (HiGHS Status 8: model_status is Infeasible; primal_status is None),,,,,,,,False,False,HiGHS status 2: The problem is infeasible. (HiGHS Status 8: model_status is Infeasible; primal_status is None),,,,,,,,False,False,HiGHS status 2: The problem is infeasible. (HiGHS Status 8: model_status is Infeasible; primal_status is None),,,,,,,,False,False,HiGHS status 2: The problem is infeasible. (HiGHS Status 8: model_status is Infeasible; primal_status is None),,,,,,,,False,,,,,,
13410,15,peak12,>= initial,13,False,True,False,HiGHS status 2: The problem is infeasible. (HiGHS Status 8: model_status is Infeasible; primal_status is None),,,,,,,,False,False,HiGHS status 2: The problem is infeasible. (HiGHS Status 8: model_status is Infeasible; primal_status is None),,,,,,,,False,False,HiGHS status 2: The problem is infeasible. (HiGHS Status 8: model_status is Infeasible; primal_status is None),,,,,,,,False,False,HiGHS status 2: The problem is infeasible. (HiGHS Status 8: model_status is Infeasible; primal_status is None),,,,,,,,False,,,,,,
13411,14,peak12,>= initial,13,True,False,True,,58.79193791726325,13,13,240.0,1,605.2099965,240.0,True,True,,58.343715481143946,13,13,240.0,1,605.2099965,240.0,True,True,,58.79193791726325,13,13,240.0,1,605.2099965,240.0,True,True,,58.343715481143946,13,13,240.0,1,605.2099965,240.0,True,0.4482224361193019,0.7623875857776224,0.4482224361193019,0.7623875857776224,0.0,0.0
13412,15,peak12,>= initial,12,True,False,True,,40.41810966206971,12,12,240.0,1,667.139996,240.0,True,True,,40.160288070570815,12,12,240.0,1,667.139996,240.0,True,True,,40.41810966206971,11,11,240.0,1,667.139996,240.0,True,True,,40.160288070570815,11,11,240.0,1,667.139996,240.0,True,0.25782159149889594,0.6378863179265607,0.25782159149889594,0.6378863179265607,0.0,0.0
13413,15,peak12,>= initial,14,True,False,True,,49.079398269785564,13,13,240.0,1,667.9099965,240.0,True,True,,48.98889342893439,13,13,240.0,1,667.9099965,240.0,True,True,,49.079398269785564,13,13,240.0,1,667.9099965,240.0,True,True,,48.98889342893439,13,13,240.0,1,667.9099965,240.0,True,0.0905048408511746,0.18440495206089663,0.0905048408511746,0.18440495206089663,0.0,0.0
13414,12,peak12,>= initial,9,True,False,True,,37.39659466234877,9,9,240.0,1,520.979997,240.0,True,True,,36.6721608996089,9,9,240.0,1,520.9799969999999,240.0,True,True,,37.39659466234877,9,9,240.0,1,520.9799969999999,240.0,True,True,,36.6721608996089,9,9,240.0,1,520.9799969999999,240.0,True,0.7244337627398707,1.9371650528095736,0.7244337627398707,1.9371650528095736,0.0,0.0
13301,36,two_peak_se3_synthetic,>= reserve,7,True,False,True,,40.78321921454694,11,11,240.0,1,414.05899786,0.0,True,True,,39.425380826116076,11,11,240.0,1,414.05899786,0.0,True,True,,42.98591080378762,7,7,240.0,1,410.3349978599989,0.0,True,True,,42.84846078207098,7,7,240.0,1,410.33499786000004,3.730349362740526e-14,True,1.3578383884308636,3.3294046291140673,0.13745002171663856,0.31975598317327597,2.202691589240679,5.40097528263537
13302,50,two_peak_se3_synthetic,>= reserve,13,True,False,True,,52.86285875860041,15,15,240.0,1,566.13199066,1.0658141036401503e-14,True,True,,52.86285875860042,15,15,240.0,1,566.13199066,1.0658141036401503e-14,True,True,,53.28293815868862,13,13,240.0,1,566.13199066,1.0658141036401503e-14,True,True,,53.28293815868862,13,13,240.0,1,566.13199066,1.0658141036401503e-14,True,-7.105427357601002e-15,-1.3441246887626938e-14,0.0,0.0,0.42007940008821265,0.7946588776186243
13303,54,two_peak_se3_synthetic,>= reserve,10,False,True,True,,60.83131385920705,16,16,240.0,1,509.71899570000005,4.085620730620576e-14,True,True,,60.83131385920706,16,16,240.0,1,509.71899570000005,4.085620730620576e-14,True,False,HiGHS status 2: The problem is infeasible. (HiGHS Status 8: model_status is Infeasible; primal_status is None),,,,,,,,False,False,HiGHS status 2: The problem is infeasible. (HiGHS Status 8: model_status is Infeasible; primal_status is None),,,,,,,,False,,,,,,
13304,37,two_peak_se3_synthetic,>= reserve,9,True,False,True,,41.138937022485685,13,13,240.0,1,371.40299661999995,3.552713678800501e-15,True,True,,29.933304405424096,8,8,240.0,1,369.20299661999996,3.552713678800501e-15,True,True,,41.32902295102562,9,9,240.0,1,369.20299662,3.552713678800501e-15,True,True,,29.933304405424124,8,8,240.0,1,369.20299662,3.552713678800501e-15,True,11.205632617061589,27.23850791510929,11.395718545601497,27.57316222816417,0.19008592853993633,0.4620584348984013
13305,30,two_peak_se3_synthetic,>= reserve,8,True,False,True,,19.595201915830838,5,5,240.0,1,238.76299673999998,1.865174681370263e-14,True,True,,19.595201915830838,5,5,240.0,1,238.76299674,1.865174681370263e-14,True,True,,19.595201915830838,5,5,240.0,1,238.76299674,4.707345624410664e-14,True,True,,19.595201915830838,5,5,240.0,1,238.76299674,1.865174681370263e-14,True,0.0,0.0,0.0,0.0,0.0,0.0
13306,30,two_peak_se3_synthetic,>= reserve,7,True,False,True,,23.90435518467048,5,5,240.0,1,257.03799598,0.0,True,True,,22.897887034435072,6,6,240.0,1,257.03799598,1.0658141036401503e-14,True,True,,23.90435518467048,5,5,240.0,1,257.03799598,0.0,True,True,,22.897887034435072,5,5,240.0,1,257.03799598,0.0,True,1.0064681502354063,4.210396567738584,1.0064681502354063,4.210396567738584,0.0,0.0
13307,15,two_peak_se3_synthetic,>= reserve,3,True,False,True,,5.794958271743655,4,4,240.0,1,63.33299732000003,3.019806626980426e-14,True,True,,4.983513013495994,3,3,240.0,1,63.33299731999995,0.0,True,True,,5.836966211752469,3,3,240.0,1,63.332997319999976,0.0,True,True,,4.9835130134959975,3,3,240.0,1,63.33299731999999,1.7763568394002505e-15,True,0.8114452582476614,14.002607442477826,0.8534531982564717,14.621520277744319,0.042007940008813804,0.724904961156415
13308,31,two_peak_se3_synthetic,>= reserve,6,True,False,True,,41.34274891120814,12,12,240.0,1,359.16899639999997,0.0,True,True,,35.27007074595016,10,10,240.0,1,362.16899640000076,2.7355895326763857e-13,True,True,,46.75463187085381,6,6,240.0,1,359.16899639999986,0.0,True,True,,39.624246161455524,6,6,240.0,1,362.16899640773875,5.601066277449718e-10,True,6.072678165257983,14.688617291269816,7.130385709398283,15.250650949608412,5.411882959645666,13.090283307645487
13309,22,two_peak_se3_synthetic,>= reserve,4,True,False,True,,23.379529166804332,3,3,240.0,1,222.2419968999998,0.0,True,True,,18.525690286615266,3,3,240.0,1,222.24199690000003,2.4868995751603507e-14,True,True,,23.379529166804353,3,3,240.0,1,222.2419969,0.0,True,True,,18.525690286615266,3,3,240.0,1,222.2419969,3.552713678800501e-15,True,4.853838880189066,20.761063430998604,4.8538388801890875,20.761063430998675,2.1316282072803006e-14,9.117498440930602e-14
13310,24,two_peak_se3_synthetic,>= reserve,5,True,False,True,,21.112497016794244,6,6,240.0,1,203.30799545999997,0.0,True,True,,20.524385856670733,6,6,240.0,1,203.30799545999997,0.0,True,True,,21.30153274683394,5,5,240.0,1,203.30799545999997,0.0,True,True,,20.950934384162288,5,5,240.0,1,203.30799546,1.7763568394002505e-15,True,0.5881111601235105,2.78560683587398,0.3505983626716507,1.6458832650141588,0.18903573003969498,0.8953736258166135
13311,14,two_peak_se3_synthetic,>= reserve,4,True,False,True,,6.168743791928576,3,3,240.0,1,80.5479961,0.0,True,True,,4.773668554972871,4,4,240.0,1,80.54799609999992,0.0,True,True,,6.168743791928577,3,3,240.0,1,80.54799609999998,0.0,True,True,,4.77366855497288,4,4,240.0,1,80.54799610000002,2.842170943040401e-14,True,1.3950752369557051,22.61522416899654,1.3950752369556971,22.61522416899641,8.881784197001252e-16,1.4398043583237358e-14
13312,46,two_peak_se3_synthetic,>= reserve,14,True,False,True,,51.34028110047473,18,18,240.0,1,511.02099266000005,0.0,True,True,,51.0882334604218,18,18,240.0,1,511.02099266,0.0,True,True,,53.81640217988684,14,14,240.0,1,511.02099266,0.0,True,True,,53.816402179886886,14,14,240.0,1,511.02099266000033,1.3500311979441904e-13,True,0.2520476400529361,0.49093545000205596,-4.263256414560601e-14,-7.921853267541426e-14,2.47612107941211,4.822959723508825
13313,37,two_peak_se3_synthetic,>= reserve,9,True,False,True,,50.64216629017071,13,13,240.0,1,442.62098856,8.881784197001252e-16,True,True,,50.64216629017071,13,13,240.0,1,442.62098856,1.509903313490213e-14,True,True,,51.54533700036041,9,9,240.0,1,442.62098856,0.0,True,True,,51.54533700036041,9,9,240.0,1,442.62098856,0.0,True,0.0,0.0,0.0,0.0,0.9031707101897055,1.7834361686162796
13314,16,two_peak_se3_synthetic,>= reserve,3,True,False,True,,12.969557576726812,5,5,240.0,1,122.17499946000001,4.440892098500626e-15,True,True,,11.354483583719944,3,3,240.0,1,122.17499946000001,3.2862601528904634e-14,True,True,,14.044960840952664,3,3,240.0,1,122.17499946000001,4.440892098500626e-15,True,True,,11.354483583719944,3,3,240.0,1,122.17499946000001,3.2862601528904634e-14,True,1.6150739930068685,12.452807148217866,2.69047725723272,19.15617485659167,1.0754032642258515,8.291749798432647
13315,31,two_peak_se3_synthetic,>= reserve,6,True,False,True,,20.27339938024058,5,5,240.0,1,204.26999966,3.9968028886505635e-14,True,True,,20.111038684965134,5,5,240.0,1,204.26999966,3.9968028886505635e-14,True,True,,20.27339938024058,5,5,240.0,1,204.26999966,3.9968028886505635e-14,True,True,,20.111038684965134,5,5,240.0,1,204.26999966,3.9968028886505635e-14,True,0.16236069527544572,0.8008558023756499,0.16236069527544572,0.8008558023756499,0.0,0.0
13316uwt,21,two_peak_se3_synthetic,>= reserve,5,True,False,True,,17.123097711781803,5,5,240.0,1,168.53799816000006,5.1514348342607263e-14,True,True,,16.378422978569056,6,6,240.0,1,172.26199816000005,3.730349362740526e-14,True,True,,17.123097711781803,5,5,240.0,1,168.53799816000006,5.1514348342607263e-14,True,True,,16.730239476142852,5,5,240.0,1,175.2619981599986,0.0,True,0.7446747332127472,4.348948687598522,0.3928582356389505,2.294317548445913,0.0,0.0
13317,37,two_peak_se3_synthetic,>= reserve,8,True,False,True,,38.93332069154339,10,10,240.0,1,388.95099702,1.1013412404281553e-13,True,True,,38.09190165316665,10,10,240.0,1,388.9509970199999,1.7763568394002505e-15,True,True,,39.33239612162721,8,8,240.0,1,388.95099702,0.0,True,True,,38.49097708325047,8,8,240.0,1,388.9509970199999,0.0,True,0.8414190383767419,2.1611797386692073,0.8414190383767419,2.1392519178715412,0.39907543008381907,1.0250228416054457
13318,33,two_peak_se3_synthetic,>= reserve,8,True,False,True,,36.039698022455305,11,11,240.0,1,348.68099445999997,0.0,True,True,,31.313363790592096,8,8,240.0,1,352.68099445999997,0.0,True,True,,36.82272602421977,8,8,240.0,1,348.68099446,0.0,True,True,,31.3133637905921,8,8,240.0,1,352.68099445999997,0.0,True,4.726334231863209,13.11424482224675,5.5093622336276695,14.961853258783565,0.783028001764464,2.1726819166924805
13319,27,two_peak_se3_synthetic,>= reserve,8,True,False,True,,27.4703651133967,8,8,240.0,1,274.25199635,7.105427357601002e-15,True,True,,22.90609002922833,7,7,240.0,1,269.85199634999964,0.0,True,True,,27.4703651133967,7,7,240.0,1,274.25199635,7.105427357601002e-15,True,True,,22.906090029228295,7,7,240.0,1,269.8519963499998,0.0,True,4.564275084168369,16.61526909208233,4.564275084168404,16.615269092082457,0.0,0.0
13320,16,two_peak_se3_synthetic,>= reserve,3,True,False,True,,6.849031925035006,2,2,240.0,1,62.110996600000036,3.375077994860476e-14,True,True,,4.757295993750775,2,2,240.0,1,62.11099660000001,8.881784197001252e-15,True,True,,6.849031925035006,1,1,240.0,1,62.110996600000036,1.9539925233402755e-14,True,True,,4.757295993750775,2,2,240.0,1,62.11099660000001,8.881784197001252e-15,True,2.091735931284231,30.54060711322411,2.091735931284231,30.54060711322411,0.0,0.0
13321,22,two_peak_se3_synthetic,>= reserve,5,True,False,True,,22.69279921576146,7,7,240.0,1,215.7329984,0.0,True,True,,18.585919265960953,6,6,240.0,1,212.73299840000007,2.3092638912203256e-14,True,True,,22.771564103277996,5,5,240.0,1,212.73299839999996,0.0,True,True,,19.02700263605359,5,5,240.0,1,212.73299840000004,2.6645352591003757e-14,True,4.106879949800508,18.097723029902994,3.744561467224404,16.444024003978583,0.07876488751653454,0.3470919861743093
13322,26,two_peak_se3_synthetic,>= reserve,6,True,False,True,,18.238865373637054,7,7,240.0,1,199.15299779999995,0.0,True,True,,18.238865373637054,7,7,240.0,1,199.15299779999998,0.0,True,True,,18.280873313645873,6,6,240.0,1,199.15299779999995,0.0,True,True,,18.2808733136459,6,6,240.0,1,199.15299780000018,1.865174681370263e-13,True,0.0,0.0,-2.4868995751603507e-14,-1.3603833539527833e-13,0.042007940008819133,0.23032101585408124
13323,8,two_peak_se3_synthetic,>= reserve,1,True,False,True,,0.0,0,0,0.0,0,0,2.9090005999999864,True,True,,0.0,0,0,0.0,0,0,2.9090005999999864,True,True,,0.0,0,0,0.0,0,0,2.9090005999999864,True,True,,0.0,0,0,0.0,0,0,2.9090005999999864,True,0.0,,0.0,,0.0,
13324t,18,two_peak_se3_synthetic,>= reserve,3,True,False,True,,9.754390381791865,1,1,240.0,1,113.26999633,7.105427357601002e-15,True,True,,9.627946482365335,2,2,240.0,1,118.66999633000079,8.029132914089132e-13,True,True,,9.754390381791863,1,1,240.0,1,113.26999632999998,7.105427357601002e-15,True,True,,9.627946482365303,2,2,240.0,1,118.66999632999998,0.0,True,0.12644389942652978,1.2962767992406539,0.12644389942655998,1.2962767992409636,-1.7763568394002505e-15,-1.8210844244209313e-14
13325,42,two_peak_se3_synthetic,>= reserve,10,True,False,True,,49.41424877924725,17,17,240.0,1,466.1809935,2.1316282072803006e-14,True,True,,49.384843221241084,17,17,240.0,1,466.18099350000006,3.552713678800501e-14,True,True,,52.98428302530567,10,10,240.0,1,466.1809935,4.973799150320701e-14,True,True,,52.9548774672995,10,10,240.0,1,466.18099350000006,7.815970093361102e-14,True,0.029405558006168064,0.05950825669238478,0.02940555800617517,0.05549864285628035,3.5700342460584196,7.2247061004755055
13326,21,two_peak_se3_synthetic,>= reserve,3,True,False,True,,17.11522133282841,6,6,240.0,1,178.90599863,7.105427357601002e-15,True,True,,16.8100336486643,7,7,240.0,1,184.3059986299996,0.0,True,True,,17.699131698951025,3,3,240.0,1,178.90599863,7.105427357601002e-15,True,True,,17.699131698951025,3,3,240.0,1,178.90599863,7.105427357601002e-15,True,0.3051876841641068,1.7831360648473276,0.0,0.0,0.5839103661226162,3.4116436753442847
13401,12,two_peak_se3_synthetic,>= reserve,10,True,False,True,,26.17892786104629,4,4,240.0,1,321.37999699999995,0.0,True,True,,24.773447213452112,5,5,240.0,1,321.3799969999999,0.0,True,True,,26.17892786104629,4,4,240.0,1,321.37999699999995,0.0,True,True,,24.773447213452116,5,5,240.0,1,321.37999699999995,0.0,True,1.4054806475941781,5.368747929839802,1.4054806475941746,5.368747929839789,0.0,0.0
13402,17,two_peak_se3_synthetic,>= reserve,15,True,False,True,,51.01333907905771,13,13,240.0,1,512.139996,0.0,True,True,,50.366416802921854,13,13,240.0,1,512.139996,0.0,True,True,,51.013339079057715,13,13,240.0,1,512.139996,2.1316282072803006e-14,True,True,,50.366416802921854,13,13,240.0,1,512.1399959999999,0.0,True,0.6469222761358537,1.2681433676264333,0.6469222761358608,1.268143367626447,7.105427357601002e-15,1.3928567480339595e-14
13403,14,two_peak_se3_synthetic,>= reserve,12,True,False,True,,40.46225736260433,12,12,240.0,1,405.60999649999997,0.0,True,True,,37.46940170818171,11,11,240.0,1,405.6099964999999,0.0,True,True,,40.46225736260433,12,12,240.0,1,405.60999649999997,2.1316282072803006e-14,True,True,,37.469401708181714,11,11,240.0,1,405.60999649999997,2.1316282072803006e-14,True,2.992855654422627,7.396660121065458,2.9928556544226197,7.396660121065439,0.0,0.0
13404,17,two_peak_se3_synthetic,>= reserve,15,True,False,True,,48.571154968843345,13,13,240.0,1,512.1399959999999,0.0,True,True,,48.36531606280011,13,13,240.0,1,512.1399959999999,0.0,True,True,,48.571154968843345,13,13,240.0,1,512.1399959999999,0.0,True,True,,48.36531606280011,13,13,240.0,1,512.1399959999999,0.0,True,0.2058389060432333,0.4237883702277032,0.2058389060432333,0.4237883702277032,0.0,0.0
13405,13,two_peak_se3_synthetic,>= reserve,12,True,False,True,,37.43952348996204,12,12,240.0,1,342.9099964999999,1.865174681370263e-14,True,True,,36.56302782167796,13,13,240.0,1,342.9099965,1.865174681370263e-14,True,True,,37.43952348996204,12,12,240.0,1,342.9099964999999,0.0,True,True,,36.71236597489543,12,12,240.0,1,342.9099964999999,1.1546319456101628e-14,True,0.876495668284079,2.3410972859178547,0.7271575150666152,1.9422189367916884,0.0,0.0
13406,14,two_peak_se3_synthetic,>= reserve,12,True,False,True,,34.906654857401,7,7,240.0,1,365.20999649999993,0.0,True,True,,34.08235411233879,8,8,240.0,1,365.20999649999993,0.0,True,True,,34.906654857401,7,7,240.0,1,365.2099965,2.398081733190338e-14,True,True,,34.08235411233879,8,8,240.0,1,365.20999649999993,0.0,True,0.8243007450622102,2.3614429638978707,0.8243007450622102,2.3614429638978707,0.0,0.0
13407,17,two_peak_se3_synthetic,>= reserve,16,True,False,True,,46.53707808508159,10,10,240.0,1,511.36999549999996,0.0,True,True,,44.87776445473308,11,11,240.0,1,511.3699954999999,0.0,True,True,,46.53707808508159,10,10,240.0,1,511.36999549999996,0.0,True,True,,44.87776445473308,10,10,240.0,1,511.3699954999999,0.0,True,1.6593136303485068,3.5655732990259086,1.6593136303485068,3.5655732990259086,0.0,0.0
13408,11,two_peak_se3_synthetic,>= reserve,9,True,False,True,,21.947909192486364,3,3,240.0,1,259.4499975,0.0,True,True,,20.654064640214624,4,4,240.0,1,259.4499975,0.0,True,True,,21.947909192486364,3,3,240.0,1,259.4499975,0.0,True,True,,20.654064640214624,4,4,240.0,1,259.4499975,0.0,True,1.2938445522717394,5.895069735000878,1.2938445522717394,5.895069735000878,0.0,0.0
13409,17,two_peak_se3_synthetic,>= reserve,14,True,False,True,,51.95121883130128,15,15,240.0,1,512.139996,2.1316282072803006e-14,True,True,,50.85559925907366,15,15,240.0,1,512.139996,0.0,True,True,,52.31689787556418,14,14,240.0,1,512.139996,0.0,True,True,,51.22127830333656,14,14,240.0,1,512.139996,1.4210854715202004e-14,True,1.0956195722276263,2.10893911033229,1.0956195722276192,2.0941982738226415,0.36567904426289743,0.703889249355919
13410,15,two_peak_se3_synthetic,>= reserve,13,True,False,True,,43.696553662729535,11,11,240.0,1,427.13999599999994,4.440892098500626e-15,True,True,,41.97685361861838,12,12,240.0,1,427.1399959999999,4.440892098500626e-15,True,True,,43.69655366272953,11,11,240.0,1,427.13999599999994,4.440892098500626e-15,True,True,,41.97685361861838,12,12,240.0,1,427.1399959999999,4.440892098500626e-15,True,1.719700044111157,3.9355507470557227,1.7197000441111499,3.935550747055707,-7.105427357601002e-15,-1.6260841558453367e-14
13411,14,two_peak_se3_synthetic,>= reserve,13,True,False,True,,44.62435144110805,13,13,240.0,1,365.20999649999993,0.0,True,True,,43.95264448036698,13,13,240.0,1,365.20999649999993,0.0,True,True,,44.62435144110805,13,13,240.0,1,365.20999649999993,0.0,True,True,,43.95264448036697,13,13,240.0,1,365.20999649999993,0.0,True,0.6717069607410693,1.5052475588973857,0.6717069607410764,1.5052475588974017,0.0,0.0
13412,15,two_peak_se3_synthetic,>= reserve,12,True,False,True,,43.40717153688213,8,8,240.0,1,427.139996,1.865174681370263e-14,True,True,,42.299632198549524,8,8,240.0,1,427.1399959999999,0.0,True,True,,43.40717153688212,8,8,240.0,1,427.13999599999994,0.0,True,True,,42.29963219854953,8,8,240.0,1,427.13999599999994,0.0,True,1.1075393383326073,2.5515123402858793,1.107539338332586,2.551512340285831,-1.4210854715202004e-14,-3.2738495073624755e-14
13413,15,two_peak_se3_synthetic,>= reserve,14,True,False,True,,46.453377217355055,12,12,240.0,1,427.9099965,7.105427357601002e-15,True,True,,44.87487637997703,12,12,240.0,1,427.90999650000003,4.263256414560601e-14,True,True,,46.453377217355055,12,12,240.0,1,427.9099965,0.0,True,True,,44.87487637997703,12,12,240.0,1,427.90999650000003,4.263256414560601e-14,True,1.578500837378023,3.39803246164908,1.578500837378023,3.39803246164908,0.0,0.0
13414,12,two_peak_se3_synthetic,>= reserve,9,True,False,True,,26.91144123618528,6,6,240.0,1,280.979997,3.2862601528904634e-14,True,True,,26.297285174260264,6,6,240.0,1,280.97999699999997,0.0,True,True,,26.911441236185276,6,6,240.0,1,280.97999699999997,4.440892098500626e-15,True,True,,26.297285174260264,6,6,240.0,1,280.97999699999997,0.0,True,0.6141560619250157,2.2821373873474227,0.6141560619250122,2.28213738734741,-3.552713678800501e-15,-1.3201499123070011e-14
13301,36,two_peak_se3_synthetic,>= initial,7,True,False,True,,52.300515122795716,11,11,240.0,1,650.3349978599999,240.0,True,True,,49.6982545235135,11,11,240.0,1,650.33499786,240.0,True,True,,56.77291671468321,7,7,240.0,1,650.3349978599999,240.0,True,True,,55.42983881471319,7,7,240.0,1,650.3349978599999,240.0,True,2.602260599282218,4.975592674703878,1.3430778999700195,2.3657017776975664,4.472401591887497,8.55135285261876
13302,50,two_peak_se3_synthetic,>= initial,13,False,True,False,HiGHS status 2: The problem is infeasible. (HiGHS Status 8: model_status is Infeasible; primal_status is None),,,,,,,,False,False,HiGHS status 2: The problem is infeasible. (HiGHS Status 8: model_status is Infeasible; primal_status is None),,,,,,,,False,False,HiGHS status 2: The problem is infeasible. (HiGHS Status 8: model_status is Infeasible; primal_status is None),,,,,,,,False,False,HiGHS status 2: The problem is infeasible. (HiGHS Status 8: model_status is Infeasible; primal_status is None),,,,,,,,False,,,,,,
13303,54,two_peak_se3_synthetic,>= initial,10,False,True,True,,70.67377420327408,17,17,240.0,1,749.7189957,240.0,True,True,,70.4091241812185,17,17,240.0,1,749.7189957,240.0,True,False,HiGHS status 2: The problem is infeasible. (HiGHS Status 8: model_status is Infeasible; primal_status is None),,,,,,,,False,False,HiGHS status 2: The problem is infeasible. (HiGHS Status 8: model_status is Infeasible; primal_status is None),,,,,,,,False,,,,,,
13304,37,two_peak_se3_synthetic,>= initial,9,False,True,False,HiGHS status 2: The problem is infeasible. (HiGHS Status 8: model_status is Infeasible; primal_status is None),,,,,,,,False,False,HiGHS status 2: The problem is infeasible. (HiGHS Status 8: model_status is Infeasible; primal_status is None),,,,,,,,False,False,HiGHS status 2: The problem is infeasible. (HiGHS Status 8: model_status is Infeasible; primal_status is None),,,,,,,,False,False,HiGHS status 2: The problem is infeasible. (HiGHS Status 8: model_status is Infeasible; primal_status is None),,,,,,,,False,,,,,,
13305,30,two_peak_se3_synthetic,>= initial,8,True,False,True,,51.93527688360035,11,11,240.0,1,478.76299674,240.0,True,True,,29.17301223784228,6,6,240.0,1,478.76299674,240.0,True,True,,55.3473087224525,8,8,240.0,1,478.76299674000006,240.0,True,True,,29.17301223784228,6,6,240.0,1,478.76299674,240.0,True,22.762264645758073,43.82813765828932,26.174296484610224,47.29100129486912,3.412031838852151,6.569776929271694
13306,30,two_peak_se3_synthetic,>= initial,7,True,False,True,,63.0812330504909,8,8,240.0,1,497.03799598,239.99999999999994,True,True,,33.37634759023566,6,6,240.0,1,497.03799598000006,240.0,True,True,,63.23628418399075,7,7,240.0,1,497.03799597999995,239.99999999999994,True,True,,33.37634759023566,6,6,240.0,1,497.03799598,240.0,True,29.70488546025524,47.08989349729281,29.859936593755087,47.219625534725196,0.15505113349984612,0.2457959776654041
13307,15,two_peak_se3_synthetic,>= initial,3,True,False,True,,44.56629139923285,7,7,240.0,1,303.33299732,240.0,True,True,,14.561323335507437,4,4,240.0,1,303.33299732,240.0,True,True,,46.77796741763449,3,3,240.0,1,303.33299732,240.0,True,True,,14.729355095542726,3,3,240.0,1,303.33299731999995,240.0,True,30.004968063725414,67.32659847088355,32.04861232209177,68.51219514512294,2.21167601840164,4.962665613319826
13308,31,two_peak_se3_synthetic,>= initial,6,True,False,True,,57.025363115001674,12,12,240.0,1,602.1689964,240.0,True,True,,47.325351806825566,11,11,240.0,1,602.1689964,240.0,True,True,,62.0623252100686,6,6,240.0,1,599.1689964,240.0,True,True,,52.19470212884065,6,6,240.0,1,602.1689964000266,240.0,True,9.700011308176109,17.00999481338563,9.867623081227947,15.899538162368248,5.036962095066926,8.832845281333862
13309,22,two_peak_se3_synthetic,>= initial,4,True,False,True,,60.13605656361774,5,5,240.0,1,462.2419969,240.0,True,True,,29.36174341861348,4,4,240.0,1,462.24199690000006,240.0,True,True,,60.724167723737565,4,4,240.0,1,462.24199689997,239.99999999997,True,True,,29.361743418613475,4,4,240.0,1,462.2419969,240.0,True,30.774313145004264,51.17447818090336,31.36242430512409,51.647351426546216,0.5881111601198228,0.97796761830843
13310,24,two_peak_se3_synthetic,>= initial,5,True,False,True,,52.873482074505624,9,9,240.0,1,443.30799546,239.99999999999994,True,True,,30.102196178682174,7,7,240.0,1,443.30799546,240.0,True,True,,54.35734952922959,5,5,240.0,1,443.30799546,239.99999999999997,True,True,,30.990832046270764,5,5,240.0,1,443.3079954599999,240.0,True,22.77128589582345,43.06749811509622,23.366517482958823,42.986859523741025,1.4838674547239634,2.8064492757125414
13311,14,two_peak_se3_synthetic,>= initial,4,True,False,True,,43.33136171061298,8,8,240.0,1,320.5479961,239.99999999999997,True,True,,15.312620544386176,4,4,240.0,1,320.5479960999998,239.99999999999983,True,True,,47.19325241676788,4,4,240.0,1,320.5479961,239.9999999999999,True,True,,15.312620544386187,4,4,240.0,1,320.54799610000003,240.0,True,28.018741166226803,64.66157549663224,31.8806318723817,67.55336883934372,3.8618907061549024,8.912460983678304
13312,46,two_peak_se3_synthetic,>= initial,14,False,True,False,HiGHS status 2: The problem is infeasible. (HiGHS Status 8: model_status is Infeasible; primal_status is None),,,,,,,,False,False,HiGHS status 2: The problem is infeasible. (HiGHS Status 8: model_status is Infeasible; primal_status is None),,,,,,,,False,False,HiGHS status 2: The problem is infeasible. (HiGHS Status 8: model_status is Infeasible; primal_status is None),,,,,,,,False,False,HiGHS status 2: The problem is infeasible. (HiGHS Status 8: model_status is Infeasible; primal_status is None),,,,,,,,False,,,,,,
13313,37,two_peak_se3_synthetic,>= initial,9,True,False,True,,61.48441560644772,14,14,240.0,1,682.62098856,240.0,True,True,,60.21997661218215,14,14,240.0,1,682.62098856,240.0,True,True,,62.8916815967433,9,9,240.0,1,682.62098856,240.0,True,True,,61.62724260247773,9,9,240.0,1,682.62098856,240.0,True,1.2644389942655678,2.056519496516072,1.2644389942655678,2.010502759924683,1.4072659902955778,2.2888173798434885
13314,16,two_peak_se3_synthetic,>= initial,3,True,False,True,,51.560886784617736,6,6,240.0,1,362.17499946,240.0,True,True,,20.932293905731385,4,4,240.0,1,362.17499946,240.0,True,True,,55.502176729374206,3,3,240.0,1,362.17499946000004,240.0,True,True,,20.999506609745495,3,3,240.0,1,362.17499946,240.0,True,30.62859287888635,59.40276591213292,34.50267011962871,62.16453507375391,3.9412899447564698,7.643952985564793
13315,31,two_peak_se3_synthetic,>= initial,6,True,False,True,,59.021733262654266,7,7,240.0,1,444.26999966,240.0,True,True,,29.688849006976575,6,6,240.0,1,444.26999966,240.0,True,True,,60.029923822865996,6,6,240.0,1,444.26999966,240.0,True,True,,29.68884900697658,6,6,240.0,1,444.26999966000005,240.0,True,29.33288425567769,49.698446037059945,30.341074815889417,50.54325057186263,1.0081905602117303,1.7081683381359765
13316uwt,21,two_peak_se3_synthetic,>= initial,5,True,False,True,,57.910118879093766,7,7,240.0,1,411.53799816000003,239.99999999999994,True,True,,26.50582319903957,6,6,240.0,1,411.53799816000003,240.0,True,True,,60.073527789548095,5,5,240.0,1,411.53799816000003,239.99999999999997,True,True,,26.879042722724265,5,5,240.0,1,411.53799816,240.0,True,31.404295680054197,54.229375259306394,33.19448506682383,55.25642706236936,2.1634089104543293,3.735804644040103
13317,37,two_peak_se3_synthetic,>= initial,8,True,False,True,,50.49180538497082,10,10,240.0,1,628.9509970199999,240.0,True,True,,48.912306840639076,10,10,240.0,1,628.95099702,240.0,True,True,,50.89088081505463,8,8,240.0,1,628.9509970199999,240.0,True,True,,49.31138227072272,8,8,240.0,1,628.9509970199956,240.0,True,1.5794985443317415,3.12822750600613,1.579498544331912,3.103696613293166,0.39907543008381197,0.7903766305068567
13318,33,two_peak_se3_synthetic,>= initial,8,True,False,True,,57.52459560165569,13,13,240.0,1,588.68099446,239.99999999999997,True,True,,53.73314274955231,11,11,240.0,1,592.68099446,239.99999999999991,True,True,,59.41495290205269,8,8,240.0,1,588.68099446,239.99999999999991,True,True,,54.489285669710824,8,8,240.0,1,592.6809944599979,239.99999999999787,True,3.791452852103383,6.591011744538464,4.9256672323418655,8.290282145745321,1.8903573003969996,3.2861722548860315
13319,27,two_peak_se3_synthetic,>= initial,8,False,True,False,HiGHS status 2: The problem is infeasible. (HiGHS Status 8: model_status is Infeasible; primal_status is None),,,,,,,,False,False,HiGHS status 2: The problem is infeasible. (HiGHS Status 8: model_status is Infeasible; primal_status is None),,,,,,,,False,False,HiGHS status 2: The problem is infeasible. (HiGHS Status 8: model_status is Infeasible; primal_status is None),,,,,,,,False,False,HiGHS status 2: The problem is infeasible. (HiGHS Status 8: model_status is Infeasible; primal_status is None),,,,,,,,False,,,,,,
13320,16,two_peak_se3_synthetic,>= initial,3,True,False,True,,39.60376212391914,4,4,240.0,1,302.1109966,239.99999999999997,True,True,,14.92657811108644,2,2,240.0,1,302.1109966,240.0,True,True,,39.96800246554982,3,3,240.0,1,302.1109966,239.99999999999994,True,True,,14.92657811108644,2,2,240.0,1,302.1109966,240.0,True,24.677184012832697,62.31020158039135,25.04142435446338,62.6536799682388,0.3642403416306834,0.9197114670343309
13321,22,two_peak_se3_synthetic,>= initial,5,False,True,True,,44.637132691869084,8,8,240.0,1,452.7329984,239.99999999999997,True,True,,41.18144928146692,8,8,240.0,1,452.7329984,239.99999999999997,True,False,HiGHS status 2: The problem is infeasible. (HiGHS Status 8: model_status is Infeasible; primal_status is None),,,,,,,,False,False,HiGHS status 2: The problem is infeasible. (HiGHS Status 8: model_status is Infeasible; primal_status is None),,,,,,,,False,,,,,,
13322,26,two_peak_se3_synthetic,>= initial,6,True,False,True,,53.16546379933871,13,13,240.0,1,439.1529978,239.99999999999994,True,True,,27.81667569564849,8,8,240.0,1,439.1529977999999,240.0,True,True,,57.73596966553583,6,6,240.0,1,439.1529978,239.99999999999994,True,True,,28.588140942612416,6,6,240.0,1,439.1529978,240.0,True,25.348788103690218,47.67905006784783,29.147828722923418,50.484695921410236,4.570505866197124,8.596757254761263
13323,8,two_peak_se3_synthetic,>= initial,1,True,False,True,,31.696308619202178,4,4,240.0,1,210.49099940000002,240.0,True,True,,8.400178611432601,1,1,240.0,1,210.49099940000002,240.0,True,True,,34.58410245977103,1,1,240.0,1,210.49099940000002,240.0,True,True,,8.400178611432601,1,1,240.0,1,210.49099940000002,240.0,True,23.296130007769577,73.4979277481428,26.18392384833843,75.71086709217373,2.887793840568854,9.110820680296438
13324t,18,two_peak_se3_synthetic,>= initial,3,True,False,True,,38.254616294343194,4,4,240.0,1,353.26999633,239.99999999999994,True,True,,19.332200703803302,2,2,240.0,1,353.26999632999997,240.0,True,True,,38.485659964391715,3,3,240.0,1,353.26999633,240.0,True,True,,19.332200703803306,2,2,240.0,1,353.26999633,240.0,True,18.92241559053989,49.46439782572855,19.15345926058841,49.76778176159604,0.23104367004852122,0.6039628479627078
13325,42,two_peak_se3_synthetic,>= initial,10,False,True,False,HiGHS status 2: The problem is infeasible. (HiGHS Status 8: model_status is Infeasible; primal_status is None),,,,,,,,False,False,HiGHS status 2: The problem is infeasible. (HiGHS Status 8: model_status is Infeasible; primal_status is None),,,,,,,,False,False,HiGHS status 2: The problem is infeasible. (HiGHS Status 8: model_status is Infeasible; primal_status is None),,,,,,,,False,False,HiGHS status 2: The problem is infeasible. (HiGHS Status 8: model_status is Infeasible; primal_status is None),,,,,,,,False,,,,,,
13326,21,two_peak_se3_synthetic,>= initial,3,True,False,True,,51.870868484261244,8,8,240.0,1,418.90599862999994,239.99999999999994,True,True,,26.69303165483985,7,7,240.0,1,418.90599863,240.0,True,True,,58.68455635369221,3,3,240.0,1,418.90599862999994,239.99999999999994,True,True,,28.33974290318563,3,3,240.0,1,418.90599863,240.0,True,25.177836829421395,48.539454929429034,30.344813450506578,51.70834600438689,6.813687869430964,13.135866177946077
13401,12,two_peak_se3_synthetic,>= initial,10,True,False,True,,60.7403827812333,9,9,240.0,1,561.3799969999999,239.99999999999997,True,True,,35.756738183057735,5,5,240.0,1,561.379997,240.0,True,True,,60.74038278123331,9,9,240.0,1,561.379997,240.0,True,True,,35.756738183057735,5,5,240.0,1,561.379997,240.0,True,24.983644598175566,41.131852408896336,24.983644598175573,41.13185240889635,7.105427357601002e-15,1.1698028613340144e-14
13402,17,two_peak_se3_synthetic,>= initial,15,True,False,True,,65.45577386343882,13,13,240.0,1,752.139996,240.0,True,True,,62.809273642883014,13,13,240.0,1,752.1399959999999,240.0,True,True,,65.45577386343884,13,13,240.0,1,752.139996,240.0,True,True,,62.809273642883014,13,13,240.0,1,752.1399959999999,240.0,True,2.646500220555808,4.043188345885626,2.646500220555822,4.043188345885647,1.4210854715202004e-14,2.171062058612321e-14
13403,14,two_peak_se3_synthetic,>= initial,12,True,False,True,,63.650640247474165,12,12,240.0,1,645.6099965,240.0,True,True,,49.99081339070838,12,12,240.0,1,645.6099965,240.0,True,True,,63.65064024747417,12,12,240.0,1,645.6099965,240.0,True,True,,49.990813390708375,12,12,240.0,1,645.6099965,240.0,True,13.659826856765783,21.46062758152357,13.659826856765797,21.46062758152359,7.105427357601002e-15,1.116316714172088e-14
13404,17,two_peak_se3_synthetic,>= initial,15,True,False,True,,61.840990609926706,14,14,240.0,1,752.1399959999999,240.0,True,True,,60.811796079710554,14,14,240.0,1,752.139996,240.0,True,True,,61.84099060992671,14,14,240.0,1,752.139996,240.0,True,True,,60.81179607971055,14,14,240.0,1,752.1399959999999,240.0,True,1.0291945302161523,1.664259450027222,1.0291945302161665,1.664259450027245,7.105427357601002e-15,1.148983431138705e-14
13405,13,two_peak_se3_synthetic,>= initial,12,False,True,True,,80.94830213869247,13,13,240.0,1,582.9099964999999,240.0,True,True,,47.01733381197349,13,13,240.0,1,582.9099965,240.0,True,False,HiGHS status 2: The problem is infeasible. (HiGHS Status 8: model_status is Infeasible; primal_status is None),,,,,,,,False,False,HiGHS status 2: The problem is infeasible. (HiGHS Status 8: model_status is Infeasible; primal_status is None),,,,,,,,False,,,,,,
13406,14,two_peak_se3_synthetic,>= initial,12,True,False,True,,47.32945291650994,7,7,240.0,1,605.2099965,240.0,True,True,,44.04516720453109,8,8,240.0,1,605.2099965,240.0,True,True,,47.32945291650994,7,7,240.0,1,605.2099965,240.0,True,True,,44.04516720453109,8,8,240.0,1,605.2099965,240.0,True,3.2842857119788533,6.939200665962473,3.2842857119788533,6.939200665962473,0.0,0.0
13407,17,two_peak_se3_synthetic,>= initial,16,True,False,True,,63.15190089045253,11,11,240.0,1,751.3699955,240.0,True,True,,63.1098929504437,12,12,240.0,1,751.3699955,240.0,True,True,,63.151900890452524,11,11,240.0,1,751.3699955,240.0,True,True,,63.1098929504437,11,11,240.0,1,751.3699955,240.0,True,0.04200794000882979,0.06651888449359512,0.042007940008822686,0.06651888449358388,-7.105427357601002e-15,-1.1251327762764492e-14
13408,11,two_peak_se3_synthetic,>= initial,9,True,False,True,,54.92795419866972,8,8,240.0,1,499.4499975,240.0,True,True,,31.52571951449726,4,4,240.0,1,499.44999749998783,239.99999999998914,True,True,,54.92795419866972,8,8,240.0,1,499.4499975,240.0,True,True,,31.525719514497805,4,4,240.0,1,499.4499975,240.0,True,23.402234684172456,42.605327333926496,23.402234684171912,42.60532733392551,0.0,0.0
13409,17,two_peak_se3_synthetic,>= initial,14,False,True,False,HiGHS status 2: The problem is infeasible. (HiGHS Status 8: model_status is Infeasible; primal_status is None),,,,,,,,False,False,HiGHS status 2: The problem is infeasible. (HiGHS Status 8: model_status is Infeasible; primal_status is None),,,,,,,,False,False,HiGHS status 2: The problem is infeasible. (HiGHS Status 8: model_status is Infeasible; primal_status is None),,,,,,,,False,False,HiGHS status 2: The problem is infeasible. (HiGHS Status 8: model_status is Infeasible; primal_status is None),,,,,,,,False,,,,,,
13410,15,two_peak_se3_synthetic,>= initial,13,False,True,False,HiGHS status 2: The problem is infeasible. (HiGHS Status 8: model_status is Infeasible; primal_status is None),,,,,,,,False,False,HiGHS status 2: The problem is infeasible. (HiGHS Status 8: model_status is Infeasible; primal_status is None),,,,,,,,False,False,HiGHS status 2: The problem is infeasible. (HiGHS Status 8: model_status is Infeasible; primal_status is None),,,,,,,,False,False,HiGHS status 2: The problem is infeasible. (HiGHS Status 8: model_status is Infeasible; primal_status is None),,,,,,,,False,,,,,,
13411,14,two_peak_se3_synthetic,>= initial,13,True,False,True,,71.92216105734097,13,13,240.0,1,605.2099965,240.0,True,True,,54.4888659536797,13,13,240.0,1,605.2099965,240.0,True,True,,71.92216105734097,13,13,240.0,1,605.2099965,240.0,True,True,,54.48886595367969,13,13,240.0,1,605.2099965,240.0,True,17.433295103661273,24.23911468644877,17.43329510366128,24.23911468644878,0.0,0.0
13412,15,two_peak_se3_synthetic,>= initial,12,True,False,True,,53.10785508341937,8,8,240.0,1,667.139996,240.0,True,True,,52.05765658319881,8,8,240.0,1,667.1399959999999,240.0,True,True,,53.107855083419366,8,8,240.0,1,667.139996,240.0,True,True,,52.05765658319881,8,8,240.0,1,667.139996,240.0,True,1.05019850022056,1.977482424343737,1.050198500220553,1.977482424343724,-7.105427357601002e-15,-1.337923993812238e-14
13413,15,two_peak_se3_synthetic,>= initial,14,True,False,True,,62.296514290787734,12,12,240.0,1,667.9099964999999,240.0,True,True,,57.38594360465103,13,13,240.0,1,667.9099965,240.0,True,True,,62.296514290787734,12,12,240.0,1,667.9099964999999,240.0,True,True,,57.38594360465103,13,13,240.0,1,667.9099965000001,240.0,True,4.910570686136701,7.882576966048428,4.910570686136701,7.882576966048428,0.0,0.0
13414,12,two_peak_se3_synthetic,>= initial,9,True,False,True,,51.71712981139479,7,7,240.0,1,520.9799969999999,240.0,True,True,,36.48925155819671,7,7,240.0,1,520.9799969999999,240.0,True,True,,51.71712981139479,7,7,240.0,1,520.9799969999999,240.0,True,True,,36.48925155819671,7,7,240.0,1,520.9799969999999,240.0,True,15.227878253198078,29.444554074698345,15.227878253198078,29.444554074698345,0.0,0.0
