elapsed_s,iteration,lp_obj,route_weight,artificials,min_rc,pool_columns
1.05,1,7100000.000000,71.000000000,0.000000,-3599927.920000,71
1.20,2,3500072.080000,35.000000000,0.000000,-1899938.872000,75
1.35,3,2866761.781333,28.666666667,0.000000,-1899953.752000,80
1.51,4,2866761.781333,28.666666667,0.000000,-2766594.765333,88
1.67,5,2440104.888000,24.400000000,0.000000,-1999930.896000,94
1.83,6,2440104.888000,24.400000000,0.000000,-2699936.312000,110
1.99,7,2180116.286400,21.800000000,0.000000,-2189953.907200,118
2.16,8,2070120.060000,20.700000000,0.000000,-2199960.984000,128
2.31,9,1892981.325143,18.928571429,0.000000,-1842814.041143,132
2.48,10,1859216.423758,18.590909091,0.000000,-2599958.216000,140
2.64,11,1766793.850765,17.666666667,0.000000,-1766635.365432,147
2.80,12,1742404.359740,17.422764228,0.000000,-2447499.623707,160
2.96,13,1674043.626261,16.739130435,0.000000,-1808631.985913,172
3.12,14,1641689.837091,16.415584416,0.000000,-1984390.141091,181
3.29,15,1604071.676336,16.039388595,0.000000,-1823090.263443,193
3.46,16,1598631.208334,15.984974958,0.000000,-2012657.966958,198
3.63,17,1560629.414280,15.604938272,0.000000,-1957974.899547,208
3.79,18,1545007.722769,15.448717949,0.000000,-2106990.285692,214
3.94,19,1526965.977740,15.268298396,0.000000,-1724426.966305,224
4.10,20,1518985.735794,15.188494492,0.000000,-1402005.934475,235
4.27,21,1514779.013619,15.146422629,0.000000,-1907423.364420,241
4.43,22,1506102.233643,15.059654006,0.000000,-1594250.394705,245
4.59,23,1502737.944248,15.026012768,0.000000,-1478627.992247,257
4.78,24,1491366.226552,14.912302613,0.000000,-1673223.448818,264
4.94,25,1485753.623872,14.856173239,0.000000,-1503682.965107,275
5.10,26,1473289.443213,14.731529167,0.000000,-1348483.603590,291
5.26,27,1470310.787005,14.701740957,0.000000,-1391096.881950,305
5.42,28,1465306.501046,14.651697256,0.000000,-1315589.028825,308
5.59,29,1454819.501184,14.546813225,0.000000,-1488913.905210,317
5.77,30,1451654.578139,14.515164593,0.000000,-1409931.126334,322
5.92,31,1435156.009621,14.350166438,0.000000,-1318459.763353,326
6.09,32,1425784.556936,14.256450085,0.000000,-1440197.985524,336
6.26,33,1413504.297417,14.133633621,0.000000,-1308605.017732,340
6.44,34,1399887.374825,13.997446034,0.000000,-1364964.126162,348
6.62,35,1384490.541548,13.843475702,0.000000,-1366342.103486,356
6.78,36,1369443.806423,13.693006162,0.000000,-1191447.190088,371
6.93,37,1348530.512125,13.483860847,0.000000,-1156111.909095,377
7.11,38,1317024.934302,13.168807281,0.000000,-1312081.016478,384
7.28,39,1287034.085692,12.868883251,0.000000,-1480672.062179,393
7.45,40,1257060.634137,12.569128482,0.000000,-1287387.596592,401
7.61,41,1245673.555579,12.455256708,0.000000,-1128873.116134,405
7.78,42,1240140.195319,12.399923857,0.000000,-982897.819768,409
7.94,43,1233609.550687,12.334619699,0.000000,-1009529.101546,426
8.12,44,1217190.779503,12.170423962,0.000000,-1101150.254793,436
8.29,45,1209081.124476,12.089323119,0.000000,-1001498.077311,441
8.45,46,1200192.098848,12.000424813,0.000000,-1087481.248187,453
8.61,47,1159209.792762,11.590543865,0.000000,-1092119.261644,465
8.78,48,1127419.059972,11.272592617,0.000000,-1343383.321195,475
8.96,49,1083120.947139,10.829578615,0.000000,-1321137.813311,488
9.13,50,1032682.538307,10.325150646,0.000000,-1408364.954015,493
9.30,51,1000422.043418,10.002538279,0.000000,-1122137.513234,503
9.47,52,986755.432677,9.865849472,0.000000,-931452.072229,511
9.63,53,980923.108724,9.807526190,0.000000,-950342.244253,518
9.79,54,920017.653368,9.198441867,0.000000,-1396382.510308,522
9.98,55,850219.295008,8.500427376,0.000000,-1228861.821313,533
10.15,56,781924.091203,7.817454265,0.000000,-1210777.761259,549
10.31,57,769382.387523,7.692034662,0.000000,-832754.099230,559
10.48,58,742197.693474,7.420173549,0.000000,-1017361.078552,568
10.65,59,723748.460176,7.235690238,0.000000,-1359116.311961,580
10.82,60,706079.442081,7.058977845,0.000000,-1211227.522613,591
10.99,61,686325.274459,6.861424046,0.000000,-1089602.349806,603
11.17,62,681555.266136,6.813720365,0.000000,-922422.380594,616
11.34,63,674168.952374,6.739856110,0.000000,-824423.617290,632
11.52,64,667622.130299,6.674385962,0.000000,-919014.982817,640
11.75,65,651576.980047,6.513903896,0.000000,-815186.490904,655
11.93,66,634899.242760,6.347131157,0.000000,-737532.457987,671
12.11,67,626011.739838,6.258249313,0.000000,-765031.473840,685
12.28,68,617173.829332,6.169860945,0.000000,-670786.666990,692
12.45,69,591380.417386,5.911925632,0.000000,-743986.118344,707
12.62,70,574542.386796,5.743521345,0.000000,-634495.443959,722
12.80,71,565862.921453,5.656731592,0.000000,-823591.084624,734
12.98,72,550875.171614,5.506867375,0.000000,-918628.673633,743
13.14,73,530976.861764,5.307861618,0.000000,-711898.024396,753
13.31,74,510708.748412,5.105162959,0.000000,-770652.463381,762
13.48,75,490981.524410,4.907878477,0.000000,-658836.892385,779
13.66,76,476107.979044,4.759151228,0.000000,-454431.561914,789
13.83,77,467285.524609,4.670929753,0.000000,-472881.005231,804
14.01,78,451675.661281,4.514827128,0.000000,-495114.101350,821
14.20,79,442276.985233,4.420822315,0.000000,-276565.878504,829
14.39,80,435771.304882,4.355743717,0.000000,-427211.228405,837
14.58,81,429137.885189,4.289410538,0.000000,-312144.607337,852
14.76,82,426249.381590,4.260532364,0.000000,-108441.286885,874
14.95,83,423976.348041,4.237812162,0.000000,-105141.444056,880
15.13,84,422779.381829,4.225818250,0.000000,-116603.170272,888
15.34,85,419259.228414,4.190613593,0.000000,-85453.513188,897
15.52,86,417256.910860,4.170587485,0.000000,-91996.816642,905
15.71,87,414734.961828,4.145365183,0.000000,-98770.709103,914
15.90,88,413439.264439,4.132403055,0.000000,-113487.298409,936
16.09,89,408470.943636,4.082721588,0.000000,-70655.121416,941
16.27,90,405987.352427,4.057881227,0.000000,-72812.566481,954
16.46,91,404800.872312,4.046015162,0.000000,-69720.445438,961
16.64,92,402361.247122,4.021616261,0.000000,-71833.762771,971
16.83,93,401339.940377,4.011408117,0.000000,-65482.565135,979
17.03,94,399096.614315,3.988983971,0.000000,-66281.653862,992
17.23,95,398073.735871,3.978758244,0.000000,-66193.309368,1002
17.42,96,397250.638510,3.970521492,0.000000,-67010.808922,1012
17.61,97,396672.052761,3.964739948,0.000000,-59332.337187,1019
17.80,98,395576.239093,3.953785465,0.000000,-69040.397974,1028
17.99,99,395048.242776,3.948505257,0.000000,-79220.707417,1033
18.18,100,394632.956894,3.944350531,0.000000,-62398.112672,1040
18.38,101,393804.318922,3.936069986,0.000000,-59927.910139,1055
18.57,102,392979.982532,3.927828304,0.000000,-82467.073997,1063
18.77,103,392155.622820,3.919579086,0.000000,-61932.743907,1071
18.95,104,391518.773273,3.913213588,0.000000,-50834.778431,1079
19.13,105,390499.675129,3.903031444,0.000000,-58208.426849,1089
19.34,106,387700.825755,3.875045767,0.000000,-50903.147667,1098
19.53,107,386486.235262,3.862881665,0.000000,-74368.081727,1102
19.72,108,385905.631402,3.857077726,0.000000,-54100.412472,1111
19.92,109,384725.916440,3.845288802,0.000000,-55570.136118,1115
20.13,110,384237.010101,3.840400300,0.000000,-50791.103615,1122
20.33,111,383547.341916,3.833491784,0.000000,-53952.262767,1131
20.53,112,382980.212819,3.827820714,0.000000,-45863.059719,1139
20.72,113,382477.279255,3.822779238,0.000000,-50684.785754,1147
20.91,114,381314.543277,3.811163639,0.000000,-57074.442369,1155
21.11,115,379987.946573,3.797907406,0.000000,-36472.103851,1162
21.32,116,379379.831398,3.791813531,0.000000,-43359.682418,1167
21.52,117,378997.337759,3.787999435,0.000000,-53896.793637,1176
21.72,118,378708.610140,3.785115015,0.000000,-35882.908733,1184
21.92,119,378281.523294,3.780848174,0.000000,-45403.355282,1192
22.12,120,377788.599551,3.775926525,0.000000,-54096.841582,1196
22.33,121,377528.751658,3.773320825,0.000000,-45388.920509,1204
22.54,122,377144.395201,3.769485548,0.000000,-42563.348122,1214
22.74,123,376943.237905,3.767472084,0.000000,-42182.937624,1225
22.93,124,376564.870663,3.763692014,0.000000,-37591.483843,1230
23.14,125,376138.148593,3.759423531,0.000000,-42312.354516,1240
23.34,126,375081.131313,3.748837393,0.000000,-60275.467751,1246
23.55,127,374637.128697,3.744399053,0.000000,-39642.937181,1256
23.76,128,374295.957940,3.740986535,0.000000,-40671.598077,1262
24.03,129,373871.470488,3.736742339,0.000000,-47063.847658,1270
24.24,130,373526.879259,3.733288541,0.000000,-54494.867623,1279
24.45,131,372937.631669,3.727419882,0.000000,-40653.429972,1284
24.66,132,372824.961332,3.726288671,0.000000,-46269.411171,1294
24.88,133,372655.224433,3.724594600,0.000000,-54416.461297,1303
25.09,134,372610.635952,3.724147038,0.000000,-34351.958365,1313
25.30,135,372439.767419,3.722436817,0.000000,-34528.449739,1323
25.50,136,372226.158410,3.720299297,0.000000,-44925.486468,1330
25.72,137,371800.251463,3.716034975,0.000000,-41854.003278,1349
25.93,138,371617.909592,3.714214559,0.000000,-51847.952135,1354
26.13,139,371548.337970,3.713519279,0.000000,-47665.272576,1360
26.35,140,371436.197306,3.712400121,0.000000,-35132.529351,1376
26.58,141,371290.157552,3.710942137,0.000000,-35294.205703,1386
26.79,142,370829.812847,3.706359932,0.000000,-37034.699171,1391
27.00,143,370667.464375,3.704725875,0.000000,-36971.093075,1402
27.21,144,370602.635232,3.704077644,0.000000,-35606.147092,1410
27.42,145,370393.223377,3.701993791,0.000000,-34340.717796,1415
27.64,146,370217.130438,3.700227603,0.000000,-37464.051706,1423
27.85,147,370150.039769,3.699555133,0.000000,-29415.048772,1432
28.07,148,369743.553548,3.695483746,0.000000,-33553.393596,1442
28.29,149,369674.629188,3.694793650,0.000000,-27380.854495,1451
28.52,150,369577.869234,3.693829987,0.000000,-28808.531685,1464
28.74,151,369466.936280,3.692718514,0.000000,-37332.288416,1475
28.97,152,369286.030440,3.690905262,0.000000,-37591.850675,1483
29.20,153,369145.262446,3.689493376,0.000000,-32456.490795,1488
29.43,154,369028.305408,3.688321756,0.000000,-26888.212828,1496
29.66,155,368850.267096,3.686545055,0.000000,-29382.296960,1502
29.88,156,368578.996038,3.683838435,0.000000,-25938.712627,1506
30.09,157,368350.602945,3.681549289,0.000000,-37296.194204,1511
30.32,158,368302.934746,3.681072515,0.000000,-28371.907312,1522
30.54,159,368296.250402,3.681004817,0.000000,-28245.946199,1527
30.77,160,368212.988234,3.680178222,0.000000,-29531.295355,1536
30.98,161,368163.438051,3.679679768,0.000000,-29663.863451,1546
31.22,162,368035.079372,3.678386200,0.000000,-30970.366919,1557
31.45,163,367985.580683,3.677893956,0.000000,-24359.187756,1569
31.67,164,367776.125585,3.675800294,0.000000,-33228.290017,1579
31.89,165,367585.675101,3.673892493,0.000000,-30798.519879,1589
32.12,166,367506.338680,3.673097204,0.000000,-27590.645428,1600
32.33,167,367405.109771,3.672084911,0.000000,-23593.861906,1605
32.54,168,367206.427392,3.670097221,0.000000,-26544.736673,1611
32.78,169,366658.724699,3.664639537,0.000000,-23231.077021,1618
33.00,170,366569.516466,3.663752515,0.000000,-22118.581900,1627
33.22,171,366277.703113,3.660836677,0.000000,-28157.215720,1637
33.44,172,366231.305179,3.660372123,0.000000,-24792.206656,1646
33.66,173,366039.819203,3.658457587,0.000000,-26378.245852,1654
33.89,174,365904.950563,3.657113555,0.000000,-29240.456322,1663
34.12,175,365758.225242,3.655647426,0.000000,-31186.052149,1671
34.35,176,365630.941304,3.654376400,0.000000,-22081.894490,1679
34.59,177,365612.643399,3.654191772,0.000000,-28752.571032,1688
34.80,178,365540.078307,3.653466765,0.000000,-25687.901158,1692
35.03,179,365274.935481,3.650807457,0.000000,-19463.513449,1705
35.25,180,365226.311780,3.650325366,0.000000,-21909.480701,1714
35.47,181,365083.478159,3.648900109,0.000000,-19258.795835,1724
35.69,182,364931.806336,3.647379734,0.000000,-19447.757068,1733
35.92,183,364909.012751,3.647152457,0.000000,-28284.367534,1741
36.15,184,364807.606147,3.646140803,0.000000,-17604.157531,1750
36.37,185,364749.529450,3.645563274,0.000000,-22426.565630,1769
36.60,186,364443.458725,3.642501227,0.000000,-26626.014808,1774
36.83,187,364310.558632,3.641174616,0.000000,-23251.105034,1780
37.05,188,364278.025839,3.640849368,0.000000,-23114.916670,1785
37.27,189,364221.969109,3.640287607,0.000000,-18761.857180,1790
37.50,190,364104.926376,3.639117655,0.000000,-26024.333078,1799
37.74,191,363878.103725,3.636851647,0.000000,-17930.856455,1804
37.96,192,363725.889363,3.635324457,0.000000,-19532.382804,1809
38.19,193,363106.701327,3.629152085,0.000000,-22984.231917,1814
38.43,194,362591.264941,3.624003140,0.000000,-17944.684578,1824
38.66,195,362369.863015,3.621798571,0.000000,-17252.030946,1831
38.89,196,362015.399865,3.618263087,0.000000,-20254.941204,1841
39.11,197,361567.061740,3.613789543,0.000000,-18458.693117,1851
39.33,198,361398.232905,3.612104399,0.000000,-25745.044777,1857
39.56,199,361237.187133,3.610497836,0.000000,-18604.230329,1867
39.79,200,360911.311040,3.607240926,0.000000,-21473.274250,1878
40.02,201,360563.078684,3.603757609,0.000000,-20596.455035,1885
40.24,202,360434.031261,3.602467439,0.000000,-23108.846461,1894
40.48,203,360364.770753,3.601777358,0.000000,-18173.721863,1916
40.79,204,360217.491730,3.600304420,0.000000,-24560.659024,1927
41.04,205,360054.194795,3.598668643,0.000000,-18500.680914,1935
41.27,206,359945.961293,3.597589493,0.000000,-19377.982283,1945
41.50,207,359508.947287,3.593210248,0.000000,-23078.731637,1955
41.75,208,359271.558521,3.590836676,0.000000,-26840.733244,1967
41.98,209,359077.878291,3.588896986,0.000000,-20171.391287,1975
42.22,210,358974.855128,3.587861294,0.000000,-19615.773421,1982
42.46,211,358518.126694,3.583301979,0.000000,-22000.901263,1992
42.69,212,358454.070834,3.582663045,0.000000,-18063.098624,2000
43.11,213,358398.983838,3.582114943,0.000000,-17562.902105,2011
43.34,214,358285.590811,3.580982105,0.000000,-16767.639996,2020
43.57,215,358232.259716,3.580449340,0.000000,-18096.781967,2030
43.83,216,358089.965391,3.579028368,0.000000,-18698.429884,2052
44.07,217,358012.590937,3.578255856,0.000000,-18134.782972,2062
44.31,218,357931.673869,3.577444485,0.000000,-24417.509380,2070
44.54,219,357887.588645,3.577003960,0.000000,-17827.746202,2081
44.78,220,357772.410800,3.575851723,0.000000,-18364.162668,2090
45.00,221,357734.543112,3.575472683,0.000000,-13948.147811,2102
45.24,222,357607.745911,3.574208494,0.000000,-19150.878492,2111
45.47,223,357186.257759,3.569998494,0.000000,-16795.095288,2118
45.71,224,356171.464610,3.559859154,0.000000,-22027.627522,2127
45.95,225,355588.133061,3.554035039,0.000000,-19214.651877,2134
46.22,226,355361.893123,3.551770374,0.000000,-14441.935137,2143
46.46,227,355282.080526,3.550971462,0.000000,-18662.299640,2153
46.69,228,355153.133609,3.549684407,0.000000,-18613.203376,2168
46.94,229,354831.849508,3.546463336,0.000000,-13776.938602,2173
47.19,230,354780.005052,3.545951203,0.000000,-14263.008761,2187
47.44,231,354517.464486,3.543324570,0.000000,-19880.765484,2192
47.69,232,354369.329881,3.541841685,0.000000,-18986.257217,2202
47.93,233,354267.588442,3.540826026,0.000000,-19581.517863,2211
48.18,234,354117.394784,3.539324476,0.000000,-22095.512222,2220
48.43,235,353982.077028,3.537971313,0.000000,-13954.767919,2225
48.68,236,353731.789953,3.535464170,0.000000,-17208.495828,2235
48.94,237,353445.295329,3.532615970,0.000000,-16519.009545,2245
49.19,238,353097.152375,3.529126455,0.000000,-14184.436740,2255
49.44,239,352925.044938,3.527407479,0.000000,-17868.072033,2260
49.69,240,352869.990186,3.526859492,0.000000,-14474.851344,2267
49.94,241,352735.500597,3.525514471,0.000000,-13128.448660,2276
50.19,242,352644.109603,3.524598701,0.000000,-12959.806795,2286
50.45,243,352560.860274,3.523767522,0.000000,-12245.544265,2296
50.70,244,352533.458312,3.523495247,0.000000,-14127.745339,2308
50.95,245,352513.870636,3.523296962,0.000000,-14466.199070,2318
51.19,246,352428.773201,3.522446019,0.000000,-12988.321251,2326
51.45,247,352362.763680,3.521789204,0.000000,-14170.146784,2333
51.71,248,352318.008210,3.521340398,0.000000,-11903.175332,2343
51.96,249,352208.527119,3.520249389,0.000000,-14103.332528,2349
52.22,250,352108.502015,3.519253715,0.000000,-11530.849772,2353
52.47,251,351899.531542,3.517153896,0.000000,-12665.698601,2358
52.73,252,351738.891466,3.515546763,0.000000,-17748.398765,2366
52.99,253,351700.693848,3.515165201,0.000000,-11870.051710,2373
53.24,254,351467.594299,3.512821826,0.000000,-12981.880508,2386
53.51,255,351232.032052,3.510454970,0.000000,-9953.889937,2394
53.77,256,351123.006012,3.509371041,0.000000,-11520.820462,2403
54.03,257,351017.956787,3.508314642,0.000000,-9335.318291,2413
54.30,258,351004.839760,3.508184519,0.000000,-9213.621689,2423
54.56,259,350864.343208,3.506788733,0.000000,-12040.753851,2429
54.81,260,350750.764021,3.505650466,0.000000,-10840.079456,2436
55.08,261,350666.758666,3.504810843,0.000000,-12216.408760,2445
55.35,262,350554.722042,3.503687338,0.000000,-11516.608584,2455
55.61,263,350411.672497,3.502256739,0.000000,-12038.135484,2464
55.88,264,350180.382733,3.499944656,0.000000,-12195.308296,2472
56.15,265,350102.047474,3.499164351,0.000000,-11509.840114,2482
56.39,266,350083.217239,3.498974344,0.000000,-8219.016014,2492
56.66,267,349989.442568,3.498040207,0.000000,-15531.345524,2499
56.91,268,349956.934745,3.497714269,0.000000,-13501.392439,2509
57.16,269,349914.761102,3.497293822,0.000000,-14530.391451,2519
57.42,270,349760.154852,3.495747290,0.000000,-10870.720370,2527
57.68,271,349615.433004,3.494303220,0.000000,-14206.477579,2537
57.93,272,349583.261291,3.493980195,0.000000,-11164.406806,2545
58.20,273,349446.076254,3.492613623,0.000000,-10573.695769,2553
58.46,274,349308.348822,3.491242475,0.000000,-9697.719622,2566
58.73,275,349264.274646,3.490798159,0.000000,-9534.401525,2574
59.00,276,349225.336318,3.490410365,0.000000,-9787.555678,2587
59.28,277,349174.679809,3.489897916,0.000000,-11905.068596,2595
59.53,278,349112.176843,3.489274007,0.000000,-10145.811735,2603
59.79,279,349090.821337,3.489059637,0.000000,-10846.778295,2611
60.06,280,349031.574466,3.488468015,0.000000,-8696.312920,2616
60.32,281,348981.894996,3.487970386,0.000000,-8898.111763,2624
60.59,282,348928.707247,3.487440525,0.000000,-8638.181749,2634
60.86,283,348877.794362,3.486929587,0.000000,-8362.233306,2644
61.14,284,348816.817957,3.486316087,0.000000,-10266.834787,2652
61.48,285,348762.147969,3.485770894,0.000000,-9422.833262,2660
61.76,286,348677.386623,3.484922513,0.000000,-10570.886403,2670
62.03,287,348663.933552,3.484789778,0.000000,-9137.175423,2680
62.30,288,348598.486750,3.484139964,0.000000,-15069.068860,2690
62.58,289,348510.983214,3.483263277,0.000000,-10516.032659,2700
62.86,290,348420.636253,3.482361664,0.000000,-9889.038286,2712
63.12,291,348412.903859,3.482283518,0.000000,-7576.219784,2720
63.40,292,348395.786441,3.482111382,0.000000,-8030.599899,2727
63.68,293,348387.293768,3.482026596,0.000000,-8653.421261,2735
63.94,294,348342.838421,3.481582026,0.000000,-7739.191581,2743
64.22,295,348319.836892,3.481345296,0.000000,-11013.378133,2753
64.50,296,348287.255230,3.481022761,0.000000,-8540.475863,2761
64.76,297,348271.730897,3.480869121,0.000000,-7810.526676,2771
65.04,298,348226.961725,3.480420480,0.000000,-9996.862833,2778
65.32,299,348165.844701,3.479811573,0.000000,-7544.595874,2786
65.60,300,348102.340209,3.479177606,0.000000,-8269.202633,2794
65.87,301,348087.221970,3.479027624,0.000000,-7031.273255,2804
66.13,302,347926.554838,3.477421020,0.000000,-6532.812618,2809
66.42,303,347909.930727,3.477258198,0.000000,-6691.159674,2821
66.70,304,347770.084192,3.475864186,0.000000,-7174.460062,2831
66.99,305,347716.053548,3.475322954,0.000000,-6765.249731,2839
67.25,306,347608.246755,3.474246785,0.000000,-8050.125103,2849
67.53,307,347556.927223,3.473734539,0.000000,-7669.474433,2857
67.81,308,347415.685508,3.472320244,0.000000,-9440.224929,2866
68.08,309,347150.759040,3.469681898,0.000000,-7148.382923,2875
68.37,310,346788.836151,3.466071113,0.000000,-7782.957180,2884
68.65,311,346597.409123,3.464160589,0.000000,-6760.705170,2893
68.93,312,346554.312324,3.463724641,0.000000,-9946.616439,2898
69.22,313,346423.580100,3.462413440,0.000000,-8200.981002,2907
69.49,314,346338.554501,3.461566822,0.000000,-7688.234380,2912
69.76,315,346315.070957,3.461331079,0.000000,-9075.939279,2921
70.02,316,346303.102609,3.461211227,0.000000,-6895.376585,2938
70.29,317,345714.675218,3.455327908,0.000000,-10523.073478,2943
70.57,318,345563.249010,3.453814437,0.000000,-9040.640485,2952
70.86,319,345498.634082,3.453163795,0.000000,-6909.105063,2957
71.15,320,345331.194482,3.451501585,0.000000,-8488.463453,2966
71.43,321,345251.503207,3.450705076,0.000000,-8342.286842,2975
71.70,322,345221.222282,3.450400749,0.000000,-6268.110265,2985
71.98,323,345196.434634,3.450154354,0.000000,-8305.551773,2994
72.25,324,345102.873940,3.449214410,0.000000,-8654.758168,3004
72.53,325,345063.938275,3.448826134,0.000000,-8494.309011,3013
72.84,326,345050.672088,3.448692713,0.000000,-7854.540443,3021
73.13,327,345032.451201,3.448511496,0.000000,-7421.160090,3030
73.41,328,344939.493581,3.447580767,0.000000,-9458.637394,3039
73.71,329,344906.336534,3.447252132,0.000000,-6161.701575,3048
74.02,330,344877.576576,3.446962274,0.000000,-7699.768838,3057
74.29,331,344855.845009,3.446746630,0.000000,-7313.232910,3067
74.57,332,344841.642741,3.446605274,0.000000,-6047.044479,3076
74.86,333,344758.056259,3.445768707,0.000000,-7168.258769,3085
75.14,334,344719.463997,3.445382142,0.000000,-9130.593788,3093
75.44,335,344692.224264,3.445109308,0.000000,-7685.174086,3102
75.74,336,344645.099209,3.444642103,0.000000,-8249.260410,3112
76.01,337,344620.051503,3.444390389,0.000000,-7316.254364,3121
76.30,338,344432.199201,3.442516654,0.000000,-10048.633180,3128
76.60,339,344423.057797,3.442425730,0.000000,-8157.711429,3137
76.89,340,344321.900222,3.441415566,0.000000,-11037.121252,3146
77.18,341,344297.818598,3.441176747,0.000000,-7051.413354,3154
77.47,342,344275.483084,3.440951314,0.000000,-7937.933191,3162
77.75,343,344165.885593,3.439861855,0.000000,-9954.565733,3170
78.04,344,344143.878219,3.439641662,0.000000,-7142.860537,3178
78.33,345,343998.600131,3.438187547,0.000000,-6954.667191,3183
78.63,346,343985.898520,3.438060698,0.000000,-5842.127966,3196
78.93,347,343907.444583,3.437276875,0.000000,-8121.893120,3206
79.21,348,343854.286594,3.436747824,0.000000,-8643.269813,3219
79.50,349,343785.950743,3.436071311,0.000000,-8788.097274,3224
79.80,350,343785.740912,3.436068628,0.000000,-8703.013926,3234
80.09,351,343780.490622,3.436013471,0.000000,-7993.424586,3241
80.37,352,343676.324020,3.434973352,0.000000,-10370.474479,3251
80.67,353,343632.083228,3.434533693,0.000000,-8468.014974,3261
80.98,354,343604.026255,3.434255608,0.000000,-9237.271418,3269
81.27,355,343602.915665,3.434244295,0.000000,-8686.221768,3274
81.57,356,343528.474200,3.433499617,0.000000,-9273.568700,3282
81.86,357,343526.843905,3.433483472,0.000000,-7489.147473,3288
82.16,358,343525.253393,3.433467591,0.000000,-6957.435943,3297
82.45,359,343518.365616,3.433399369,0.000000,-6981.435766,3306
82.75,360,343463.910857,3.432855431,0.000000,-8013.064075,3315
83.05,361,343426.969183,3.432486718,0.000000,-7261.538223,3326
83.36,362,343348.248050,3.431701510,0.000000,-7092.981179,3334
83.65,363,343346.022651,3.431678972,0.000000,-6262.084055,3343
83.95,364,343249.229775,3.430709801,0.000000,-6778.162769,3351
84.26,365,343148.401212,3.429699168,0.000000,-10225.177965,3356
84.55,366,343134.843593,3.429562698,0.000000,-8532.930246,3364
84.84,367,342948.699779,3.427696389,0.000000,-10900.676909,3373
85.15,368,342948.025585,3.427690203,0.000000,-8313.242535,3381
85.45,369,342907.698103,3.427288535,0.000000,-5603.640818,3393
85.75,370,342896.294727,3.427175548,0.000000,-7252.467569,3402
86.06,371,342881.402689,3.427028845,0.000000,-7707.504599,3407
86.36,372,342857.795139,3.426793957,0.000000,-6642.135126,3415
86.67,373,342852.069248,3.426736575,0.000000,-6442.532776,3424
86.97,374,342852.069248,3.426736575,0.000000,-5886.262015,3432
87.29,375,342851.875655,3.426734678,0.000000,-6250.580750,3440
87.59,376,342851.872550,3.426734647,0.000000,-5779.297947,3450
87.89,377,342847.430810,3.426690552,0.000000,-5426.656808,3459
88.19,378,342846.841760,3.426684713,0.000000,-4835.582800,3470
88.56,379,342831.282463,3.426528735,0.000000,-5445.113208,3480
88.87,380,342824.279960,3.426459180,0.000000,-5011.696477,3490
89.18,381,342753.072609,3.425749262,0.000000,-6341.073233,3499
89.48,382,342696.162768,3.425175450,0.000000,-7863.033775,3507
89.80,383,342669.185244,3.424906886,0.000000,-9942.720281,3515
90.12,384,342669.185244,3.424906886,0.000000,-9379.033745,3524
90.42,385,342669.026228,3.424905327,0.000000,-9002.527805,3533
90.72,386,342668.845118,3.424903523,0.000000,-9648.604484,3542
91.03,387,342668.671455,3.424901795,0.000000,-6343.710968,3550
91.33,388,342667.943812,3.424895369,0.000000,-7262.269914,3558
91.62,389,342667.943812,3.424895369,0.000000,-5241.256210,3567
91.94,390,342637.233884,3.424587617,0.000000,-5323.020415,3576
92.26,391,342635.255046,3.424567774,0.000000,-6020.833253,3585
92.57,392,342633.950853,3.424554400,0.000000,-4941.708794,3590
92.88,393,342612.420580,3.424337871,0.000000,-6841.950979,3599
93.19,394,342612.420580,3.424337871,0.000000,-5959.930151,3607
93.50,395,342612.420580,3.424337871,0.000000,-5959.930151,3615
93.82,396,342603.054814,3.424245210,0.000000,-4575.749902,3623
94.13,397,342603.054814,3.424245210,0.000000,-4955.256548,3631
94.42,398,342592.103614,3.424136147,0.000000,-5550.049516,3636
94.74,399,342526.182116,3.423476941,0.000000,-5287.952321,3645
95.06,400,342497.287638,3.423184932,0.000000,-5695.826508,3652
95.37,401,342428.756212,3.422505092,0.000000,-6932.689879,3662
95.68,402,342428.756212,3.422505092,0.000000,-6066.088288,3671
95.99,403,342424.850454,3.422465075,0.000000,-4733.796191,3679
96.32,404,342424.850454,3.422465075,0.000000,-3936.982547,3687
96.62,405,342299.284221,3.421213215,0.000000,-8028.066360,3695
96.93,406,342294.149714,3.421161989,0.000000,-5039.125544,3704
97.26,407,342294.149714,3.421161989,0.000000,-4620.620718,3713
97.57,408,342250.075830,3.420720115,0.000000,-4796.652778,3722
97.89,409,342250.075830,3.420720115,0.000000,-6505.984602,3731
98.21,410,342249.175023,3.420711786,0.000000,-5207.847405,3737
98.53,411,342248.642208,3.420706946,0.000000,-4463.388692,3752
98.84,412,342247.988929,3.420699862,0.000000,-4239.817366,3757
99.17,413,342239.364856,3.420613833,0.000000,-4307.937446,3766
99.48,414,342239.364856,3.420613833,0.000000,-3708.474874,3775
99.80,415,342167.029818,3.419892642,0.000000,-4993.446412,3784
100.11,416,342144.357417,3.419665568,0.000000,-4675.822968,3792
100.43,417,341957.397858,3.417800652,0.000000,-6152.222155,3797
100.75,418,341902.318597,3.417249019,0.000000,-3845.737476,3806
101.08,419,341902.318597,3.417249019,0.000000,-7753.165727,3815
101.41,420,341902.318597,3.417249019,0.000000,-3957.378684,3824
101.73,421,341902.318597,3.417249019,0.000000,-3842.646764,3832
102.04,422,341902.318597,3.417249019,0.000000,-3726.758189,3840
102.37,423,341902.040955,3.417246225,0.000000,-3343.852433,3850
102.70,424,341863.097780,3.416855794,0.000000,-5812.121833,3859
103.04,425,341863.097780,3.416855794,0.000000,-4880.083845,3868
103.37,426,341790.550626,3.416130883,0.000000,-3729.494810,3877
103.69,427,341766.091924,3.415889420,0.000000,-4429.713842,3882
104.01,428,341670.244533,3.414925088,0.000000,-5748.396425,3887
104.33,429,341670.244533,3.414925088,0.000000,-6489.664177,3896
104.66,430,341659.148107,3.414814839,0.000000,-5971.496391,3905
104.98,431,341578.880261,3.414016097,0.000000,-8613.414635,3915
105.30,432,341575.732733,3.413983918,0.000000,-5889.768303,3923
105.63,433,341566.059324,3.413886842,0.000000,-5032.915174,3931
105.93,434,341547.475298,3.413701377,0.000000,-5338.635139,3936
106.27,435,341480.414370,3.413032408,0.000000,-4179.702017,3944
106.61,436,341480.414370,3.413032408,0.000000,-4962.277164,3949
106.93,437,341480.414370,3.413032408,0.000000,-4084.584722,3958
107.23,438,341457.534318,3.412802429,0.000000,-4787.912547,3964
107.55,439,341457.534318,3.412802429,0.000000,-4083.670098,3971
107.86,440,341457.534318,3.412802429,0.000000,-3769.641866,3980
108.18,441,341430.682849,3.412534911,0.000000,-2971.259238,3987
108.50,442,341430.682849,3.412534911,0.000000,-2798.124991,3992
108.83,443,341410.584902,3.412334384,0.000000,-4490.099283,3997
109.18,444,341410.584902,3.412334384,0.000000,-4044.998307,4006
109.54,445,341410.584902,3.412334384,0.000000,-4126.407039,4011
109.87,446,341410.584902,3.412334384,0.000000,-3730.342729,4016
110.20,447,341409.858999,3.412325925,0.000000,-3409.826489,4021
110.53,448,341388.200825,3.412110610,0.000000,-2752.845810,4028
110.87,449,341363.044241,3.411860257,0.000000,-4428.198030,4034
111.21,450,341363.044241,3.411860257,0.000000,-4159.228336,4041
111.55,451,341363.044241,3.411860257,0.000000,-3615.612715,4050
111.89,452,341363.044241,3.411860257,0.000000,-3613.917693,4055
112.24,453,341363.044241,3.411860257,0.000000,-3422.451208,4063
112.56,454,341363.044241,3.411860257,0.000000,-2780.039963,4068
112.88,455,341354.157017,3.411770702,0.000000,-3094.355408,4073
113.20,456,341354.157017,3.411770702,0.000000,-3369.229928,4079
113.54,457,341354.157017,3.411770702,0.000000,-2797.275015,4088
113.87,458,341327.714968,3.411506318,0.000000,-3919.119628,4096
114.20,459,341327.714968,3.411506318,0.000000,-3351.513396,4106
114.53,460,341327.714968,3.411506318,0.000000,-3393.808692,4111
114.88,461,341327.714968,3.411506318,0.000000,-3354.202968,4116
115.23,462,341322.921775,3.411459964,0.000000,-3197.933858,4126
115.57,463,341307.917694,3.411309638,0.000000,-2932.932921,4135
115.91,464,341307.432420,3.411303883,0.000000,-3062.460815,4140
116.26,465,341307.432420,3.411303883,0.000000,-2786.974869,4149
116.59,466,341306.953727,3.411299006,0.000000,-2694.015445,4154
116.95,467,341306.953727,3.411299006,0.000000,-2596.646824,4164
117.26,468,341246.155491,3.410690591,0.000000,-3592.408371,4169
117.58,469,341216.843600,3.410398252,0.000000,-4001.294052,4175
117.91,470,341216.843599,3.410398252,0.000000,-2412.966395,4183
118.24,471,341215.665363,3.410386428,0.000000,-1969.550645,4193
118.56,472,341215.663911,3.410386023,0.000000,-3298.171594,4202
118.90,473,341215.663911,3.410386023,0.000000,-2007.755053,4211
119.26,474,341215.663911,3.410386023,0.000000,-3274.343589,4220
119.60,475,341214.540951,3.410374952,0.000000,-2442.084083,4229
119.96,476,341214.407765,3.410373004,0.000000,-2110.888340,4237
120.29,477,341214.407765,3.410373004,0.000000,-1994.645980,4247
120.64,478,341214.407765,3.410373004,0.000000,-1812.619138,4256
120.99,479,341190.537098,3.410134273,0.000000,-2916.913622,4261
121.33,480,341190.537098,3.410134273,0.000000,-2727.484939,4271
121.67,481,341190.537098,3.410134273,0.000000,-3841.915108,4279
122.01,482,341190.537098,3.410134273,0.000000,-2724.568921,4289
122.34,483,341190.537098,3.410134273,0.000000,-2628.242380,4294
122.69,484,341179.269483,3.410021949,0.000000,-1943.540426,4303
123.04,485,341178.020433,3.410009269,0.000000,-1782.406620,4312
123.40,486,341175.813976,3.409987344,0.000000,-2660.202786,4321
123.76,487,341162.942977,3.409859180,0.000000,-2794.778318,4330
124.09,488,341162.942977,3.409859180,0.000000,-2485.507472,4338
124.44,489,341162.268130,3.409852770,0.000000,-2321.524873,4347
124.79,490,341162.268130,3.409852770,0.000000,-2570.825309,4356
125.13,491,341162.268130,3.409852770,0.000000,-2012.652975,4365
125.49,492,341131.081034,3.409540304,0.000000,-2289.795293,4373
125.91,493,341121.216691,3.409441416,0.000000,-2439.543916,4378
126.25,494,341121.216691,3.409441416,0.000000,-2322.586236,4387
126.59,495,341121.204865,3.409441291,0.000000,-1848.676325,4392
126.93,496,341120.730952,3.409435569,0.000000,-2172.737011,4397
127.27,497,341099.915111,3.409229563,0.000000,-2878.543857,4406
127.62,498,341099.915111,3.409229563,0.000000,-2113.682352,4411
127.96,499,341057.351938,3.408803289,0.000000,-2897.256121,4416
128.29,500,341032.451831,3.408553412,0.000000,-2743.244210,4425
128.63,501,341023.220422,3.408460658,0.000000,-3020.482876,4430
129.00,502,341023.220422,3.408460658,0.000000,-2714.115233,4440
129.34,503,341019.496670,3.408424344,0.000000,-2826.419790,4448
129.69,504,340979.501413,3.408025035,0.000000,-3473.488763,4453
130.07,505,340960.360258,3.407834863,0.000000,-1711.575389,4462
130.42,506,340960.360258,3.407834863,0.000000,-2374.029480,4472
130.75,507,340959.176344,3.407823223,0.000000,-1636.594598,4477
131.11,508,340959.176344,3.407823223,0.000000,-1608.572987,4482
131.47,509,340940.265396,3.407634931,0.000000,-2558.472670,4486
131.83,510,340940.265396,3.407634931,0.000000,-1424.541729,4491
132.20,511,340940.265396,3.407634931,0.000000,-1822.039024,4498
132.58,512,340940.265396,3.407634931,0.000000,-2443.351376,4503
132.94,513,340940.265396,3.407634931,0.000000,-1446.504759,4508
133.31,514,340940.265396,3.407634931,0.000000,-1558.766876,4513
133.67,515,340939.595893,3.407628197,0.000000,-1387.420494,4518
134.04,516,340908.190883,3.407312257,0.000000,-2284.523894,4526
134.40,517,340908.190883,3.407312257,0.000000,-2709.139676,4531
134.78,518,340908.190883,3.407312257,0.000000,-1905.350451,4539
135.14,519,340908.190883,3.407312257,0.000000,-2169.072176,4548
135.51,520,340908.190883,3.407312257,0.000000,-2288.118335,4553
135.85,521,340899.385699,3.407224391,0.000000,-2614.273359,4562
136.21,522,340880.429421,3.407035707,0.000000,-1611.658604,4567
136.58,523,340880.429421,3.407035707,0.000000,-1557.122042,4575
136.95,524,340862.962921,3.406860852,0.000000,-1770.311667,4585
137.31,525,340862.962921,3.406860852,0.000000,-2149.573361,4595
137.68,526,340862.962921,3.406860852,0.000000,-2140.424573,4603
138.05,527,340862.962921,3.406860852,0.000000,-1730.304896,4612
138.42,528,340856.205244,3.406792982,0.000000,-1318.192544,4621
138.80,529,340844.973941,3.406681623,0.000000,-2317.029924,4627
139.16,530,340844.973941,3.406681623,0.000000,-1596.049315,4635
139.51,531,340841.973313,3.406651729,0.000000,-1506.056192,4643
139.88,532,340841.973313,3.406651729,0.000000,-1379.881035,4652
140.26,533,340841.973313,3.406651729,0.000000,-1232.983368,4661
140.62,534,340826.712378,3.406499552,0.000000,-659.696028,4671
140.98,535,340826.712378,3.406499552,0.000000,-721.722238,4680
141.33,536,340826.712378,3.406499552,0.000000,-655.531136,4690
141.70,537,340826.712378,3.406499552,0.000000,-772.108762,4699
142.07,538,340826.712378,3.406499552,0.000000,-610.330978,4708
142.44,539,340826.712378,3.406499552,0.000000,-591.977062,4714
142.82,540,340826.712378,3.406499552,0.000000,-655.531136,4723
143.19,541,340826.712378,3.406499552,0.000000,-606.300522,4732
143.57,542,340826.712378,3.406499552,0.000000,-577.279706,4737
143.93,543,340822.533936,3.406457823,0.000000,-1444.583586,4749
144.27,544,340822.533936,3.406457823,0.000000,-1305.420398,4759
144.65,545,340822.533936,3.406457823,0.000000,-1267.174786,4768
145.02,546,340820.258127,3.406435277,0.000000,-1618.696903,4775
145.42,547,340820.258127,3.406435277,0.000000,-1252.231000,4784
145.80,548,340820.258127,3.406435277,0.000000,-1128.181233,4793
146.16,549,340796.132784,3.406182399,0.000000,-564.114870,4802
146.53,550,340796.132784,3.406182399,0.000000,-542.394366,4811
146.92,551,340792.878943,3.406149696,0.000000,-1661.358667,4820
147.30,552,340792.878943,3.406149696,0.000000,-457.477168,4829
147.67,553,340792.878943,3.406149696,0.000000,-387.531871,4838
148.07,554,340774.293752,3.405954550,0.000000,-591.860134,4852
148.45,555,340774.293752,3.405954550,0.000000,-582.257381,4861
148.82,556,340774.293752,3.405954550,0.000000,-550.254712,4870
149.20,557,340760.186968,3.405817456,0.000000,-468.978614,4879
149.57,558,340754.466996,3.405758066,0.000000,-340.735106,4888
149.97,559,340753.207844,3.405745569,0.000000,-593.400236,4898
150.34,560,340753.207844,3.405745569,0.000000,-348.213158,4906
150.71,561,340753.207844,3.405745569,0.000000,-388.037162,4916
151.06,562,340753.207844,3.405745569,0.000000,-747.182869,4927
151.45,563,340753.207844,3.405745569,0.000000,-674.677156,4935
151.81,564,340753.207844,3.405745569,0.000000,-462.303196,4943
152.19,565,340753.207844,3.405745569,0.000000,-650.545666,4952
152.54,566,340753.207844,3.405745569,0.000000,-395.018289,4961
152.92,567,340753.207844,3.405745569,0.000000,-533.638843,4970
153.32,568,340753.207844,3.405745569,0.000000,-345.627739,4979
153.71,569,340753.207844,3.405745569,0.000000,-345.627739,4988
154.09,570,340753.207844,3.405745569,0.000000,-355.277449,4997
154.49,571,340743.143071,3.405642462,0.000000,-521.428619,5006
154.87,572,340741.418882,3.405624095,0.000000,-753.563643,5020
155.25,573,340741.418882,3.405624095,0.000000,-362.947998,5028
155.63,574,340741.418882,3.405624095,0.000000,-323.568600,5037
156.02,575,340738.965918,3.405596662,0.000000,-411.121357,5046
156.42,576,340710.300468,3.405309063,0.000000,-479.196290,5055
156.84,577,340710.300468,3.405309063,0.000000,-460.372597,5062
157.24,578,340710.300468,3.405309063,0.000000,-484.623212,5069
157.64,579,340710.300468,3.405309063,0.000000,-393.397819,5079
158.01,580,340710.300468,3.405309063,0.000000,-411.667522,5089
158.42,581,340710.300468,3.405309063,0.000000,-393.397819,5099
158.80,582,340707.108037,3.405275945,0.000000,-456.590062,5109
159.18,583,340707.108037,3.405275945,0.000000,-395.030681,5116
159.57,584,340707.108037,3.405275945,0.000000,-452.246337,5124
159.98,585,340707.108037,3.405275945,0.000000,-429.569704,5134
160.36,586,340707.108037,3.405275945,0.000000,-373.005465,5142
160.74,587,340707.108037,3.405275945,0.000000,-378.948786,5152
161.14,588,340707.108037,3.405275945,0.000000,-329.573023,5162
161.52,589,340699.444694,3.405193955,0.000000,-529.008578,5173
161.91,590,340699.444694,3.405193955,0.000000,-466.431071,5178
162.30,591,340693.330361,3.405129331,0.000000,-412.493737,5186
162.66,592,340693.330361,3.405129331,0.000000,-609.256633,5191
163.06,593,340693.330361,3.405129331,0.000000,-331.766411,5197
163.49,594,340689.729399,3.405091994,0.000000,-346.784922,5210
163.90,595,340689.729399,3.405091994,0.000000,-384.585615,5220
164.31,596,340689.729399,3.405091994,0.000000,-315.634252,5229
164.73,597,340680.894775,3.405005216,0.000000,-294.952376,5238
165.13,598,340680.894775,3.405005216,0.000000,-360.556165,5242
165.55,599,340680.894775,3.405005216,0.000000,-284.649857,5251
165.95,600,340674.556165,3.404940388,0.000000,-190.924204,5264
166.34,601,340674.556165,3.404940388,0.000000,-321.592575,5269
166.73,602,340674.556165,3.404940388,0.000000,-257.310349,5278
167.12,603,340674.556165,3.404940388,0.000000,-233.098972,5287
167.54,604,340674.556165,3.404940388,0.000000,-296.471645,5295
167.94,605,340674.556165,3.404940388,0.000000,-173.114239,5302
168.33,606,340674.556165,3.404940388,0.000000,-177.400489,5310
168.73,607,340674.556165,3.404940388,0.000000,-116.624841,5315
169.12,608,340674.556165,3.404940388,0.000000,-158.952090,5323
169.53,609,340674.556165,3.404940388,0.000000,-157.053945,5332
169.92,610,340674.556165,3.404940388,0.000000,-141.997987,5341
170.29,611,340674.556165,3.404940388,0.000000,-100.694487,5346
170.70,612,340672.356034,3.404918946,0.000000,-105.440267,5359
171.11,613,340670.459632,3.404901961,0.000000,-196.790884,5368
171.61,614,340670.459632,3.404901961,0.000000,-197.517701,5378
172.04,615,340670.459632,3.404901961,0.000000,-170.995532,5387
172.45,616,340670.421133,3.404901452,0.000000,-125.862566,5397
172.85,617,340669.426768,3.404891358,0.000000,-164.918727,5405
173.25,618,340666.485244,3.404862417,0.000000,-175.045153,5415
173.69,619,340666.485244,3.404862417,0.000000,-177.120820,5423
174.11,620,340666.485244,3.404862417,0.000000,-148.484757,5432
174.52,621,340666.485244,3.404862417,0.000000,-144.671800,5440
174.93,622,340666.485244,3.404862417,0.000000,-123.993425,5449
175.32,623,340665.820635,3.404856109,0.000000,-145.879586,5463
175.75,624,340665.820635,3.404856109,0.000000,-154.526511,5472
176.18,625,340665.215378,3.404849247,0.000000,-179.923845,5482
176.59,626,340659.518498,3.404788838,0.000000,-160.788179,5490
177.00,627,340657.547238,3.404769603,0.000000,-201.304713,5500
177.41,628,340657.547238,3.404769603,0.000000,-116.080640,5509
177.84,629,340656.845664,3.404761688,0.000000,-236.217294,5517
178.24,630,340656.845664,3.404761688,0.000000,-64.730174,5525
178.66,631,340653.813478,3.404734967,0.000000,-91.499214,5537
179.07,632,340653.813478,3.404734967,0.000000,-84.288076,5551
179.49,633,340653.813478,3.404734967,0.000000,-131.533938,5561
179.93,634,340653.813478,3.404734967,0.000000,-118.337982,5575
180.34,635,340653.813478,3.404734967,0.000000,-84.886022,5593
180.78,636,340653.813478,3.404734967,0.000000,-86.439153,5604
181.21,637,340653.813478,3.404734967,0.000000,-58.364778,5616
181.63,638,340650.679544,3.404706751,0.000000,-158.363205,5634
182.07,639,340650.679544,3.404706751,0.000000,-57.609028,5645
182.51,640,340650.679544,3.404706751,0.000000,-36.685084,5656
182.95,641,340649.171919,3.404697987,0.000000,-23.255111,5677
183.39,642,340648.377514,3.404697987,0.000000,-21.617655,5693
183.78,643,340648.131879,3.404697987,0.000000,-15.582154,5712
184.23,644,340648.105286,3.404697987,0.000000,-47.751727,5734
184.68,645,340648.105286,3.404697987,0.000000,-78.082496,5760
185.13,646,340648.105286,3.404697987,0.000000,-52.653419,5767
185.60,647,340648.105286,3.404697987,0.000000,-15.507077,5788
186.05,648,340647.885122,3.404697987,0.000000,-11.994000,5817
186.52,649,340646.811664,3.404697987,0.000000,-11.955000,5846
187.01,650,340646.522899,3.404697987,0.000000,-31.280000,5871
187.46,651,340646.522899,3.404697987,0.000000,-16.912000,5882
187.95,652,340646.090111,3.404697987,0.000000,-12.347556,5901
188.43,653,340646.090111,3.404697987,0.000000,-12.671111,5928
188.86,654,340646.090111,3.404697987,0.000000,-9.279111,5949
189.37,655,340644.926957,3.404697987,0.000000,-11.964000,5974
189.87,656,340644.195182,3.404697987,0.000000,-12.736000,5993
190.37,657,340643.964682,3.404697987,0.000000,-122.946840,6016
190.85,658,340643.964682,3.404697987,0.000000,-15.952000,6028
191.29,659,340643.964682,3.404697987,0.000000,-4.732000,6044
191.82,660,340643.815584,3.404697987,0.000000,-36.522363,6058
192.27,661,340643.815584,3.404697987,0.000000,-14.464000,6073
192.68,662,340643.403383,3.404697987,0.000000,-7.976000,6088
193.13,663,340643.403383,3.404697987,0.000000,-8.392000,6102
193.52,664,340643.403383,3.404697987,0.000000,-5.000000,6110
193.94,665,340643.403383,3.404697987,0.000000,-4.464000,6124
194.36,666,340643.401044,3.404697987,0.000000,-1.340000,6130
194.76,667,340643.401044,3.404697987,0.000000,-6.488000,6136
195.28,668,340643.401044,3.404697987,0.000000,-20.832000,6145
195.67,669,340643.401044,3.404697987,0.000000,-1.340000,6150
196.11,670,340643.386135,3.404697987,0.000000,-1.845333,6155
196.53,671,340643.365131,3.404697987,0.000000,-2.976000,6165
196.94,672,340643.349663,3.404697987,0.000000,-5.416000,6170
197.36,673,340643.349663,3.404697987,0.000000,-1.488000,6182
197.80,674,340643.335273,3.404697987,0.000000,-0.536000,6185
198.22,675,340643.335273,3.404697987,0.000000,-7.976000,6187
198.66,676,340643.335273,3.404697987,0.000000,-0.536000,6198
199.11,677,340643.330597,3.404697987,0.000000,-1.072000,6201
199.58,678,340643.320524,3.404697987,0.000000,-0.536000,6207
199.99,679,340643.320524,3.404697987,0.000000,-0.536000,6210
200.41,680,340643.320524,3.404697987,0.000000,-0.536000,6218
200.85,681,340643.320524,3.404697987,0.000000,-5.536000,6220
201.29,682,340643.320524,3.404697987,0.000000,-2.440000,6232
201.74,683,340643.320524,3.404697987,0.000000,-0.536000,6238
202.29,684,340643.316807,3.404697987,0.000000,-0.357333,6240
202.68,685,340643.316208,3.404697987,0.000000,-0.536000,6248
203.14,686,340643.316208,3.404697987,0.000000,-0.536000,6251
203.57,687,340643.310062,3.404697987,0.000000,-0.268000,6253
203.99,688,340643.306135,3.404697987,0.000000,-0.536000,6262
204.42,689,340643.282932,3.404697987,0.000000,-0.268000,6265
204.83,690,340643.282932,3.404697987,0.000000,-0.268000,6270
205.33,691,340643.282932,3.404697987,0.000000,-1.488000,6276
205.76,692,340643.281494,3.404697987,0.000000,-0.268000,6281
206.15,693,340643.265126,3.404697987,0.000000,-0.000000,6285
