From,To,Duration,Energy used
1004,2190,10,11.0
1004,3215,10,10.4
1004,7492,7,11.8
1004,GRIX,24,27.6
1119,1130,14,25.0
1119,1179,12,15.6
1119,1179C,12,15.6
1119,1410,3,4.2
1119,1760,15,24.6
1119,2350,3,3.4
1119,2350C,3,3.4
1119,2530,7,6.4
1119,2530C,6,5.2
1119,3180,15,26.0
1119,3245,7,9.8
1119,3640,19,20.4
1119,3680,21,30.4
1119,3680C,19,30.2
1119,4100,8,10.6
1119,4485,18,24.0
1119,4490,15,24.0
1119,4760,11,16.2
1119,4760C,10,16.2
1119,5125,8,9.4
1119,5175,4,5.2
1119,5180,20,19.2
1119,5767,1,0.6
1119,7485,17,25.8
1119,7630,4,6.0
1119,8570,11,14.2
1119,9620,10,10.6
1119,BGM,11,14.2
1119,JBX,10,9.0
1119,KEX,20,28.4
1119,KEXC,20,28.4
1130,1119,14,25.0
1130,1179,19,30.8
1130,1179C,19,32.0
1130,13514,25,48.2
1130,1410,13,20.0
1130,14715,34,73.8
1130,14948,29,63.8
1130,1760,16,25.2
1130,19205,33,65.0
1130,19235,27,54.2
1130,2350,17,25.6
1130,2350C,17,26.2
1130,2530,14,21.6
1130,2530C,14,21.6
1130,3180,10,18.8
1130,3235,20,33.8
1130,3245,17,27.2
1130,3640,15,20.8
1130,3680,25,36.6
1130,3680C,25,36.6
1130,4100,9,13.4
1130,4485,25,45.0
1130,4490,12,16.8
1130,4760,11,19.0
1130,4760C,11,19.0
1130,5125,18,29.0
1130,5175,15,24.8
1130,5180,15,24.6
1130,5767,15,22.8
1130,5865,23,40.2
1130,6125,24,45.4
1130,7485,9,12.6
1130,7630,15,25.6
1130,9620,18,23.0
1130,BGM,13,15.6
1130,GRIX,20,22.2
1130,KEX,18,17.6
1140,4100,9,11.8
1140,8566,15,17.0
1140,8570,10,13.0
1140,BGM,10,13.0
1140,KEX,15,17.0
1140,KEXC,15,17.0
1179,1119,12,15.6
1179,1130,19,32.0
1179,1179C,0,0.0
1179,1179P,0,0.0
1179,1410,10,14.4
1179,1760,22,32.8
1179,2350,15,19.2
1179,2350C,14,18.0
1179,2530,8,11.2
1179,2530C,8,11.2
1179,3180,20,34.2
1179,3245,12,14.0
1179,3640,15,19.0
1179,3680,19,23.2
1179,3680C,18,24.2
1179,4100,12,19.0
1179,4485,16,16.8
1179,4490,20,31.6
1179,4760,12,18.4
1179,4760C,12,18.4
1179,5125,14,17.4
1179,5175,12,15.4
1179,5180,19,22.2
1179,5767,13,16.2
1179,7485,17,33.0
1179,7630,12,14.0
1179,8566,24,36.2
1179,8570,17,23.0
1179,9620,18,22.4
1179,BGM,17,23.0
1179,JBX,10,8.4
1179,KEX,24,36.2
1179,KEXC,24,36.2
1179C,1119,12,15.6
1179C,1130,19,32.0
1179C,1179,0,0.0
1179C,1410,10,14.4
1179C,1760,22,32.8
1179C,2350,14,19.2
1179C,2350C,14,18.0
1179C,2530,8,11.2
1179C,2530C,8,11.2
1179C,3180,20,34.2
1179C,3245,12,14.0
1179C,3640,15,19.0
1179C,3680,19,23.2
1179C,3680C,19,23.2
1179C,4100,12,19.0
1179C,4485,16,16.8
1179C,4490,20,31.6
1179C,4760,12,18.4
1179C,4760C,12,18.4
1179C,5125,14,17.4
1179C,5175,12,15.4
1179C,5180,19,22.2
1179C,5767,13,16.2
1179C,7485,17,33.0
1179C,7630,12,14.0
1179C,9620,18,22.4
1179C,BGM,17,23.0
1179C,KEX,24,36.2
1179C,KEXC,24,36.2
1179P,1179,0,0.0
12110,12110C,1,0.6
12110,12110L,2,0.6
12110,12114,3,1.6
12110,12115,3,1.6
12110,12232,6,3.8
12110,12329,10,11.6
12110,12423,8,6.0
12110,12542,11,9.6
12110,12610,11,13.4
12110,12636,12,15.0
12110,12666,18,21.6
12110,12711,14,14.4
12110,12736,16,27.2
12110,12880,23,41.6
12110,18110,14,16.2
12110,2530,13,17.6
12110,2530C,13,17.6
12110,3127,15,14.8
12110,3127C,14,15.0
12110,4510,12,17.6
12110,4527,15,11.2
12110,4760,12,19.8
12110,4760C,14,19.8
12110,6125,20,35.2
12110,GVX,14,17.2
12110,HEDL,14,15.0
12110,HED_P,14,15.0
12110,MÖLCL,1,0.6
12110,MÖLC_P,1,0.6
12110,RÄX,7,6.6
12110,SAX,9,9.2
12110C,12110,1,0.6
12110C,12114,3,1.6
12110C,12115,3,1.6
12110C,2530C,13,17.6
12110C,3127,15,14.8
12110C,4760C,14,24.8
12110C,MÖLC_P,0,0.0
12110L,12110,2,0.6
12110L,MI_A10,2,0.6
12110L,MI_A4,4,1.766
12110L,MI_A8,2,0.49
12110L,MI_A9,2,0.542
12110L,MÖLC_D,2,1.766
12110L,MÖLC_H,2,0.49
12110L,MÖLC_J,2,0.542
12110L,MÖLC_P,0,0.0
12114,12110,3,1.6
12114,12110C,3,1.6
12114,12232,6,5.0
12114,12329,10,11.8
12114,12423,4,4.6
12114,12542,10,10.4
12114,12610,11,13.8
12114,12636,12,15.8
12114,12666,15,19.6
12114,12711,14,27.0
12114,12736,18,30.8
12114,12880,24,41.8
12114,18110,13,14.8
12114,2530,14,18.2
12114,2530C,14,18.2
12114,3127,16,15.2
12114,3127C,15,15.2
12114,4510,13,13.0
12114,4760,12,20.4
12114,4760C,14,25.4
12114,6125,19,36.0
12114,GVX,14,17.0
12114,HEDL,15,15.2
12114,HED_P,15,15.2
12114,MSTN_P,1,0.6
12114,MÖLCL,3,3.8
12114,MÖLC_P,3,1.6
12114,RÄX,5,5.0
12114,SAX,7,7.6
12115,12110,3,1.6
12115,12110C,3,1.6
12115,12232,6,5.0
12115,12423,4,4.6
12115,12542,10,10.4
12115,12610,11,13.8
12115,12636,12,15.8
12115,12666,15,19.6
12115,12711,14,27.0
12115,12736,18,30.8
12115,12880,24,41.8
12115,18110,13,14.8
12115,2530,14,18.2
12115,2530C,14,18.2
12115,3127,15,14.6
12115,3127C,14,14.8
12115,4510,13,13.0
12115,4760,12,20.4
12115,4760C,14,25.4
12115,6125,19,36.0
12115,GVX,14,17.0
12115,HEDL,14,14.8
12115,HED_P,14,14.8
12115,MSTN_P,1,0.6
12115,MÖLCL,3,3.8
12115,MÖLC_P,3,1.6
12115,RÄX,5,5.0
12115,SAX,7,7.6
12128,12423,2,0.6
12128,RÄX,9,8.8
12128,SAX,11,11.2
12145,KEX,18,17.0
12145,KEXC,18,17.0
12145,RÄX,9,11.4
12145,SAX,11,16.0
12232,12110,6,3.8
12232,12114,6,5.6
12232,12115,6,5.6
12232,12423,10,8.8
12232,12542,11,10.4
12232,12610,12,17.4
12232,12636,14,19.6
12232,12666,20,25.6
12232,12711,14,25.2
12232,12736,20,31.4
12232,12880,24,46.6
12232,18110,16,18.6
12232,2530,12,16.2
12232,2530C,13,17.2
12232,3127,19,12.6
12232,3127C,13,16.4
12232,4510,11,9.2
12232,4760,13,18.4
12232,4760C,12,12.2
12232,6125,21,34.0
12232,GVX,11,16.6
12232,HEDL,13,16.4
12232,HED_P,13,16.4
12232,MÖLCL,6,6.0
12232,MÖLC_P,6,3.8
12232,RÄX,11,8.4
12232,SAX,13,11.0
12312,RÄX,1,0.4
12312,SAX,2,2.6
12329,12110,10,11.6
12329,12114,10,11.8
12329,RÄX,12,14.0
12329,SAX,10,11.4
12330,RÄX,10,11.4
12330,SAX,8,8.8
12337,RÄX,6,7.758
12337,SAX,4,5.158
12342,3127,21,19.0
12344,3127,20,18.2
12349,RÄX,12,15.2
12349,SAX,10,12.6
12411,RÄX,9,10.886
12411,SAX,11,13.486
12423,12110,8,6.6
12423,12114,4,4.6
12423,12115,4,4.6
12423,12128,2,0.6
12423,12232,10,8.8
12423,12542,7,7.8
12423,12610,13,17.8
12423,12636,15,19.4
12423,12666,20,24.2
12423,12711,17,30.6
12423,12736,21,34.2
12423,12880,25,38.4
12423,18110,8,10.6
12423,2530,14,21.8
12423,2530C,14,22.0
12423,3127,18,20.2
12423,3127C,14,20.6
12423,4510,17,16.8
12423,4760,14,24.0
12423,4760C,17,24.0
12423,6125,22,39.4
12423,GVX,14,21.6
12423,HEDL,14,20.6
12423,HED_P,14,20.6
12423,MÖLCL,8,9.6
12423,MÖLC_P,8,6.0
12423,RÄX,10,8.6
12423,SAX,12,11.2
12510,3127,15,15.4
12510,RÄX,6,7.8
12510,SAX,8,10.4
12542,12110,11,10.0
12542,12114,9,9.4
12542,12115,9,9.4
12542,12232,10,10.2
12542,12423,7,7.6
12542,12610,14,21.4
12542,12636,17,23.0
12542,12666,22,29.6
12542,12711,19,29.4
12542,12736,23,38.0
12542,12880,23,37.6
12542,18110,8,10.6
12542,2530,17,26.8
12542,2530C,18,26.8
12542,3127,14,15.6
12542,3127C,11,16.0
12542,4510,19,18.8
12542,4760,18,29.0
12542,4760C,19,29.0
12542,6125,24,44.8
12542,GVX,11,16.6
12542,HEDL,11,16.0
12542,HED_P,11,16.0
12542,MÖLCL,11,15.0
12542,MÖLC_P,11,9.6
12542,RÄX,14,20.6
12542,SAX,16,23.2
12610,12110,11,13.2
12610,12114,11,13.8
12610,12115,11,13.8
12610,12232,13,18.4
12610,12423,12,17.2
12610,12542,15,21.4
12610,12636,3,3.0
12610,12666,13,14.2
12610,12711,11,12.0
12610,12736,14,15.8
12610,12880,20,32.4
12610,18110,20,27.4
12610,2530,14,25.4
12610,2530C,13,25.0
12610,3127,18,25.6
12610,3127C,18,25.6
12610,4510,17,31.6
12610,4760,14,27.6
12610,4760C,17,27.6
12610,6125,18,26.0
12610,GVX,17,28.0
12610,HEDL,18,25.6
12610,HED_P,18,25.6
12610,KS_P,90,0.0
12610,MÖLCL,11,21.6
12610,MÖLC_P,11,13.4
12610,RÄX,8,9.8
12610,SAX,6,7.2
12636,12110,12,15.0
12636,12114,12,15.8
12636,12115,12,15.8
12636,12232,14,19.6
12636,12423,15,19.0
12636,12542,17,23.2
12636,12610,3,3.0
12636,12636P,0,0.0
12636,12666,17,16.6
12636,12711,14,25.2
12636,12736,17,17.2
12636,12880,14,24.2
12636,18110,25,29.2
12636,2530,16,27.2
12636,2530C,16,27.2
12636,3127,21,28.0
12636,3127C,21,28.0
12636,4510,19,33.2
12636,4760,17,29.4
12636,4760C,19,29.4
12636,6125,20,28.4
12636,GVX,20,30.4
12636,HEDL,21,28.0
12636,HED_P,21,28.0
12636,KRGL,1,0.2
12636,KRG_P,0,0.0
12636,KS_B,8,8.6
12636,KS_E,8,8.6
12636,KS_H,6,6.8
12636,MÖLCL,12,15.0
12636,MÖLC_P,12,15.0
12636,RÄX,12,12.2
12636,SAX,10,9.6
12636C,4760C,19,29.4
12636P,12636,0,0.0
12644,RÄX,7,10.2
12644,SAX,5,7.6
12662,RÄX,8,13.6
12662,SAX,6,11.0
12666,12110,15,20.6
12666,12114,15,19.6
12666,12115,15,19.6
12666,12232,20,25.6
12666,12423,19,24.4
12666,12542,21,28.8
12666,12610,13,14.2
12666,12636,17,16.6
12666,12711,13,16.4
12666,12736,14,17.0
12666,12880,20,32.6
12666,18110,25,34.8
12666,2530,20,32.8
12666,2530C,20,33.2
12666,3127,25,35.6
12666,3127C,23,34.8
12666,4510,23,38.8
12666,4760,21,35.0
12666,4760C,23,39.8
12666,6125,20,32.0
12666,HEDL,23,34.8
12666,HED_P,23,34.8
12666,MÖLCL,18,21.6
12666,MÖLC_P,18,21.6
12666,RÄX,12,15.8
12666,SAX,10,13.2
12710,RÄX,13,19.0
12710,SAX,11,16.4
12711,12110,14,14.4
12711,12114,14,27.0
12711,12115,14,27.0
12711,12232,14,25.2
12711,12423,14,24.4
12711,12542,18,28.8
12711,12610,9,10.4
12711,12636,14,25.2
12711,12666,12,16.2
12711,12736,5,4.4
12711,12880,13,24.2
12711,18110,22,37.6
12711,2530,16,35.6
12711,2530C,16,35.6
12711,3127,24,37.6
12711,3127C,24,37.6
12711,4510,20,41.8
12711,4760,17,35.0
12711,4760C,20,35.0
12711,6125,15,20.6
12711,GVX,23,40.8
12711,HEDL,24,37.6
12711,HED_P,24,37.6
12711,MÖLCL,14,14.4
12711,MÖLC_P,14,14.4
12711,RÄX,14,22.6
12711,SAX,12,20.0
12730,RÄX,11,19.4
12730,SAX,9,16.8
12736,12110,16,27.2
12736,12114,18,30.8
12736,12115,18,30.8
12736,12232,20,31.4
12736,12423,20,31.2
12736,12542,22,35.6
12736,12610,14,15.6
12736,12636,17,17.2
12736,12666,14,17.2
12736,12711,5,4.4
12736,12880,13,23.0
12736,18110,21,33.8
12736,2530,23,39.6
12736,2530C,23,39.6
12736,3127,28,41.6
12736,3127C,28,41.6
12736,4510,26,45.8
12736,4760,21,41.6
12736,4760C,24,41.6
12736,6125,15,21.6
12736,GVX,26,43.6
12736,HEDL,28,41.6
12736,HED_P,28,41.6
12736,MÖLCL,16,27.2
12736,MÖLC_P,16,27.2
12736,RÄX,17,25.4
12736,SAX,15,22.8
12750,RÄX,8,14.4
12750,SAX,6,11.8
12766,RÄX,15,24.0
12766,SAX,13,21.4
12810,RÄX,20,34.4
12810,SAX,18,31.8
12811,RÄX,20,35.8
12811,SAX,18,33.2
12880,12110,23,41.6
12880,12114,24,41.8
12880,12115,24,41.8
12880,12232,24,46.6
12880,12423,26,38.6
12880,12542,24,37.6
12880,12610,21,32.2
12880,12636,14,24.2
12880,12666,21,32.6
12880,12711,13,24.2
12880,12736,13,23.0
12880,18110,19,28.2
12880,2530,30,54.6
12880,2530C,30,54.6
12880,3127,35,56.6
12880,3127C,35,56.6
12880,4510,28,60.4
12880,4760,29,56.8
12880,4760C,30,56.8
12880,6125,23,40.6
12880,GVX,28,57.2
12880,HEDL,35,56.6
12880,HED_P,35,56.6
12880,MÖLCL,23,41.6
12880,MÖLC_P,23,41.6
12880,RÄX,20,39.0
12880,SAX,19,36.4
1310,PARX,14,16.4
13138,PAGX,12,16.0
13138,PARX,11,15.4
13215,13311,6,5.2
13215,13329,7,7.0
13215,13330,8,6.4
13215,13410,9,11.6
13215,13410C,9,11.6
13215,13421,7,10.6
13215,13514,11,7.4
13215,13722,6,4.8
13215,14001,28,64.2
13215,14150,30,62.2
13215,14152,30,62.2
13215,14715,30,66.2
13215,17320,30,49.6
13215,18110,20,32.0
13215,18210,14,29.0
13215,18711,23,40.4
13215,19205,35,77.4
13215,19235,31,77.0
13215,3127,15,20.6
13215,3127C,15,20.6
13215,3180,16,28.2
13215,3215,29,60.8
13215,3860,19,37.2
13215,4485,29,57.0
13215,4490,15,30.0
13215,4510,16,24.6
13215,4524,18,24.6
13215,4760,20,38.6
13215,4945,13,20.8
13215,5147,19,28.4
13215,5180,11,19.6
13215,5421,22,42.0
13215,5865,31,67.8
13215,6125,28,69.6
13215,6225,18,37.4
13215,6480,10,16.2
13215,6650,17,37.2
13215,7300,14,21.0
13215,7488,25,44.0
13215,7492,25,47.6
13215,7880,8,10.8
13215,GRIX,19,27.2
13215,HED_P,14,20.6
13215,JON_P,9,11.6
13215,PAGX,6,3.4
13215,PARX,5,2.8
13215,PC_P,6,2.8
13215,PC_U,2,1.8
13240,PAGX,14,17.0
13240,PARX,13,16.4
13311,13215,6,5.2
13311,13410,6,6.8
13311,3127,14,25.2
13311,3127L,14,25.2
13311,6480,11,18.6
13311,7880,7,13.4
13311,PARX,6,5.6
13329,13215,7,7.0
13329,13410,10,10.0
13329,3127,15,27.4
13329,3127C,15,27.4
13329,6480,16,23.2
13329,7880,10,15.8
13329,7880C,10,15.8
13329,HED_P,15,27.4
13329,JON_P,10,10.0
13329,PARX,7,7.6
13330,13215,8,6.4
13330,3127,18,27.4
13330,3127C,18,27.4
13330,3860,18,37.0
13330,5180,22,31.0
13330,6480,11,21.8
13330,7300,19,25.2
13330,GRIX,21,31.0
13330,HED_P,15,25.8
13330,PARX,8,7.6
13410,13215,9,11.6
13410,13311,6,6.8
13410,13329,10,10.0
13410,13410C,1,0.2
13410,13421,6,3.8
13410,13514,7,10.2
13410,13722,6,7.6
13410,17320,17,38.4
13410,3127,17,28.8
13410,3127C,17,28.8
13410,6480,15,24.8
13410,7581,12,23.0
13410,7880,12,18.8
13410,HED_P,17,28.8
13410,JON_P,1,0.4
13410,PARX,11,12.8
13410C,13215,9,11.6
13410C,13410,0,0.0
13410C,13421,6,3.8
13410C,JON_P,1,0.0
13421,13215,7,10.6
13421,13410,6,3.8
13421,13410C,6,3.8
13421,3127,17,27.0
13421,3127C,17,28.8
13421,6480,12,23.4
13421,7880,9,17.0
13421,7880C,9,17.0
13421,HED_P,17,27.0
13421,JON_P,6,3.8
13421,PARX,7,11.2
13514,1130,25,48.2
13514,13215,11,7.4
13514,13410,7,10.2
13514,17320,19,45.6
13514,18110,15,26.8
13514,18711,20,33.0
13514,19205,44,93.8
13514,19235,38,76.2
13514,3127,17,26.8
13514,3127C,17,27.0
13514,3180,14,26.8
13514,3215,30,62.4
13514,3860,19,38.0
13514,4485,30,64.8
13514,4490,15,28.2
13514,4510,17,32.2
13514,4760,22,41.2
13514,4945,19,26.8
13514,5147,21,32.0
13514,5180,24,32.0
13514,5421,25,47.6
13514,5865,34,66.6
13514,6125,30,69.0
13514,6225,23,41.0
13514,6480,11,21.8
13514,7300,19,26.2
13514,7488,24,48.6
13514,7492,27,49.2
13514,7498,24,47.8
13514,7880,12,16.8
13514,GRIX,21,32.2
13514,HED_P,17,26.8
13514,JON_P,7,10.2
13514,PAGX,8,8.4
13514,PARX,8,8.4
13722,13215,6,4.8
13722,13410,6,7.6
13722,PARX,5,4.2
14001,13215,28,64.2
14001,14002,5,5.8
14001,14150,4,2.8
14001,14152,4,2.8
14001,14715,9,8.0
14001,14948,8,7.6
14001,17320,40,67.0
14001,18110,33,67.6
14001,18711,33,67.6
14001,19205,45,97.0
14001,19235,45,99.0
14001,3127,25,48.0
14001,3180,22,42.6
14001,3215,38,72.8
14001,3860,14,26.8
14001,4490,28,45.0
14001,4760,30,62.6
14001,4945,33,44.8
14001,5147,28,47.0
14001,5180,26,47.0
14001,6125,38,91.0
14001,6480,20,44.2
14001,7300,27,48.8
14001,7488,29,52.0
14001,7492,29,54.4
14001,7498,29,58.6
14001,GRIX,27,40.0
14001,KRC_P,1,0.2
14001,KRC_U,1,0.2
14002,14001,5,5.8
14002,14150,4,3.4
14002,14152,4,3.4
14002,14948,3,6.4
14002,3180,20,38.2
14002,3860,12,21.4
14002,7488,24,46.6
14002,7492,29,54.4
14002,GRIX,28,44.0
14002,KRC_P,5,5.6
1410,1119,3,4.2
1410,1130,12,19.6
1410,1179,9,13.2
1410,1179C,10,14.4
1410,1760,12,20.4
1410,2350,7,6.8
1410,2350C,7,6.8
1410,2530,5,4.8
1410,2530C,5,4.8
1410,3180,12,21.8
1410,3245,7,9.2
1410,3640,12,14.2
1410,3680,14,28.0
1410,3680C,18,29.0
1410,4100,4,6.4
1410,4485,15,21.6
1410,4490,12,19.8
1410,4760,8,13.8
1410,4760C,7,13.2
1410,5125,9,11.4
1410,5175,6,7.6
1410,5180,11,18.4
1410,5767,3,3.6
1410,7485,13,21.6
1410,7630,6,8.0
1410,8566,14,27.2
1410,8570,8,8.0
1410,9620,9,8.8
1410,BGM,8,8.0
1410,KEX,14,27.2
1410,KEXC,14,27.2
14150,13215,30,62.2
14150,14001,4,2.8
14150,14002,4,3.4
14150,14715,8,8.6
14150,14948,5,5.4
14150,3180,19,41.6
14150,GRIX,24,40.8
14152,13215,30,62.2
14152,14001,4,2.8
14152,14002,4,3.4
14152,14715,8,8.6
14152,14948,5,5.4
14152,3180,19,41.6
14152,GRIX,24,40.8
1420,18112,15,23.2
14715,1130,34,73.8
14715,13215,30,66.2
14715,14001,9,8.0
14715,14150,8,8.6
14715,14152,8,8.6
14715,14948,7,9.8
14715,18110,35,71.8
14715,18711,37,75.2
14715,19205,52,118.4
14715,3127,31,50.2
14715,3180,23,47.0
14715,3215,42,89.6
14715,3860,16,27.8
14715,4485,43,87.2
14715,4490,32,50.2
14715,4760,31,68.8
14715,5147,29,54.8
14715,5180,29,52.8
14715,5865,38,86.8
14715,6480,25,46.4
14715,7300,30,51.8
14715,7488,31,54.0
14715,7492,33,64.0
14715,7498,31,60.6
14715,GRIX,27,46.0
14715,HED_P,31,50.2
14715,KRC_P,9,8.0
14948,1130,29,63.8
14948,14001,8,7.6
14948,14002,3,6.4
14948,14150,5,5.4
14948,14152,5,5.4
14948,14715,7,9.8
14948,17320,40,99.0
14948,18711,38,74.6
14948,19205,48,115.6
14948,19235,43,100.0
14948,3127,28,49.2
14948,3180,22,44.6
14948,3215,33,73.6
14948,3860,13,27.8
14948,4490,30,47.6
14948,4760,35,68.0
14948,5147,27,53.8
14948,5180,24,47.2
14948,6225,32,58.0
14948,6480,24,49.4
14948,7300,28,50.0
14948,7488,29,54.0
14948,7492,30,57.0
14948,7498,29,62.2
14948,GRIX,25,44.0
14948,HED_P,28,49.2
14948,KRC_P,8,7.6
14948,PAGX,30,56.0
1595,1595P,0,0.0
1595,2190,8,5.6
1595,2240,3,1.5
1595,2580,12,11.2
1595,8566,12,11.8
1595,BUX,13,15.4
1595,JBX,16,20.0
1595,KEX,15,13.6
1595,KEXC,12,11.8
1595P,1595,0,0.0
1715,4760,16,26.0
1715,4760C,16,26.0
1715,8566,25,48.4
1715,KEX,22,40.4
1715,KEXC,22,40.4
1715,MGU,16,26.0
17320,13215,30,49.6
17320,13410,17,38.4
17320,13514,19,45.6
17320,14001,40,67.0
17320,14948,40,99.0
17320,18110,36,71.8
17320,18711,43,73.8
17320,19205,48,119.6
17320,19235,45,112.6
17320,3127,32,62.0
17320,3180,29,62.0
17320,3215,43,97.4
17320,3860,32,49.6
17320,4485,46,100.0
17320,4490,32,66.2
17320,4510,35,67.6
17320,4760,35,78.4
17320,4945,34,65.4
17320,5147,11,20.4
17320,5180,34,68.0
17320,5421,30,84.0
17320,5865,38,98.6
17320,6125,52,105.4
17320,6225,11,21.4
17320,6480,27,58.2
17320,7300,29,63.0
17320,7488,38,82.6
17320,7498,38,79.4
17320,GRIX,38,69.2
17320,GÅO_P,2,2.0
17320,JON_P,17,38.4
17320,PARX,27,45.2
1740,4290,6,9.8
1740,KEX,5,3.0
1740,PARX,12,20.2
1760,1119,15,23.2
1760,1130,16,25.2
1760,1179,21,32.2
1760,1179C,22,32.8
1760,1410,13,18.2
1760,2350,18,23.8
1760,2350C,19,27.2
1760,2530,13,19.0
1760,2530C,13,19.0
1760,3127,5,1.7
1760,3180,6,6.2
1760,3245,18,25.0
1760,3640,6,2.8
1760,3680,15,16.4
1760,3680C,17,17.4
1760,4100,9,12.0
1760,4290,12,17.0
1760,4485,25,37.4
1760,4490,10,10.4
1760,4760,15,12.6
1760,4760C,13,10.4
1760,4940,3,2.0
1760,5125,25,29.2
1760,5175,17,23.0
1760,5180,6,3.8
1760,5767,15,21.2
1760,6242,6,2.4
1760,7485,17,25.8
1760,7600,3,1.4
1760,7630,22,25.8
1760,8566,10,9.0
1760,8570,10,8.8
1760,9620,20,21.8
1760,HED_P,5,1.7
1760,JBX,22,24.0
1760,KB_B,15,16.4
1760,KEX,10,9.0
1760,KEXC,10,9.0
1760,KÖ_U,12,17.0
18110,12110,14,16.2
18110,12114,13,14.8
18110,12115,13,14.8
18110,12232,16,18.6
18110,12423,8,10.6
18110,12542,8,10.8
18110,12610,20,28.0
18110,12636,25,29.2
18110,12666,26,34.6
18110,12711,22,37.6
18110,12736,21,33.8
18110,12880,19,28.2
18110,13215,20,32.0
18110,13514,15,26.8
18110,14001,33,67.6
18110,14715,35,71.8
18110,17320,36,71.8
18110,18112,2,1.0
18110,18162,5,5.0
18110,18210,14,16.8
18110,18711,6,6.0
18110,19205,29,69.0
18110,19235,32,68.0
18110,2530,21,32.0
18110,2530C,21,32.0
18110,3127,18,27.4
18110,3127C,18,26.8
18110,3215,33,78.0
18110,3860,25,45.0
18110,4485,29,53.6
18110,4510,28,27.2
18110,4760,22,34.2
18110,4760C,22,44.8
18110,5180,27,0.0
18110,6125,30,49.8
18110,7488,25,49.2
18110,cMYT,1,0.0
18110,GRIX,27,38.8
18110,GVX,17,26.4
18110,HEDL,18,27.4
18110,HED_P,18,27.4
18110,KRC_P,33,67.6
18110,MYTL,1,0.2
18110,MYT_P,0,0.0
18110,MÖLCL,14,16.2
18110,MÖLC_P,14,16.2
18110,PAGX,22,36.8
18110,PARX,21,36.2
18110,RÄX,17,19.4
18110,SAX,19,22.0
18112,1420,15,23.2
18112,18110,2,1.0
18112,18117,7,6.8
18112,18130,6,5.6
18112,18711,8,7.0
18112,2043,10,21.4
18112,3127,17,26.2
18112,3980,15,23.0
18112,4524,12,20.2
18112,GRIX,28,38.4
18112,PAGX,20,32.4
18115,PAGX,24,38.6
18115,PARX,23,37.0
18115,RÄX,18,21.4
18115,SAX,20,24.0
18116,3127,18,24.0
18116,3127C,18,24.0
18116,HEDL,18,24.0
18116,HED_P,18,24.0
18116,RÄX,19,22.0
18116,SAX,21,24.6
18117,18112,7,6.8
18120,RÄX,13,18.8
18120,SAX,15,21.4
18125,RÄX,15,33.0
18125,SAX,17,35.6
18130,18112,6,5.6
1815,KEX,11,15.2
1815,KÖ_F,5,5.0
1815,KÖ_U,5,5.0
18162,18110,5,5.0
18162,18711,2,1.8
18162,3180,23,39.8
18162,7488,30,67.4
18162,GRIX,30,42.0
18210,13215,14,29.0
18210,18110,14,16.8
18210,PAGX,19,24.8
18210,PARX,18,25.4
18711,13215,23,40.4
18711,13514,20,33.0
18711,14001,33,67.6
18711,14715,37,75.2
18711,14948,38,74.6
18711,17320,43,73.8
18711,18110,6,6.0
18711,18112,8,7.0
18711,18162,2,1.8
18711,19205,38,60.8
18711,19235,31,53.6
18711,3127,23,32.4
18711,3215,38,66.6
18711,3860,33,51.6
18711,4485,33,57.6
18711,4490,22,42.6
18711,4760,29,41.4
18711,5147,35,65.0
18711,5865,32,63.8
18711,6125,33,45.8
18711,6480,19,31.4
18711,7300,21,32.6
18711,7488,34,70.0
18711,GRIX,31,43.8
18711,HED_P,23,32.4
18711,KRC_P,33,67.6
18711,MYT_P,6,6.0
18711,PAGX,24,38.8
19205,1130,33,65.0
19205,13215,35,77.4
19205,13514,44,93.8
19205,14001,45,97.0
19205,14715,52,118.4
19205,14948,48,115.6
19205,17320,48,119.6
19205,18110,29,69.0
19205,18711,38,60.8
19205,19235,9,10.0
19205,3127,23,44.6
19205,3127C,23,44.6
19205,3180,26,57.0
19205,3215,30,66.8
19205,3860,45,81.6
19205,4485,21,29.6
19205,4490,33,60.4
19205,4510,28,46.6
19205,4760,17,37.2
19205,4760C,17,37.2
19205,4945,27,56.6
19205,5147,40,90.2
19205,5180,33,56.8
19205,5421,13,30.8
19205,5865,20,25.2
19205,6125,8,11.6
19205,6225,40,93.0
19205,6480,23,57.0
19205,7300,30,49.6
19205,7488,33,60.6
19205,7498,30,58.0
19205,GRIX,36,63.0
19205,HED_P,23,44.6
19205,PARX,42,73.6
19235,1130,27,54.2
19235,13215,31,77.0
19235,13514,38,76.2
19235,14001,45,99.0
19235,14948,43,100.0
19235,17320,45,112.6
19235,18110,32,68.0
19235,18711,31,53.6
19235,19205,9,10.0
19235,3127,25,44.2
19235,3127C,25,44.2
19235,3180,29,56.2
19235,3215,32,66.0
19235,3860,44,78.2
19235,4485,15,24.0
19235,4490,28,53.4
19235,4510,22,39.8
19235,4760,20,36.4
19235,4945,30,55.8
19235,5147,42,89.2
19235,5180,30,50.4
19235,5421,15,30.0
19235,5865,14,23.6
19235,6125,7,8.4
19235,6225,42,89.8
19235,6480,25,47.6
19235,7300,27,42.6
19235,7488,28,53.6
19235,7498,30,54.4
19235,GRIX,38,62.6
19235,HED_P,25,44.2
19235,PARX,42,73.2
19240,4510,18,35.8
1950,3160,19,15.8
1950,7880,11,13.0
1950,KEX,9,6.8
1950,PAGX,16,22.0
2043,18112,10,21.4
2100,4760,11,9.4
2100,7340,4,2.2
2100,KEX,19,16.4
2190,1004,10,11.0
2190,1595,8,5.6
2190,2190C,2,0.6
2190,2190L,1,0.4
2190,2530,10,17.8
2190,2580,16,18.8
2190,3180,7,6.4
2190,3215,20,32.6
2190,4808,22,37.6
2190,7485,13,13.2
2190,8566,8,6.6
2190,8570,10,11.4
2190,BGM,10,11.4
2190,ETL,1,0.4
2190,ET_P,1,0.2
2190,ET_R,1,0.2
2190,ETU,1,0.2
2190,JBX,14,20.8
2190,KEX,8,6.6
2190,KEXC,8,6.6
2190,PARX,19,28.0
2190C,2190,1,0.2
2190C,2530,10,17.8
2190L,2190,0,0.0
2190L,ET_R,1,0.2
2190L,ETU,1,0.2
2240,1595,3,1.5
2240,2580,11,10.2
2240,ARX,15,13.0
2240,BUX,12,14.4
2240,JBX,15,19.2
2240,KEX,15,11.8
2240,KEXC,10,9.8
2350,1119,3,3.4
2350,1130,18,26.2
2350,1179,14,18.0
2350,1179C,14,19.2
2350,1410,7,6.8
2350,1760,19,27.2
2350,2350C,0,0.0
2350,2530,10,9.6
2350,2530C,10,9.6
2350,3180,18,28.6
2350,3245,11,13.2
2350,3640,20,24.8
2350,3680,20,32.8
2350,3680C,21,33.6
2350,4100,10,13.2
2350,4485,20,27.8
2350,4490,18,26.6
2350,4760,13,18.6
2350,4760C,12,18.0
2350,5125,11,13.0
2350,5175,8,8.6
2350,5180,20,21.2
2350,5767,3,3.2
2350,7300,20,23.2
2350,7485,19,28.4
2350,7630,8,9.4
2350,8566,22,37.0
2350,8570,17,13.4
2350,9620,13,13.2
2350,BGM,17,13.4
2350,FTU,10,9.6
2350,JBX,14,11.6
2350,KEX,22,37.0
2350,KEXC,22,37.0
2350C,1119,3,3.4
2350C,1130,18,26.2
2350C,1179,14,18.0
2350C,1179C,14,18.0
2350C,1410,7,6.8
2350C,1760,19,27.2
2350C,2350,0,0.0
2350C,2530,10,9.6
2350C,3180,18,28.6
2350C,3245,11,13.2
2350C,3640,20,24.8
2350C,3680,20,32.8
2350C,3680C,20,32.8
2350C,4100,10,13.2
2350C,4485,20,27.8
2350C,4490,18,26.6
2350C,4760,13,18.6
2350C,4760C,13,18.0
2350C,5125,11,13.0
2350C,5175,8,8.6
2350C,5180,20,21.2
2350C,5767,3,3.2
2350C,7300,20,23.2
2350C,7485,19,28.4
2350C,7630,8,9.4
2350C,9620,13,13.2
2350C,BGM,17,13.4
2350C,FTU,10,9.6
2350C,KEX,22,37.0
2350C,KEXC,22,37.0
2350L,KEX,22,37.0
2530,1119,6,5.2
2530,1130,14,21.6
2530,1179,8,11.2
2530,1179C,8,11.2
2530,12110,13,17.6
2530,12114,14,18.2
2530,12115,14,18.2
2530,12232,13,17.2
2530,12423,14,22.0
2530,12542,18,26.8
2530,12610,13,25.0
2530,12636,16,27.2
2530,12666,20,33.2
2530,12711,16,35.6
2530,12736,23,39.6
2530,12880,30,54.6
2530,1410,5,4.8
2530,1760,13,19.0
2530,18110,21,32.0
2530,2190,10,17.8
2530,2190C,10,17.8
2530,2350,10,9.6
2530,2350C,10,9.6
2530,2530C,1,0.6
2530,2530L,1,0.6
2530,3127,20,20.4
2530,3127C,20,20.4
2530,3180,15,23.8
2530,3235,9,12.6
2530,3245,8,6.6
2530,3640,11,16.8
2530,3680,19,26.0
2530,3680C,17,26.2
2530,4100,6,8.6
2530,4290,18,32.2
2530,4290C,18,32.2
2530,4485,15,20.4
2530,4490,14,22.2
2530,4510,12,5.4
2530,4760,8,11.2
2530,4760C,8,11.2
2530,4808,25,46.6
2530,4808C,25,46.6
2530,5125,10,9.2
2530,5175,6,6.2
2530,5180,12,20.6
2530,5767,7,5.8
2530,6125,14,25.6
2530,6242,15,18.6
2530,7485,15,21.8
2530,7498,12,20.8
2530,7500,12,20.8
2530,7630,5,5.8
2530,8566,18,34.2
2530,8570,11,11.0
2530,9620,11,13.2
2530,BGM,11,22.0
2530,FTLL,1,0.2
2530,FTU,0,0.4
2530,FTXL,1,0.6
2530,GRIX,20,40.0
2530,GVX,14,22.0
2530,HEDL,20,20.4
2530,HED_P,20,20.4
2530,JBX,6,3.4
2530,KB_A,19,26.0
2530,KB_B,19,26.0
2530,KB_C,19,26.0
2530,KEX,18,34.2
2530,KEXC,18,34.2
2530,MÖLCL,13,17.6
2530,MÖLC_P,13,17.6
2530,PARX,21,39.6
2530,RÄX,15,26.4
2530,SAX,13,23.8
2530C,1119,6,5.2
2530C,1130,14,21.6
2530C,1179,8,11.2
2530C,1179C,8,11.2
2530C,12110,13,17.6
2530C,12110C,13,17.6
2530C,12114,14,18.2
2530C,12115,14,18.2
2530C,12232,13,17.2
2530C,12423,14,22.0
2530C,12542,18,26.8
2530C,12610,13,25.0
2530C,12636,16,27.2
2530C,12666,20,33.2
2530C,12711,16,35.6
2530C,12736,23,39.6
2530C,12880,30,54.6
2530C,1410,5,4.8
2530C,1760,13,19.0
2530C,18110,21,32.0
2530C,2350,10,9.6
2530C,2530,2,1.2
2530C,3127,20,20.4
2530C,3127C,20,20.4
2530C,3180,15,23.8
2530C,3235,9,12.6
2530C,3245,8,6.6
2530C,3640,11,16.8
2530C,3680,19,26.0
2530C,3680C,17,26.2
2530C,4485,15,20.4
2530C,4490,14,22.2
2530C,4510,12,5.4
2530C,4760,8,11.2
2530C,4760C,8,11.2
2530C,5125,10,9.2
2530C,5175,6,6.2
2530C,5180,12,20.6
2530C,5767,7,5.8
2530C,6125,14,25.6
2530C,7485,15,21.8
2530C,7498,12,20.8
2530C,7630,5,5.8
2530C,9620,11,13.2
2530C,BGM,11,11.0
2530C,GVX,14,22.0
2530C,HED_P,20,20.4
2530C,KEX,18,34.2
2530C,KEXC,18,34.2
2530C,MÖLC_P,13,17.6
2530C,RÄX,15,26.4
2530C,SAX,13,23.8
2530L,2530,2,1.2
2530L,4100,6,8.6
2530L,FTU,2,0.4
2530L,JBX,6,3.4
25456,RÄX,12,26.8
25456,SAX,10,24.2
2580,1595,12,11.2
2580,2190,16,18.8
2580,2240,11,10.2
2580,4760,5,4.326
2580,4760C,5,4.326
2580,8566,16,25.8
2580,8570,6,9.0
2580,BGM,6,9.0
2580,BUX,12,19.6
2580,JBX,10,11.6
2580,KEX,16,25.8
2580,KEXC,16,25.8
2695,4760,5,5.382
2695,JBX,11,12.2
2695,KEX,17,28.8
3127,12110,14,15.0
3127,12110C,14,15.0
3127,12114,14,15.2
3127,12115,14,14.8
3127,12232,13,16.4
3127,12342,21,19.0
3127,12344,20,18.2
3127,12423,14,20.6
3127,12510,15,15.4
3127,12542,11,16.0
3127,12610,18,25.6
3127,12636,21,28.0
3127,12666,23,34.8
3127,12711,24,37.6
3127,12736,28,41.6
3127,12880,35,56.6
3127,13215,15,20.6
3127,13311,14,25.2
3127,13329,15,27.4
3127,13330,15,27.4
3127,13410,17,28.8
3127,13421,17,27.0
3127,13514,17,26.8
3127,14001,25,48.0
3127,14715,31,50.2
3127,14948,28,49.2
3127,17320,32,62.0
3127,1760,5,2.4
3127,18110,18,27.4
3127,18112,17,26.2
3127,18116,18,24.0
3127,18711,23,32.4
3127,19205,23,44.6
3127,19235,25,44.2
3127,2530,20,20.4
3127,2530C,20,20.4
3127,3127C,1,1.0
3127,3127L,1,0.6
3127,3180,8,6.4
3127,3215,25,35.4
3127,3235,20,27.4
3127,3640,5,4.2
3127,3860,16,25.2
3127,4100,13,12.0
3127,4485,25,31.0
3127,4510,8,4.8
3127,4524,7,4.2
3127,4760,12,9.2
3127,4760C,12,9.2
3127,4945,5,2.6
3127,5147,21,40.0
3127,5180,10,3.8
3127,5865,24,30.8
3127,6125,25,38.0
3127,6225,25,45.0
3127,6480,6,3.8
3127,7300,3,2.2
3127,7488,17,24.2
3127,7492,20,31.6
3127,7581,13,11.8
3127,7880,11,13.0
3127,GRIX,22,19.2
3127,GVX,11,8.0
3127,HEDL,1,0.5
3127,HED_P,1,0.4
3127,JON_P,17,28.8
3127,KEX,15,13.2
3127,KEXC,15,13.2
3127,MÖLCL,15,14.8
3127,MÖLC_P,15,14.8
3127,PAGX,17,21.6
3127,PARX,15,20.8
3127,RÄX,20,19.6
3127,SAX,20,22.2
3127C,12110,14,15.0
3127C,12114,14,15.2
3127C,12115,14,14.8
3127C,12232,13,16.4
3127C,12423,14,20.6
3127C,12542,11,16.0
3127C,12610,18,25.6
3127C,12636,21,28.0
3127C,12666,23,34.8
3127C,12711,24,37.6
3127C,12736,28,41.6
3127C,12880,35,56.6
3127C,13215,15,20.6
3127C,13329,15,27.4
3127C,13330,18,27.4
3127C,13410,17,28.8
3127C,13421,17,28.8
3127C,13514,17,27.0
3127C,18110,18,26.8
3127C,18116,18,24.0
3127C,19205,23,44.6
3127C,19235,25,44.2
3127C,2530,20,20.4
3127C,2530C,20,20.4
3127C,3127,1,0.4
3127C,3215,25,35.4
3127C,3640,5,4.2
3127C,3860,16,25.2
3127C,4485,25,31.0
3127C,4510,8,4.8
3127C,4760,12,9.2
3127C,4760C,12,9.2
3127C,4945,5,2.6
3127C,5147,21,40.0
3127C,5180,10,3.8
3127C,5865,24,30.8
3127C,6125,25,38.0
3127C,6225,25,45.0
3127C,6480,7,3.8
3127C,7300,3,2.2
3127C,7581,13,9.2
3127C,7880,11,13.0
3127C,HED_P,0,0.0
3127C,JON_P,17,28.8
3127C,KEX,15,13.2
3127C,MÖLC_P,14,15.0
3127C,PARX,18,20.8
3127C,RÄX,18,19.6
3127C,SAX,20,22.2
3127L,13311,14,25.2
3127L,3127,1,0.6
3127L,HED_C,1,0.06
3127L,HED_D,1,0.05
3127L,HED_E,1,0.062
3127L,HED_P,0,0.0
3160,1950,19,15.8
3160,PAGX,21,32.4
3170,KEX,19,25.2
3180,1119,18,27.0
3180,1130,10,18.8
3180,1179,20,34.2
3180,1179C,20,34.2
3180,13215,16,28.2
3180,13514,14,26.8
3180,14001,22,42.6
3180,14002,20,38.2
3180,1410,15,24.4
3180,14150,19,41.6
3180,14152,19,41.6
3180,14715,23,47.0
3180,14948,22,44.6
3180,17320,29,62.0
3180,1760,7,6.2
3180,18162,23,39.8
3180,19205,26,57.0
3180,19235,29,56.2
3180,2190,7,6.4
3180,2350,19,27.6
3180,2350C,18,28.6
3180,2530,15,23.8
3180,2530C,15,23.8
3180,3127,8,6.4
3180,3215,19,31.4
3180,3235,20,32.6
3180,3245,17,31.0
3180,3640,13,8.2
3180,3680,15,19.4
3180,3680C,15,19.4
3180,3860,12,21.6
3180,4100,11,15.6
3180,4485,24,43.6
3180,4490,6,4.2
3180,4760,15,20.6
3180,4760C,15,20.6
3180,4940,3,4.2
3180,4945,3,4.2
3180,5125,18,31.8
3180,5147,26,41.6
3180,5175,16,27.4
3180,5180,6,4.0
3180,5767,16,24.8
3180,5865,25,47.4
3180,6125,27,49.6
3180,6225,27,57.2
3180,6242,10,6.2
3180,7485,13,19.6
3180,7492,13,20.0
3180,7600,6,4.2
3180,7630,18,30.0
3180,8566,4,5.6
3180,8570,14,14.4
3180,9620,19,26.0
3180,BGM,14,14.4
3180,GRIX,10,8.2
3180,HED_P,8,6.4
3180,HPU,1,0.2
3180,JBX,18,27.0
3180,KB_A,15,19.4
3180,KB_B,15,19.4
3180,KB_C,15,19.4
3180,KEX,4,5.6
3180,KEXC,4,5.6
3180,KRC_P,22,42.6
3180,PAGX,15,21.8
3180,PARX,12,22.8
3215,1004,10,10.4
3215,13215,29,60.8
3215,13514,30,62.4
3215,14001,38,72.8
3215,14715,42,89.6
3215,14948,33,73.6
3215,17320,43,97.4
3215,18110,33,78.0
3215,18711,38,66.6
3215,19205,30,66.8
3215,19235,32,66.0
3215,2190,20,32.6
3215,3127,25,35.4
3215,3127C,25,35.4
3215,3180,19,31.4
3215,3860,22,39.2
3215,4485,28,55.0
3215,4490,16,31.4
3215,4510,19,37.8
3215,4760,21,32.0
3215,4945,25,43.2
3215,5147,34,67.6
3215,5180,22,35.4
3215,5421,19,41.4
3215,5865,26,54.6
3215,6125,30,61.0
3215,6225,39,68.8
3215,6480,28,40.8
3215,6650,14,17.2
3215,7300,22,38.2
3215,7488,17,22.2
3215,7492,14,16.0
3215,ET_R,20,32.6
3215,GRIX,28,33.0
3215,HED_P,25,35.4
3215,PAGX,32,60.0
3215,PARX,38,55.4
3235,1130,20,33.8
3235,2530,9,12.6
3235,2530C,9,12.6
3235,3127,20,27.4
3235,3180,20,32.6
3235,4100,11,20.8
3235,4760,9,15.6
3235,4760C,9,15.6
3235,5180,18,30.2
3235,6125,9,14.8
3235,6480,19,36.6
3235,7300,13,20.4
3235,7485,18,35.2
3235,7498,17,31.6
3235,7500,17,32.6
3235,7506,18,38.6
3235,GRIX,26,40.8
3235,KEX,19,37.6
3235,KEXC,19,37.6
3245,1119,7,9.8
3245,1130,17,27.2
3245,1179,11,12.4
3245,1179C,12,14.0
3245,1410,8,9.8
3245,1760,18,28.2
3245,2350,11,13.2
3245,2350C,11,13.2
3245,2530,8,6.6
3245,2530C,8,6.6
3245,3180,16,29.6
3245,3640,14,19.2
3245,3680,15,27.2
3245,3680C,17,28.6
3245,4100,10,13.8
3245,4485,14,20.8
3245,4490,17,27.6
3245,4760,9,12.8
3245,4760C,9,12.8
3245,5125,7,7.4
3245,5175,4,4.0
3245,5180,15,26.2
3245,5767,8,10.4
3245,7485,19,29.4
3245,7630,3,4.0
3245,9620,15,18.8
3245,KEX,19,32.2
3245,KEXC,19,31.8
3640,1119,12,20.2
3640,1130,15,20.8
3640,1179,15,20.2
3640,1179C,15,19.0
3640,1410,12,14.2
3640,1760,6,2.8
3640,2350,20,24.8
3640,2350C,20,24.8
3640,2530,11,16.8
3640,2530C,11,16.8
3640,3127,5,4.2
3640,3127C,5,4.2
3640,3180,13,8.2
3640,3245,12,22.0
3640,3680,15,13.6
3640,3680C,15,13.6
3640,4100,6,9.4
3640,4485,20,34.4
3640,4490,10,11.4
3640,4760,11,10.0
3640,4760C,11,10.0
3640,5125,15,24.2
3640,5175,12,19.8
3640,5180,5,2.8
3640,5767,12,17.8
3640,6125,21,34.6
3640,7485,14,23.0
3640,7630,12,20.8
3640,8566,14,10.4
3640,8570,7,6.8
3640,9620,14,18.2
3640,BGM,7,6.8
3640,HED_P,5,4.2
3640,JBX,15,16.4
3640,KB_A,15,13.6
3640,KB_B,15,13.6
3640,KB_C,15,13.6
3640,KEX,14,10.4
3640,KEXC,14,10.4
3680,1119,19,30.2
3680,1130,23,35.6
3680,1179,18,24.2
3680,1179C,19,23.2
3680,1410,18,29.0
3680,1760,17,17.4
3680,2350,21,33.6
3680,2350C,20,32.8
3680,2530,17,26.2
3680,2530C,19,26.0
3680,3180,15,19.4
3680,3245,17,28.6
3680,3640,15,13.6
3680,3680C,0,0.0
3680,4100,18,26.8
3680,4485,24,37.8
3680,4490,14,19.8
3680,4760,16,16.2
3680,4760C,16,16.2
3680,4808,21,28.4
3680,5125,20,33.0
3680,5175,18,30.0
3680,5180,16,17.0
3680,5767,19,30.8
3680,7485,25,35.6
3680,7630,17,28.6
3680,8566,15,17.6
3680,8570,20,22.8
3680,9620,24,38.0
3680,BGM,20,22.8
3680,JBX,17,25.6
3680,KEX,19,19.0
3680,KEXC,17,19.0
3680,PARX,14,25.6
3680C,1119,19,30.2
3680C,1130,23,35.6
3680C,1179,18,24.2
3680C,1179C,19,23.2
3680C,1410,18,29.0
3680C,1760,17,17.4
3680C,2350,21,33.6
3680C,2350C,20,32.8
3680C,2530,17,26.2
3680C,2530C,17,26.2
3680C,3180,15,19.4
3680C,3245,17,28.6
3680C,3640,15,13.6
3680C,3680,0,0.0
3680C,4100,18,26.8
3680C,4485,22,37.8
3680C,4490,13,19.8
3680C,4760,16,16.2
3680C,4760C,16,16.2
3680C,4808,21,28.4
3680C,5125,20,33.0
3680C,5175,18,30.0
3680C,5180,16,17.0
3680C,5767,19,30.8
3680C,7485,25,35.6
3680C,7630,17,28.6
3680C,9620,24,38.0
3680C,BGM,20,22.8
3680C,KEX,15,17.6
3680C,KEXC,15,17.6
3860,13215,19,37.2
3860,13330,18,37.0
3860,13514,19,38.0
3860,14001,14,26.8
3860,14002,12,21.4
3860,14715,16,27.8
3860,14948,13,27.8
3860,17320,32,49.6
3860,18110,25,45.0
3860,18711,33,51.6
3860,19205,45,81.6
3860,19235,44,78.2
3860,3127,16,25.2
3860,3127C,16,25.2
3860,3180,12,21.6
3860,3215,22,39.2
3860,4457,5,3.0
3860,4485,32,63.4
3860,4490,15,26.2
3860,4510,20,30.6
3860,4760,20,40.0
3860,4945,15,25.4
3860,5147,17,29.6
3860,5180,19,26.4
3860,5421,22,51.2
3860,5865,33,69.6
3860,6125,40,70.6
3860,6225,19,32.2
3860,6480,14,23.2
3860,6650,17,32.8
3860,7300,22,28.2
3860,7488,14,27.4
3860,7492,20,31.0
3860,8566,15,22.8
3860,8570,29,40.8
3860,BGM,29,40.8
3860,GRIX,14,22.0
3860,HED_P,16,25.2
3860,KEX,15,22.8
3860,KEXC,15,22.8
3860,KRC_P,14,26.8
3860,MYT_P,24,48.0
3860,PAGX,20,36.0
3860,PARX,17,25.8
3940,5120,8,15.2
3940,KEX,20,29.2
3980,18112,15,23.0
3980,GRIX,17,17.8
4100,1119,9,12.0
4100,1130,10,14.4
4100,1140,9,11.8
4100,1179,12,17.8
4100,1179C,12,19.0
4100,1410,4,6.0
4100,1760,10,11.4
4100,2350,10,12.6
4100,2350C,10,13.2
4100,2530,8,8.6
4100,2530L,6,8.6
4100,3127,13,12.0
4100,3180,10,16.6
4100,3235,11,20.8
4100,3245,10,13.8
4100,3640,7,9.4
4100,3680,17,25.4
4100,3680C,18,26.8
4100,4485,17,26.2
4100,4490,10,14.6
4100,4760,5,5.4
4100,4760L,5,6.2
4100,4940,13,15.4
4100,5125,12,16.0
4100,5175,9,11.8
4100,5180,9,13.2
4100,5767,8,10.0
4100,7485,11,14.2
4100,7600,15,16.4
4100,7630,9,12.6
4100,8566,13,18.6
4100,8570,3,2.2
4100,9620,11,9.6
4100,HED_P,13,12.0
4100,JBX,11,11.8
4100,KEX,12,19.4
4100,KEXC,11,18.6
4290,1740,6,9.8
4290,1760,12,17.0
4290,2530,18,32.2
4290,4290C,1,0.4
4290,4760,17,32.0
4290,4808,18,29.2
4290,JBX,23,38.0
4290,KEX,8,11.2
4290,KEXC,9,11.2
4290,PARX,15,27.0
4290C,2530,18,32.2
4290C,4290,1,0.4
4290C,4808,18,29.2
4290C,KÖ_U,1,0.4
4290L,KÖ_A,0,0.058
4290L,KÖ_F,1,0.4
4290L,KÖ_U,1,0.4
4457,3860,5,3.0
4457,KEX,14,20.0
4457,KEXC,14,20.0
4485,1119,18,24.2
4485,1130,25,45.0
4485,1179,15,16.8
4485,1179C,16,16.8
4485,13215,29,57.0
4485,13514,30,64.8
4485,1410,16,23.0
4485,14715,43,87.2
4485,17320,46,100.0
4485,1760,26,31.6
4485,18110,29,53.6
4485,18711,33,57.6
4485,19205,21,29.6
4485,19235,15,24.0
4485,2350,20,27.8
4485,2350C,20,27.8
4485,2530,15,20.4
4485,2530C,15,20.4
4485,3127,25,31.0
4485,3127C,25,31.0
4485,3180,24,43.6
4485,3215,28,55.0
4485,3245,17,22.6
4485,3640,20,34.4
4485,3680,22,37.0
4485,3680C,22,37.8
4485,3860,32,63.4
4485,4100,18,27.6
4485,4490,25,40.8
4485,4510,16,26.4
4485,4760,15,22.4
4485,4760C,14,22.0
4485,4945,26,38.8
4485,5125,20,26.0
4485,5147,34,73.6
4485,5175,18,24.0
4485,5180,23,39.6
4485,5421,13,16.4
4485,5767,18,24.8
4485,5865,6,7.2
4485,6125,10,15.2
4485,6225,41,78.8
4485,6480,23,42.8
4485,7300,22,29.0
4485,7485,26,42.6
4485,7488,24,40.2
4485,7498,22,40.4
4485,7630,17,22.6
4485,8570,22,28.2
4485,9620,23,32.0
4485,BGM,22,28.2
4485,GRIX,32,49.2
4485,HED_P,25,31.0
4485,JBX,18,19.6
4485,KEX,28,45.6
4485,KEXC,25,45.6
4485,PARX,37,58.2
4490,1119,15,25.6
4490,1130,12,17.4
4490,1179,20,31.6
4490,1179C,20,31.6
4490,13215,15,30.0
4490,13514,15,28.2
4490,14001,28,45.0
4490,1410,12,19.8
4490,14715,32,50.2
4490,14948,30,47.6
4490,17320,32,66.2
4490,1760,10,10.4
4490,18711,22,42.6
4490,19205,33,60.4
4490,19235,28,53.4
4490,2350,17,26.2
4490,2350C,18,26.6
4490,2530,14,22.2
4490,2530C,14,22.2
4490,3180,6,4.0
4490,3215,16,31.4
4490,3245,17,27.4
4490,3640,10,11.4
4490,3680,13,19.6
4490,3680C,13,19.8
4490,3860,15,26.2
4490,4100,9,14.2
4490,4485,23,40.0
4490,4760,11,19.0
4490,4760C,12,19.0
4490,5125,18,29.8
4490,5147,24,42.6
4490,5175,15,25.4
4490,5180,8,8.4
4490,5767,15,23.6
4490,5865,24,40.6
4490,6125,23,46.0
4490,6225,26,45.4
4490,7485,13,17.8
4490,7630,15,26.2
4490,8566,8,5.6
4490,9620,18,23.8
4490,BUX,13,18.8
4490,GRIX,13,10.0
4490,JBX,17,25.0
4490,KEX,10,5.6
4490,KEXC,8,5.6
4490,PARX,19,26.2
4510,12110,12,17.6
4510,12114,13,13.0
4510,12115,13,13.0
4510,12232,11,9.4
4510,12423,17,17.4
4510,12542,18,20.0
4510,12610,15,31.6
4510,12636,19,33.2
4510,12666,22,39.8
4510,12711,20,41.8
4510,12736,26,45.8
4510,12880,28,60.4
4510,13215,16,24.6
4510,13514,17,32.2
4510,17320,35,67.6
4510,18110,28,27.2
4510,19205,28,46.6
4510,19235,22,39.8
4510,19240,18,35.8
4510,2530,12,5.4
4510,2530C,12,5.4
4510,3127,8,4.8
4510,3127C,8,4.8
4510,3215,19,37.8
4510,3860,20,30.6
4510,4485,16,26.4
4510,4760,4,7.2
4510,4760C,4,5.2
4510,4945,12,6.8
4510,5147,22,41.8
4510,5865,15,25.8
4510,6125,15,32.0
4510,6225,29,44.8
4510,7300,7,3.4
4510,GRIX,17,18.8
4510,GVX,10,8.6
4510,HEDL,8,4.8
4510,HED_P,8,4.8
4510,MÖLCL,12,17.6
4510,MÖLC_P,12,17.6
4510,PARX,19,26.6
4510,RÄX,18,32.6
4510,SAX,20,35.2
4524,13215,14,24.6
4524,18112,12,20.2
4524,3127,7,4.2
4524,HED_P,7,4.2
4524,PAGX,15,21.4
4524,PARX,14,20.6
4524,RÄX,13,23.2
4524,SAX,15,25.8
4527,12110,15,11.2
4527,KEX,21,21.6
4565,8566,25,48.0
4565,8570,19,25.0
4565,BGM,19,25.0
4565,KEX,25,48.0
4565,KEXC,25,48.0
4760,1119,10,17.2
4760,1130,11,19.0
4760,1179,12,18.4
4760,1179C,12,18.4
4760,12110,14,24.8
4760,12114,14,25.4
4760,12115,14,25.4
4760,12232,12,12.2
4760,12423,17,28.6
4760,12542,19,34.6
4760,12610,17,31.6
4760,12636,19,33.2
4760,12666,23,39.8
4760,12711,20,35.0
4760,12736,24,48.2
4760,12880,30,61.4
4760,13215,20,38.6
4760,13514,22,41.2
4760,14001,30,62.6
4760,1410,7,13.2
4760,14715,31,68.8
4760,14948,35,68.0
4760,1715,16,26.0
4760,17320,35,78.4
4760,1760,13,10.4
4760,18110,22,34.2
4760,18711,29,41.4
4760,19205,17,37.2
4760,19235,20,36.4
4760,2100,11,9.4
4760,2350,12,18.0
4760,2350C,13,18.6
4760,2530,8,11.2
4760,2530C,8,11.2
4760,2580,5,4.326
4760,2695,5,5.382
4760,3127,12,9.2
4760,3127C,12,9.2
4760,3180,15,20.6
4760,3215,21,32.0
4760,3235,9,15.6
4760,3245,9,12.8
4760,3640,11,10.0
4760,3680,16,16.2
4760,3680C,16,16.2
4760,3860,20,40.0
4760,4100,5,6.2
4760,4290,17,32.0
4760,4485,14,22.0
4760,4490,12,19.0
4760,4510,4,5.2
4760,4760C,1,0.2
4760,4760L,0,0.2
4760,5125,11,16.4
4760,5147,28,54.0
4760,5175,8,13.0
4760,5180,10,17.6
4760,5767,9,15.0
4760,5865,18,28.0
4760,6125,17,32.2
4760,6242,14,15.8
4760,7300,11,9.6
4760,7340,7,7.4
4760,7485,19,23.4
4760,7498,11,17.8
4760,7500,11,17.8
4760,7630,9,13.0
4760,8566,20,23.0
4760,8570,8,8.4
4760,9620,13,15.4
4760,BGM,8,8.4
4760,BUX,13,21.4
4760,GRIX,22,28.8
4760,GVX,13,19.4
4760,HEDL,12,9.2
4760,HED_P,12,9.2
4760,JBX,8,7.2
4760,KEX,20,23.0
4760,KEXC,20,23.0
4760,MGL,1,0.4
4760,MÖLCL,12,19.8
4760,MÖLC_P,12,19.8
4760,PARX,25,35.6
4760,RÄX,16,28.6
4760,SAX,18,31.2
4760C,1119,10,17.2
4760C,1130,11,19.0
4760C,1179,12,18.4
4760C,1179C,12,18.4
4760C,12110,14,24.8
4760C,12110C,14,24.8
4760C,12114,14,25.4
4760C,12115,14,25.4
4760C,12232,12,12.2
4760C,12423,17,28.6
4760C,12542,19,34.6
4760C,12610,17,31.6
4760C,12636,19,33.2
4760C,12636C,19,33.2
4760C,12666,23,39.8
4760C,12711,20,35.0
4760C,12736,24,48.2
4760C,12880,30,61.4
4760C,1410,7,13.2
4760C,1715,16,26.0
4760C,1760,13,10.4
4760C,18110,22,44.8
4760C,19205,17,37.2
4760C,2350,12,18.0
4760C,2350C,13,18.0
4760C,2530,8,11.2
4760C,2530C,8,11.2
4760C,2580,5,4.326
4760C,3127,12,9.2
4760C,3127C,12,9.2
4760C,3180,15,20.6
4760C,3235,9,15.6
4760C,3245,9,12.8
4760C,3640,11,10.0
4760C,3680,16,16.2
4760C,3680C,16,16.2
4760C,4485,14,22.0
4760C,4490,12,19.0
4760C,4510,4,5.2
4760C,4760,1,0.2
4760C,5125,11,16.4
4760C,5175,8,13.0
4760C,5180,10,17.6
4760C,5767,9,15.0
4760C,6125,17,32.2
4760C,7300,11,9.6
4760C,7485,19,23.4
4760C,7498,11,17.8
4760C,7630,9,13.0
4760C,9620,13,15.4
4760C,BGM,8,8.4
4760C,GRIX,21,28.8
4760C,GVX,13,19.4
4760C,HED_P,12,9.2
4760C,KEX,20,23.0
4760C,KEXC,20,23.0
4760C,MÖLC_P,14,19.8
4760C,RÄX,16,28.6
4760C,SAX,18,31.2
4760L,4100,5,6.2
4760L,4760,1,0.2
4760L,JBX,8,7.2
4808,2190,22,37.6
4808,2530,25,46.6
4808,3680,21,28.4
4808,3680C,21,28.4
4808,4290,18,29.2
4808,4290C,18,29.2
4808,4808C,0,0.0
4808,8566,21,31.0
4808,ETU,22,37.6
4808,JBX,28,48.0
4808,KEX,21,31.0
4808,KEXC,21,31.0
4808,PARX,7,7.8
4808C,2530,25,46.6
4808C,4808,0,0.0
4940,1760,5,2.0
4940,3180,3,4.2
4940,4100,13,15.4
4945,13215,13,20.8
4945,13514,19,26.8
4945,14001,33,44.8
4945,17320,34,65.4
4945,19205,27,56.6
4945,19235,30,55.8
4945,3127,5,2.6
4945,3127C,5,2.6
4945,3180,3,4.2
4945,3215,25,43.2
4945,3860,15,25.4
4945,4485,26,38.8
4945,4510,12,6.8
4945,5147,25,38.0
4945,5865,30,43.6
4945,6125,24,47.0
4945,6225,28,42.6
4945,6480,5,3.8
4945,7300,5,2.8
4945,7492,16,23.8
4945,8566,9,6.2
4945,8570,13,11.8
4945,ARX,18,23.8
4945,BGM,13,11.8
4945,GRIX,13,12.6
4945,HED_P,5,2.6
4945,KEX,9,6.2
4945,KEXC,9,6.2
4945,PARX,15,21.4
5120,3940,8,15.2
5120,KEX,12,14.0
5125,1119,8,9.4
5125,1130,18,29.0
5125,1179,13,15.8
5125,1179C,14,17.4
5125,1410,9,12.0
5125,1760,25,29.2
5125,2350,11,13.0
5125,2350C,11,13.0
5125,2530,10,9.2
5125,2530C,10,9.2
5125,3180,18,31.8
5125,3245,7,7.4
5125,3640,18,22.6
5125,3680,20,33.0
5125,3680C,20,33.0
5125,4100,11,16.4
5125,4485,18,24.2
5125,4490,19,29.8
5125,4760,11,16.4
5125,4760C,11,16.4
5125,5175,4,5.0
5125,5180,25,24.2
5125,5767,8,10.2
5125,7485,20,31.6
5125,7630,3,3.6
5125,8566,24,38.8
5125,8570,17,19.4
5125,9620,16,20.0
5125,BGM,17,19.4
5125,FTU,8,9.2
5125,JBX,10,9.8
5125,KEX,24,38.8
5125,KEXC,24,38.8
5147,13215,19,28.4
5147,13514,21,32.0
5147,14001,28,47.0
5147,14715,29,54.8
5147,14948,27,53.8
5147,17320,11,20.4
5147,18711,35,65.0
5147,19205,40,90.2
5147,19235,42,89.2
5147,3127,21,40.0
5147,3127C,21,40.0
5147,3180,26,41.6
5147,3215,34,67.6
5147,3860,17,29.6
5147,4485,34,73.6
5147,4490,24,42.6
5147,4510,22,41.8
5147,4760,28,54.0
5147,4945,25,38.0
5147,5180,25,40.0
5147,5421,30,60.0
5147,5865,32,73.2
5147,6125,40,79.6
5147,6225,4,3.0
5147,6480,21,35.2
5147,7300,25,42.2
5147,7488,30,57.0
5147,7498,32,56.8
5147,GRIX,30,49.2
5147,HED_P,21,40.0
5147,PARX,14,23.4
5175,1119,4,5.2
5175,1130,15,24.8
5175,1179,11,12.6
5175,1179C,12,15.4
5175,1410,6,7.6
5175,1760,17,26.0
5175,2350,7,8.6
5175,2350C,8,8.6
5175,2530,6,6.2
5175,2530C,6,6.2
5175,3180,16,27.4
5175,3245,4,4.0
5175,3640,12,19.8
5175,3680,15,29.0
5175,3680C,18,30.0
5175,4100,8,12.2
5175,4485,17,22.6
5175,4490,15,25.6
5175,4760,8,13.0
5175,4760C,8,13.0
5175,5125,4,5.0
5175,5180,14,24.2
5175,5767,4,5.8
5175,7485,17,27.2
5175,7630,1,1.7
5175,8566,18,30.0
5175,8570,10,14.0
5175,9620,13,15.8
5175,BGM,10,14.0
5175,FTU,6,6.2
5175,HEDU,18,22.8
5175,JBX,9,6.4
5175,KEX,18,30.0
5175,KEXC,18,30.0
5180,1119,20,19.2
5180,1130,17,23.4
5180,1179,19,22.2
5180,1179C,19,22.2
5180,13215,11,19.6
5180,13330,22,31.0
5180,13514,24,32.0
5180,14001,26,47.0
5180,1410,14,17.8
5180,14715,29,52.8
5180,14948,23,47.2
5180,17320,34,68.0
5180,1760,3,2.0
5180,18110,27,0.0
5180,19205,33,56.8
5180,19235,30,50.4
5180,2350,20,21.2
5180,2350C,20,21.2
5180,2530,12,20.6
5180,2530C,12,20.6
5180,3127,10,3.8
5180,3127C,10,3.8
5180,3180,6,4.0
5180,3215,22,35.4
5180,3235,18,30.2
5180,3245,17,24.4
5180,3640,7,4.4
5180,3680,16,17.0
5180,3680C,16,17.0
5180,3860,18,26.4
5180,4100,9,11.8
5180,4485,23,36.8
5180,4490,13,16.4
5180,4760,11,16.8
5180,4760C,10,17.6
5180,5125,25,24.2
5180,5147,25,40.0
5180,5175,14,22.4
5180,5767,14,20.6
5180,5865,21,36.4
5180,6125,22,46.8
5180,6225,28,45.2
5180,7485,18,25.4
5180,7488,15,24.0
5180,7630,20,20.6
5180,8566,12,7.6
5180,8570,12,7.4
5180,9620,16,22.8
5180,BGM,12,7.4
5180,GRIX,13,14.0
5180,HED_P,10,3.8
5180,KEX,12,7.6
5180,KEXC,12,7.6
5180,MYT_P,27,34.0
5180,PAGX,17,20.8
5180,PARX,15,21.8
5421,13215,22,42.0
5421,13514,25,47.6
5421,17320,30,84.0
5421,19205,13,30.8
5421,19235,15,30.0
5421,3215,19,41.4
5421,3860,22,51.2
5421,4485,13,16.4
5421,5147,30,60.0
5421,5865,10,16.0
5421,6125,12,22.6
5421,6225,34,62.8
5421,8566,16,30.8
5421,8570,10,14.8
5421,BGM,10,14.8
5421,GRIX,24,34.6
5421,KEX,16,30.8
5421,KEXC,16,30.8
5421,PARX,26,43.2
5460,7470,8,6.6
5460,7880,8,8.6
5460,PAGX,12,17.6
5630,JBX,16,15.2
5710,BGM,4,3.0
5710,KEX,15,19.6
5710,KEXC,15,19.6
5767,1119,1,0.6
5767,1130,15,22.8
5767,1179,12,16.8
5767,1179C,13,16.2
5767,1410,3,3.6
5767,1760,15,24.0
5767,2350,3,3.2
5767,2350C,3,3.2
5767,2530,7,5.8
5767,2530C,7,5.8
5767,3180,15,25.4
5767,3245,9,10.6
5767,3640,12,17.8
5767,3680,19,30.8
5767,3680C,19,30.8
5767,4100,7,10.0
5767,4485,18,25.2
5767,4490,15,23.6
5767,4760,9,14.6
5767,4760C,9,15.0
5767,5125,8,10.2
5767,5175,4,5.8
5767,5180,13,22.0
5767,7485,15,25.2
5767,7630,5,6.8
5767,9620,10,10.0
5767,KEX,19,28.2
5767,KEXC,18,28.0
5865,1130,23,40.2
5865,13215,31,67.8
5865,13514,34,66.6
5865,14715,38,86.8
5865,17320,38,98.6
5865,18711,32,63.8
5865,19205,20,25.2
5865,19235,14,23.6
5865,3127,24,30.8
5865,3127C,24,30.8
5865,3180,25,47.4
5865,3215,26,54.6
5865,3860,33,69.6
5865,4485,6,7.2
5865,4490,24,40.6
5865,4510,15,25.8
5865,4760,18,28.0
5865,4945,30,43.6
5865,5147,32,73.2
5865,5180,21,36.4
5865,5421,10,16.0
5865,6125,6,6.8
5865,6225,37,75.8
5865,6480,23,42.6
5865,7300,24,29.6
5865,7488,27,45.8
5865,7492,23,41.4
5865,7498,21,40.0
5865,8566,26,45.4
5865,8570,23,31.0
5865,BGM,23,31.0
5865,GRIX,31,49.0
5865,HED_P,24,30.8
5865,KEX,26,45.4
5865,KEXC,26,45.4
5865,PAGX,33,64.0
5865,PARX,36,58.0
6125,1130,24,45.4
6125,12110,19,35.8
6125,12114,19,36.4
6125,12115,19,36.4
6125,12232,20,34.8
6125,12423,22,39.8
6125,12542,25,44.2
6125,12610,18,26.0
6125,12636,20,28.4
6125,12666,20,31.8
6125,12711,11,17.8
6125,12736,14,21.6
6125,12880,22,40.6
6125,13215,28,69.6
6125,13514,30,69.0
6125,14001,38,91.0
6125,17320,52,105.4
6125,18110,30,50.2
6125,18711,33,45.8
6125,19205,8,11.6
6125,19235,7,8.4
6125,2530,15,27.0
6125,2530C,14,25.6
6125,3127,24,37.6
6125,3127C,25,38.0
6125,3180,27,49.6
6125,3215,30,61.0
6125,3235,9,14.8
6125,3640,21,34.6
6125,3860,40,70.6
6125,4485,10,15.2
6125,4490,23,46.0
6125,4510,17,33.0
6125,4760,14,29.0
6125,4760C,17,32.2
6125,4945,24,47.0
6125,5147,40,79.6
6125,5180,22,46.8
6125,5421,12,22.6
6125,5865,6,6.8
6125,6225,35,82.4
6125,6480,23,49.2
6125,7300,24,35.2
6125,7488,24,46.2
6125,7492,25,48.0
6125,7498,22,46.2
6125,8566,26,52.2
6125,8570,25,34.2
6125,BGM,25,34.2
6125,GRIX,33,55.4
6125,GVX,25,50.6
6125,HEDL,25,38.0
6125,HED_P,25,38.0
6125,KEX,26,52.2
6125,KEXC,26,52.2
6125,MÖLCL,20,35.2
6125,MÖLC_P,20,35.2
6125,PARX,36,64.8
6145,KEX,10,9.0
6225,13215,18,37.4
6225,13514,23,41.0
6225,14948,32,58.0
6225,17320,11,21.4
6225,19205,40,93.0
6225,19235,42,89.8
6225,3127,25,45.0
6225,3127C,25,45.0
6225,3180,27,57.2
6225,3215,39,68.8
6225,3860,19,32.2
6225,4485,41,78.8
6225,4490,26,45.4
6225,4510,29,44.8
6225,4945,28,42.6
6225,5147,4,3.0
6225,5180,28,45.2
6225,5421,34,62.8
6225,5865,37,75.8
6225,6125,35,82.4
6225,6480,23,38.0
6225,7300,26,44.8
6225,7488,32,63.2
6225,7498,34,64.4
6225,GRIX,32,52.0
6225,HED_P,25,45.0
6225,KRC_P,27,50.0
6225,PAGX,17,27.0
6225,PARX,17,27.0
6242,1760,6,2.4
6242,2530,15,18.6
6242,3180,10,6.2
6242,4760,14,15.8
6242,HPU,10,6.2
6242,KEX,10,7.8
6260,BGM,6,4.4
6260,KEX,10,15.8
6260,KEXC,10,15.8
6480,13215,10,16.2
6480,13311,11,18.6
6480,13329,16,23.2
6480,13330,11,21.8
6480,13410,15,24.8
6480,13421,12,23.4
6480,13514,11,21.8
6480,14001,20,44.2
6480,14715,25,46.4
6480,14948,24,49.4
6480,17320,27,58.2
6480,18711,19,31.4
6480,19205,23,57.0
6480,19235,25,47.6
6480,3127,8,3.8
6480,3127C,7,3.8
6480,3215,28,40.8
6480,3235,19,36.6
6480,3860,14,23.2
6480,4485,23,42.8
6480,4945,5,3.8
6480,5147,21,35.2
6480,5865,23,42.6
6480,6125,23,49.2
6480,6225,23,38.0
6480,7300,8,5.6
6480,7488,15,25.8
6480,7492,16,27.6
6480,7581,9,7.0
6480,7880,8,9.6
6480,GRIX,18,14.4
6480,HED_P,7,3.8
6480,JON_P,15,24.8
6480,PAGX,18,17.8
6480,PARX,11,17.6
6650,13215,17,37.2
6650,3215,14,17.2
6650,3860,17,32.8
6650,GRIX,19,20.8
6650,PAGX,20,40.0
6650,PARX,26,38.8
7200,BGM,1,0.0
7300,13215,14,21.0
7300,13330,19,25.2
7300,13514,19,26.2
7300,14001,27,48.8
7300,14715,29,51.8
7300,14948,27,50.0
7300,17320,29,63.0
7300,18711,21,32.6
7300,19205,30,49.6
7300,19235,27,42.6
7300,2350,20,23.2
7300,2350C,20,23.2
7300,3127,3,2.2
7300,3127C,3,2.2
7300,3215,22,38.2
7300,3235,13,20.4
7300,3860,21,28.2
7300,4485,22,29.0
7300,4510,7,3.4
7300,4760,11,9.6
7300,4760C,11,9.6
7300,4945,5,2.8
7300,5147,25,42.2
7300,5865,24,29.6
7300,6125,24,35.2
7300,6225,26,44.8
7300,6480,8,5.6
7300,7488,16,23.6
7300,8570,11,9.0
7300,BGM,11,9.0
7300,GRIX,19,15.2
7300,HED_P,3,2.2
7300,HEDU,3,2.2
7300,KEX,14,13.4
7300,KEXC,14,13.4
7300,PARX,16,22.6
7340,2100,4,2.2
7340,4760,7,7.4
7340,KEX,16,12.4
7340,RÄX,18,16.6
7340,SAX,20,19.2
7470,5460,8,6.6
7470,7880,9,7.2
7470,PAGX,14,17.6
7485,1119,18,27.2
7485,1130,9,12.6
7485,1179,17,33.0
7485,1179C,17,33.0
7485,1410,13,21.6
7485,1760,17,25.8
7485,2190,13,13.2
7485,2350,20,27.8
7485,2350C,19,28.4
7485,2530,15,21.8
7485,2530C,15,21.8
7485,3180,13,19.6
7485,3235,18,35.2
7485,3245,19,29.0
7485,3640,15,22.4
7485,3680,24,35.2
7485,3680C,25,35.6
7485,4100,11,14.2
7485,4485,25,41.4
7485,4490,14,17.6
7485,4760,19,23.4
7485,4760C,19,23.4
7485,5125,21,31.2
7485,5175,18,26.8
7485,5180,18,24.0
7485,5767,17,25.0
7485,7630,15,27.8
7485,8566,18,17.8
7485,9620,19,25.8
7485,BGM,17,17.6
7485,FTU,17,21.8
7485,JBX,20,28.0
7485,KEX,18,17.8
7485,KEXC,18,17.8
7488,13215,25,44.0
7488,13514,24,48.6
7488,14001,24,52.0
7488,14002,24,46.6
7488,14715,31,54.0
7488,14948,29,54.0
7488,17320,38,82.6
7488,18110,25,49.2
7488,18162,30,67.4
7488,18711,34,70.0
7488,19205,33,60.6
7488,19235,28,53.6
7488,3127,17,24.2
7488,3215,17,22.2
7488,3860,14,27.4
7488,4485,24,40.2
7488,5147,30,57.0
7488,5180,15,24.0
7488,5865,27,45.8
7488,6125,24,46.2
7488,6225,32,63.2
7488,6480,15,25.8
7488,7300,16,23.6
7488,7492,5,4.8
7488,GRIX,17,19.0
7488,KRC_P,29,52.0
7492,1004,7,11.8
7492,13215,25,47.6
7492,13514,27,49.2
7492,14001,29,54.4
7492,14002,29,54.4
7492,14715,33,64.0
7492,14948,30,57.0
7492,3127,20,31.6
7492,3180,13,20.0
7492,3215,14,16.0
7492,3860,20,31.0
7492,4945,16,23.8
7492,5865,23,41.4
7492,6125,25,48.0
7492,6480,16,27.6
7492,7488,5,4.8
7492,GRIX,17,26.0
7492,HED_P,20,31.6
7492,KRC_P,29,54.4
7498,13514,24,47.8
7498,14001,29,58.6
7498,14715,31,60.6
7498,14948,29,62.2
7498,17320,38,79.4
7498,19205,30,58.0
7498,19235,30,54.4
7498,2530,12,20.8
7498,2530C,12,20.8
7498,3235,17,31.6
7498,4485,22,40.4
7498,4760,11,17.8
7498,4760C,11,17.8
7498,5147,32,56.8
7498,5865,21,40.0
7498,6125,22,46.2
7498,6225,34,64.4
7498,7506,5,9.2
7498,8566,16,19.6
7498,8570,27,16.6
7498,BGM,27,16.6
7498,GRIX,18,20.8
7498,KEX,16,19.6
7498,KEXC,16,19.6
7498,KRC_P,29,58.6
7498,MGU,12,16.8
7500,2530,12,20.8
7500,3235,17,32.6
7500,4760,11,17.8
7500,GRIX,18,20.8
7506,3235,18,38.6
7506,7498,5,9.2
7506,KEX,13,14600.0
7581,13410,12,23.0
7581,3127,13,11.8
7581,3127C,13,9.2
7581,6480,9,7.0
7581,7880,8,7.524
7581,GMV_P,1,0.4
7581,HED_P,9,9.2
7581,JON_P,12,23.0
7581,PARX,13,15.4
7600,1760,3,1.4
7600,3180,6,4.2
7600,4100,15,16.4
7630,1119,4,6.0
7630,1130,15,25.6
7630,1179,10,12.4
7630,1179C,12,14.0
7630,1410,7,8.6
7630,1760,22,25.8
7630,2350,8,9.4
7630,2350C,8,9.4
7630,2530,5,5.8
7630,2530C,5,5.8
7630,3180,17,28.4
7630,3245,3,4.0
7630,3640,15,19.2
7630,3680,15,27.2
7630,3680C,17,28.6
7630,4100,8,13.2
7630,4485,15,20.8
7630,4490,16,26.4
7630,4760,9,13.0
7630,4760C,9,13.0
7630,5125,3,3.6
7630,5175,1,1.7
7630,5180,20,20.6
7630,5767,5,6.8
7630,7485,15,27.8
7630,8570,10,18.6
7630,9620,14,16.6
7630,BGM,10,18.6
7630,JBX,8,6.4
7630,KEX,19,31.2
7630,KEXC,19,30.8
7880,13215,8,10.8
7880,13311,7,13.4
7880,13329,10,15.8
7880,13410,12,18.8
7880,13421,9,17.0
7880,13514,12,16.8
7880,1950,11,13.0
7880,3127,11,13.0
7880,3127C,11,13.0
7880,5460,8,8.6
7880,6480,8,9.6
7880,7470,9,7.2
7880,7581,8,7.524
7880,HED_P,11,13.0
7880,JON_P,12,18.8
7880,PAGX,10,12.4
7880,PARX,8,11.6
7880C,13329,10,15.8
7880C,13421,9,17.0
7880C,ÖS_H,0,0.04
7880C,ÖS_J,0,0.0
8566,1140,15,17.0
8566,1179,24,36.2
8566,1410,14,27.2
8566,1595,12,11.8
8566,1715,25,48.4
8566,1760,10,9.0
8566,2190,8,6.6
8566,2350,22,37.0
8566,2530,18,34.2
8566,2580,16,25.8
8566,3180,4,5.6
8566,3640,14,10.4
8566,3680,15,17.6
8566,3860,15,22.8
8566,4100,13,18.6
8566,4490,8,5.6
8566,4565,25,48.0
8566,4760,20,23.0
8566,4808,21,31.0
8566,4945,9,6.2
8566,5125,24,38.8
8566,5175,18,30.0
8566,5180,12,7.6
8566,5421,16,30.8
8566,5865,26,45.4
8566,6125,26,52.2
8566,7485,18,17.8
8566,7498,16,19.6
8566,ARX,15,22.6
8570,1119,11,14.2
8570,1140,10,13.0
8570,1179,17,23.0
8570,1410,8,8.0
8570,1760,10,8.8
8570,2190,10,11.4
8570,2350,17,13.4
8570,2530,11,11.0
8570,2580,6,9.0
8570,3180,14,14.4
8570,3640,7,6.8
8570,3680,20,22.8
8570,3860,29,40.8
8570,4100,3,2.2
8570,4485,22,28.2
8570,4565,19,25.0
8570,4760,8,8.4
8570,4945,13,11.8
8570,5125,17,19.4
8570,5175,10,14.0
8570,5180,12,7.4
8570,5421,10,14.8
8570,5865,23,31.0
8570,6125,25,34.2
8570,7300,11,9.0
8570,7498,27,16.6
8570,7630,10,18.6
9620,1119,11,10.6
9620,1130,18,23.0
9620,1179,18,22.4
9620,1179C,18,22.4
9620,1410,9,8.8
9620,1760,20,21.8
9620,2350,13,13.2
9620,2350C,13,13.2
9620,2530,11,13.2
9620,2530C,11,13.2
9620,3180,19,26.0
9620,3245,17,18.4
9620,3640,15,18.6
9620,3680,23,37.2
9620,3680C,24,38.0
9620,4100,11,9.8
9620,4485,23,30.8
9620,4490,20,24.2
9620,4760,13,15.4
9620,4760C,13,15.4
9620,5125,16,20.0
9620,5175,13,15.8
9620,5180,16,22.8
9620,5767,10,10.4
9620,7485,19,25.8
9620,7630,14,16.6
9620,KEX,22,28.8
9620,KEXC,21,28.2
ARX,2240,15,13.0
ARX,4945,18,23.8
ARX,8566,15,22.6
ARX,KEX,15,22.6
BGM,1119,11,14.2
BGM,1130,13,15.6
BGM,1140,10,13.0
BGM,1179,17,23.0
BGM,1179C,17,23.0
BGM,1410,8,8.0
BGM,2190,10,11.4
BGM,2350,17,13.4
BGM,2350C,17,13.4
BGM,2530,11,22.0
BGM,2530C,11,11.0
BGM,2580,6,9.0
BGM,3180,14,14.4
BGM,3640,7,6.8
BGM,3680,20,22.8
BGM,3680C,20,22.8
BGM,3860,29,40.8
BGM,4485,22,28.2
BGM,4565,19,25.0
BGM,4760,8,8.4
BGM,4760C,8,8.4
BGM,4945,13,11.8
BGM,5125,17,19.4
BGM,5175,10,14.0
BGM,5180,12,7.4
BGM,5421,10,14.8
BGM,5710,4,3.0
BGM,5865,23,31.0
BGM,6125,25,34.2
BGM,6260,6,4.4
BGM,7200,1,0.0
BGM,7300,11,9.0
BGM,7485,17,17.6
BGM,7498,27,16.6
BGM,7630,10,18.6
BUX,1595,13,15.4
BUX,2240,12,14.4
BUX,2580,12,19.6
BUX,4490,13,18.8
BUX,4760,13,21.4
C_J,C_K,3,1.0
C_K,C_J,3,1.0
cMYT,18110,1,0.0
ET_H,ET_P,0,0.0
ET_K,ET_P,1,0.1
ETL,2190,1,0.4
ET_P,2190,0,0.0
ET_P,ET_H,0,0.0
ET_P,ET_K,0,0.0
ET_R,2190,1,0.2
ET_R,2190L,1,0.2
ET_R,3215,20,32.6
ETU,2190,1,0.2
ETU,2190L,1,0.2
ETU,4808,22,37.6
F_G,FTU,1,0.4
F_K,FTU,1,0.4
F_L,SAX,13,23.8
FTLL,2530,1,0.2
FTU,2350,10,9.6
FTU,2350C,10,9.6
FTU,2530,0,0.4
FTU,2530L,2,0.4
FTU,5125,8,9.2
FTU,5175,6,6.2
FTU,7485,17,21.8
FTU,F_G,1,0.4
FTU,F_K,1,0.4
FTU,JBX,6,3.4
FTXL,2530,2,1.2
GMV_G,GMV_H,2,0.5
GMV_P,7581,1,0.4
GRIX,1004,24,27.6
GRIX,1130,20,22.2
GRIX,13215,19,27.2
GRIX,13330,21,31.0
GRIX,13514,22,32.2
GRIX,14001,27,40.0
GRIX,14002,28,44.0
GRIX,14150,24,40.8
GRIX,14152,24,40.8
GRIX,14715,27,46.0
GRIX,14948,25,44.0
GRIX,17320,38,69.2
GRIX,18110,27,39.8
GRIX,18112,28,38.4
GRIX,18162,30,43.8
GRIX,18711,31,40.6
GRIX,19205,36,63.0
GRIX,19235,38,62.6
GRIX,2530,20,40.0
GRIX,3127,22,22.0
GRIX,3180,10,8.2
GRIX,3215,28,33.0
GRIX,3235,26,40.8
GRIX,3860,14,22.0
GRIX,3980,17,17.8
GRIX,4485,32,49.2
GRIX,4490,13,10.0
GRIX,4510,17,18.8
GRIX,4760,22,28.8
GRIX,4760C,21,28.8
GRIX,4945,13,12.6
GRIX,5147,30,49.2
GRIX,5180,14,14.0
GRIX,5421,24,34.6
GRIX,5865,31,49.0
GRIX,6125,33,55.4
GRIX,6225,32,52.0
GRIX,6480,18,16.0
GRIX,6650,19,20.8
GRIX,7300,20,15.2
GRIX,7488,20,19.0
GRIX,7492,17,26.0
GRIX,7498,18,20.8
GRIX,7500,18,20.8
GRIX,HED_P,23,22.0
GRIX,PAGX,20,27.6
GVX,12110,13,17.4
GVX,12114,13,17.2
GVX,12115,13,17.2
GVX,12232,11,16.6
GVX,12423,14,21.6
GVX,12542,11,16.6
GVX,12610,17,28.0
GVX,12636,20,30.4
GVX,12711,23,40.8
GVX,12736,26,43.6
GVX,12880,28,57.2
GVX,18110,17,26.4
GVX,2530,14,22.0
GVX,2530C,14,22.0
GVX,3127,11,8.0
GVX,4510,10,8.6
GVX,4760,13,19.4
GVX,4760C,13,19.4
GVX,6125,25,50.6
GVX,HED_P,11,8.0
GVX,MÖLC_P,14,17.2
GÅO_P,17320,2,2.0
HED_D,3127L,1,0.05
HED_D,HED_E,2,0.1
HED_E,3127L,1,0.062
HED_E,HED_C,2,0.108
HED_E,HED_D,2,0.1
HEDL,12110,14,15.0
HEDL,12114,14,15.2
HEDL,12115,14,14.8
HEDL,12232,13,16.4
HEDL,12423,14,20.6
HEDL,12542,11,16.0
HEDL,12610,18,25.6
HEDL,12636,21,28.0
HEDL,12666,23,34.8
HEDL,12711,24,37.6
HEDL,12736,28,41.6
HEDL,12880,35,56.6
HEDL,18110,18,27.4
HEDL,18116,18,24.0
HEDL,2530,20,20.4
HEDL,3127,1,0.5
HEDL,4510,8,4.8
HEDL,4760,12,9.2
HEDL,6125,25,38.0
HEDL,HED_P,0,0.0
HEDL,MÖLC_P,14,15.0
HEDL,RÄX,18,19.6
HEDL,SAX,20,22.2
HED_P,12110,14,15.0
HED_P,12114,14,15.2
HED_P,12115,14,14.8
HED_P,12232,13,16.4
HED_P,12423,14,20.6
HED_P,12542,11,16.0
HED_P,12610,18,25.6
HED_P,12636,21,28.0
HED_P,12666,23,34.8
HED_P,12711,24,37.6
HED_P,12736,28,41.6
HED_P,12880,35,56.6
HED_P,13215,14,20.6
HED_P,13329,15,27.4
HED_P,13330,15,25.8
HED_P,13410,17,28.8
HED_P,13421,17,27.0
HED_P,13514,17,26.8
HED_P,14715,31,50.2
HED_P,14948,28,49.2
HED_P,1760,5,1.7
HED_P,18110,18,27.4
HED_P,18116,18,24.0
HED_P,18711,23,32.4
HED_P,19205,23,44.6
HED_P,19235,25,44.2
HED_P,2530,20,20.4
HED_P,2530C,20,20.4
HED_P,3127,1,0.4
HED_P,3127C,0,0.0
HED_P,3127L,0,0.0
HED_P,3180,8,6.4
HED_P,3215,25,35.4
HED_P,3640,5,4.2
HED_P,3860,16,25.2
HED_P,4100,13,12.0
HED_P,4485,25,31.0
HED_P,4510,8,4.8
HED_P,4524,7,4.2
HED_P,4760,12,9.2
HED_P,4760C,12,9.2
HED_P,4945,5,2.6
HED_P,5147,21,40.0
HED_P,5180,10,3.8
HED_P,5865,24,30.8
HED_P,6125,25,38.0
HED_P,6225,25,45.0
HED_P,6480,7,3.8
HED_P,7300,3,2.2
HED_P,7492,20,31.6
HED_P,7581,9,9.2
HED_P,7880,11,13.0
HED_P,GRIX,21,19.2
HED_P,GVX,11,8.0
HED_P,HEDL,0,0.0
HED_P,KEX,15,13.2
HED_P,KEXC,15,13.2
HED_P,MÖLCL,15,14.8
HED_P,PAGX,17,21.6
HED_P,PARX,16,20.8
HED_P,RÄX,18,19.6
HED_P,SAX,20,22.2
HEDU,5175,18,22.8
HEDU,7300,3,2.2
HEDU,JBX,18,16.2
HPU,3180,1,0.2
HPU,6242,10,6.2
HPU,JBX,18,27.0
JBX,1119,10,9.0
JBX,1179,10,8.4
JBX,1595,16,20.0
JBX,1760,22,24.0
JBX,2190,14,20.8
JBX,2240,15,19.2
JBX,2350,14,11.6
JBX,2530,6,3.4
JBX,2530L,6,3.4
JBX,2580,10,11.6
JBX,2695,11,12.2
JBX,3180,18,27.0
JBX,3640,15,16.4
JBX,3680,17,25.6
JBX,4100,11,11.8
JBX,4290,23,38.0
JBX,4485,18,19.6
JBX,4490,17,25.0
JBX,4760,8,7.2
JBX,4760L,8,7.2
JBX,4808,28,48.0
JBX,5125,10,9.8
JBX,5175,9,6.4
JBX,5630,16,15.2
JBX,7485,20,28.0
JBX,7630,8,6.4
JBX,FTU,6,3.4
JBX,HEDU,18,16.2
JBX,HPU,18,27.0
JBX,KÖ_A,23,38.0
JBX,KÖ_F,23,38.0
JBX,KÖ_U,23,38.0
JBX,MGU,8,7.2
JON_A,JON_B,1,0.2
JON_B,JON_A,1,0.2
JON_P,13215,9,11.6
JON_P,13329,10,10.0
JON_P,13410,0,0.0
JON_P,13410C,0,0.0
JON_P,13421,6,3.8
JON_P,13514,7,10.2
JON_P,17320,17,38.4
JON_P,3127,17,28.8
JON_P,3127C,17,28.8
JON_P,6480,15,24.8
JON_P,7581,12,23.0
JON_P,7880,12,18.8
JON_P,PARX,8,12.8
KB_A,2530,19,26.0
KB_A,3180,15,19.4
KB_A,3640,15,13.6
KB_A,KEX,17,19.0
KB_B,1760,15,16.4
KB_B,2530,19,26.0
KB_B,3180,15,19.4
KB_B,3640,15,13.6
KB_B,KEX,17,19.0
KB_B,MG_C,16,16.2
KB_C,2530,19,26.0
KB_C,3180,15,19.4
KB_C,3640,15,13.6
KB_C,KEX,17,19.0
KEX,1119,20,28.4
KEX,1130,18,17.6
KEX,1140,15,17.0
KEX,1179,24,36.2
KEX,1179C,24,36.2
KEX,12145,18,17.0
KEX,1410,14,27.2
KEX,1595,15,13.6
KEX,1715,22,40.4
KEX,1740,5,3.0
KEX,1760,10,9.0
KEX,1815,12,15.2
KEX,1950,9,6.8
KEX,2100,19,16.4
KEX,2190,8,6.6
KEX,2240,15,11.8
KEX,2350,22,37.0
KEX,2350C,22,37.0
KEX,2350L,22,37.0
KEX,2530,18,34.2
KEX,2530C,18,34.2
KEX,2580,16,25.8
KEX,2695,17,28.8
KEX,3127,15,13.2
KEX,3127C,15,13.2
KEX,3170,19,25.2
KEX,3180,5,5.6
KEX,3235,19,37.6
KEX,3245,19,31.8
KEX,3640,15,10.4
KEX,3680,19,20.0
KEX,3680C,17,17.6
KEX,3860,15,22.8
KEX,3940,21,23.8
KEX,4100,11,18.6
KEX,4290,9,12.4
KEX,4457,14,20.0
KEX,4485,28,45.6
KEX,4490,10,5.6
KEX,4527,21,21.6
KEX,4565,25,48.0
KEX,4760,20,23.0
KEX,4760C,20,23.0
KEX,4808,21,31.0
KEX,4945,9,6.2
KEX,5120,13,15.2
KEX,5125,24,38.8
KEX,5175,18,30.0
KEX,5180,12,7.6
KEX,5421,16,30.8
KEX,5710,15,19.6
KEX,5767,18,28.0
KEX,5865,26,45.4
KEX,6125,26,52.2
KEX,6145,10,9.0
KEX,6242,10,8.4
KEX,6260,10,15.8
KEX,7300,14,13.4
KEX,7340,16,12.4
KEX,7485,18,17.8
KEX,7498,16,19.6
KEX,7506,13,14600.0
KEX,7630,19,30.8
KEX,9620,21,28.2
KEX,ARX,15,22.6
KEX,HED_P,15,13.2
KEX,KB_A,17,20.0
KEX,KB_B,17,20.0
KEX,KB_C,17,20.0
KEXC,1119,20,28.4
KEXC,1140,15,17.0
KEXC,1179,24,36.2
KEXC,1179C,24,36.2
KEXC,12145,18,17.0
KEXC,1410,14,27.2
KEXC,1595,12,11.8
KEXC,1715,22,40.4
KEXC,1760,10,9.0
KEXC,2190,8,6.6
KEXC,2240,10,9.8
KEXC,2350,22,37.0
KEXC,2350C,22,37.0
KEXC,2530,18,34.2
KEXC,2530C,18,34.2
KEXC,2580,16,25.8
KEXC,3127,15,13.2
KEXC,3180,5,5.6
KEXC,3235,19,37.6
KEXC,3245,19,31.8
KEXC,3640,15,10.4
KEXC,3680,18,20.0
KEXC,3680C,15,17.6
KEXC,3860,15,22.8
KEXC,4100,11,18.6
KEXC,4290,10,12.4
KEXC,4457,14,20.0
KEXC,4485,25,45.6
KEXC,4490,8,5.6
KEXC,4565,25,48.0
KEXC,4760,20,23.0
KEXC,4760C,20,23.0
KEXC,4808,21,31.0
KEXC,4945,9,6.2
KEXC,5125,24,38.8
KEXC,5175,18,30.0
KEXC,5180,12,7.6
KEXC,5421,16,30.8
KEXC,5710,15,19.6
KEXC,5767,18,28.0
KEXC,5865,26,45.4
KEXC,6125,26,52.2
KEXC,6260,10,15.8
KEXC,7300,14,13.4
KEXC,7485,18,17.8
KEXC,7498,16,19.6
KEXC,7630,19,30.8
KEXC,9620,21,28.2
KEXC,HED_P,15,13.2
KRC_P,14001,1,0.2
KRC_P,14002,5,5.6
KRC_P,14715,9,8.0
KRC_P,14948,8,7.6
KRC_P,18110,33,67.6
KRC_P,18711,33,67.6
KRC_P,3180,22,42.6
KRC_P,3860,14,26.8
KRC_P,6225,27,50.0
KRC_P,7488,29,52.0
KRC_P,7492,29,54.4
KRC_P,7498,29,58.6
KRC_U,14001,1,0.2
KRGL,12636,1,0.2
KRG_P,12636,0,0.0
KRG_P,KS_E,8,8.6
KS_E,KRG_P,8,8.6
KS_E,RÄV,7,7.6
KS_E,RÄX,7,7.6
KS_E,SAX,5,5.0
KS_G,12636,6,6.8
KS_P,12610,90,0.0
KÖ_A,JBX,23,38.0
KÖ_F,1815,5,5.0
KÖ_F,4290L,1,0.4
KÖ_F,JBX,23,38.0
KÖ_F,KÖ_A,1,0.492
KÖ_F,KÖ_U,1,0.434
KÖ_U,1760,12,17.0
KÖ_U,1815,5,5.0
KÖ_U,4290C,1,0.4
KÖ_U,4290L,1,0.4
KÖ_U,JBX,23,38.0
KÖ_U,KÖ_A,0,0.048
LA_C,LA_E,14,10.772
LA_E,LA_C,14,10.772
LIS_A,LIS_B,13,10.4
LIS_B,LIS_A,13,10.4
LISEA1,LISEC1,2,0.046
LISEC1,LISEA1,2,0.046
LP_D,LP_E,2,0.8
LP_E,LP_D,2,0.8
MB_B1,MB_B2,1,0.754
MB_B1,MB_B4,1,0.808
MB_B1,MB_B6,1,0.864
MB_B1,MB_B8,1,0.92
MB_B2,MB_B1,1,0.978
MB_B2,MB_B3,1,0.866
MB_B2,MB_B4,1,0.054
MB_B2,MB_B5,1,0.864
MB_B2,MB_B6,1,1.1
MB_B2,MB_B7,1,0.808
MB_B2,MB_B8,1,0.166
MB_B3,MB_B1,1,0.058
MB_B3,MB_B2,1,0.812
MB_B3,MB_B4,1,0.866
MB_B3,MB_B6,1,0.922
MB_B3,MB_B8,1,0.978
MB_B4,MB_B1,1,0.924
MB_B4,MB_B3,1,0.866
MB_B4,MB_B5,1,0.81
MB_B4,MB_B6,1,0.056
MB_B4,MB_B7,1,0.754
MB_B4,MB_B8,1,0.112
MB_B5,MB_B1,1,0.114
MB_B5,MB_B2,1,0.868
MB_B5,MB_B3,1,0.056
MB_B5,MB_B4,1,0.922
MB_B5,MB_B6,1,0.978
MB_B5,MB_B8,1,1.034
MB_B6,MB_B1,1,0.868
MB_B6,MB_B3,1,0.826
MB_B6,MB_B5,1,0.754
MB_B6,MB_B7,1,0.698
MB_B6,MB_B8,1,0.056
MB_B7,MB_B1,1,0.17
MB_B7,MB_B2,1,0.924
MB_B7,MB_B3,1,0.112
MB_B7,MB_B4,1,0.978
MB_B7,MB_B5,1,0.056
MB_B7,MB_B6,1,1.034
MB_B7,MB_B8,1,1.09
MB_B8,MB_B1,1,0.814
MB_B8,MB_B2,1,1.566
MB_B8,MB_B3,1,0.754
MB_B8,MB_B5,1,0.698
MB_B8,MB_B7,1,0.642
MG_C,KB_B,16,16.2
MG_C,MGU,0,0.2
MG_G,MG_H,1,0.4
MG_H,MG_G,1,0.4
MG_H,MGU,1,0.2
MGL,4760,1,0.4
MGU,1715,16,26.0
MGU,7498,12,16.8
MGU,JBX,8,7.2
MGU,MG_C,1,0.2
MGU,MG_H,1,0.2
MI_A10,12110L,4,1.464
MI_A10,MI_A4,4,1.342
MI_A4,12110L,2,0.12
MI_A4,MI_A10,1,0.722
MI_A4,MI_A8,1,0.61
MI_A4,MI_A9,1,0.662
MI_A5,MI_A7,3,1.564
MI_A7,MI_A5,3,1.564
MI_A8,12110L,4,1.572
MI_A8,MI_A10,0,0.112
MI_A8,MI_A4,4,1.452
MI_A8,MI_A9,0,0.052
MI_A9,12110L,4,1.52
MI_A9,MI_A10,0,0.06
MI_A9,MI_A4,4,1.4
MSTN10,MSTN_4,1,1.034
MSTN10,MSTN_5,1,0.978
MSTN10,MSTN_6,1,0.922
MSTN10,MSTN_7,1,0.868
MSTN10,MSTN_8,1,0.114
MSTN10,MSTN_9,1,0.056
MSTN11,MSTN10,1,0.056
MSTN11,MSTN_4,1,1.09
MSTN11,MSTN_5,1,1.034
MSTN11,MSTN_6,1,0.978
MSTN11,MSTN_7,1,0.924
MSTN11,MSTN_8,1,0.17
MSTN11,MSTN_9,1,0.112
MSTN_4,MSTN10,1,0.698
MSTN_4,MSTN11,1,0.642
MSTN_4,MSTN_7,1,1.566
MSTN_4,MSTN_8,1,0.814
MSTN_4,MSTN_9,1,0.754
MSTN_5,MSTN10,1,0.754
MSTN_5,MSTN11,1,0.698
MSTN_5,MSTN_4,1,0.056
MSTN_5,MSTN_8,1,0.868
MSTN_5,MSTN_9,1,0.826
MSTN_6,MSTN10,1,0.81
MSTN_6,MSTN11,1,0.754
MSTN_6,MSTN_4,1,0.112
MSTN_6,MSTN_5,1,0.056
MSTN_6,MSTN_8,1,0.924
MSTN_6,MSTN_9,1,0.866
MSTN_7,MSTN10,1,0.864
MSTN_7,MSTN11,1,0.808
MSTN_7,MSTN_4,1,0.166
MSTN_7,MSTN_5,1,0.11
MSTN_7,MSTN_6,1,0.054
MSTN_7,MSTN_8,1,0.978
MSTN_7,MSTN_9,1,0.866
MSTN_8,MSTN_4,1,0.92
MSTN_8,MSTN_5,1,0.864
MSTN_8,MSTN_6,1,0.808
MSTN_8,MSTN_7,1,0.754
MSTN_9,MSTN_4,1,0.978
MSTN_9,MSTN_5,1,0.922
MSTN_9,MSTN_6,1,0.866
MSTN_9,MSTN_7,1,0.812
MSTN_9,MSTN_8,1,0.058
MSTN_P,12114,1,0.6
MSTN_P,12115,1,0.6
MYTL,18110,1,0.2
MYT_P,18110,0,0.0
MYT_P,18711,6,6.0
MYT_P,3860,24,48.0
MYT_P,5180,27,34.0
MÖLC_D,12110L,2,0.12
MÖLC_D,MÖLC_H,1,0.61
MÖLC_D,MÖLC_J,1,0.662
MÖLC_H,12110L,2,1.572
MÖLC_H,MÖLC_D,1,1.452
MÖLC_H,MÖLC_J,0,0.052
MÖLC_J,12110L,2,1.52
MÖLC_J,MÖLC_D,1,1.4
MÖLCL,12110,1,0.6
MÖLCL,12114,3,3.8
MÖLCL,12115,3,3.8
MÖLCL,12232,6,6.0
MÖLCL,12423,8,9.6
MÖLCL,12542,11,15.0
MÖLCL,12610,11,21.6
MÖLCL,12636,12,15.0
MÖLCL,12666,18,21.6
MÖLCL,12711,14,14.4
MÖLCL,12736,16,27.2
MÖLCL,12880,23,41.6
MÖLCL,18110,14,16.2
MÖLCL,2530,13,17.6
MÖLCL,3127,15,14.8
MÖLCL,4510,12,17.6
MÖLCL,4760,12,19.8
MÖLCL,6125,20,35.2
MÖLCL,HED_P,15,14.8
MÖLCL,MÖLC_P,0,0.0
MÖLC_P,12110,1,0.6
MÖLC_P,12110C,0,0.0
MÖLC_P,12110L,0,0.0
MÖLC_P,12114,3,1.6
MÖLC_P,12115,3,1.6
MÖLC_P,12232,6,3.8
MÖLC_P,12423,8,6.0
MÖLC_P,12542,11,9.6
MÖLC_P,12610,11,13.4
MÖLC_P,12636,12,15.0
MÖLC_P,12666,18,21.6
MÖLC_P,12711,14,14.4
MÖLC_P,12736,16,27.2
MÖLC_P,12880,23,41.6
MÖLC_P,18110,14,16.2
MÖLC_P,2530,13,17.6
MÖLC_P,2530C,13,17.6
MÖLC_P,3127,15,14.8
MÖLC_P,3127C,14,15.0
MÖLC_P,4510,12,17.6
MÖLC_P,4760,12,19.8
MÖLC_P,4760C,14,19.8
MÖLC_P,6125,20,35.2
MÖLC_P,GVX,14,17.2
MÖLC_P,HEDL,14,15.0
MÖLC_P,MÖLCL,0,0.0
MÖLC_P,RÄX,7,6.6
MÖLC_P,SAX,9,9.2
PAGX,13138,12,16.0
PAGX,13215,6,3.4
PAGX,13240,14,17.0
PAGX,13514,8,8.4
PAGX,14948,30,56.0
PAGX,18110,22,36.8
PAGX,18112,20,32.4
PAGX,18115,24,38.6
PAGX,18210,19,24.8
PAGX,18711,24,38.8
PAGX,1950,16,22.0
PAGX,3127,17,21.6
PAGX,3160,21,32.4
PAGX,3180,15,21.8
PAGX,3215,32,60.0
PAGX,3860,20,36.0
PAGX,4524,19,21.4
PAGX,5180,17,20.8
PAGX,5460,11,16.2
PAGX,5865,33,64.0
PAGX,6225,17,27.0
PAGX,6480,18,17.8
PAGX,6650,20,40.0
PAGX,7470,14,17.6
PAGX,7880,10,12.4
PAGX,GRIX,20,27.6
PAGX,HED_P,17,21.6
PARX,1310,14,16.4
PARX,13138,11,15.4
PARX,13215,5,2.8
PARX,13240,13,16.4
PARX,13311,6,5.6
PARX,13329,8,7.6
PARX,13330,7,7.6
PARX,13410,11,12.8
PARX,13421,8,11.2
PARX,13514,8,8.4
PARX,13722,5,4.2
PARX,17320,27,45.2
PARX,1740,12,20.2
PARX,18110,21,36.2
PARX,18115,23,37.0
PARX,18210,18,25.4
PARX,19205,42,73.6
PARX,19235,42,73.2
PARX,2190,19,28.0
PARX,2530,21,39.6
PARX,3127,18,20.8
PARX,3127C,18,20.8
PARX,3180,12,22.8
PARX,3215,38,55.4
PARX,3680,14,25.6
PARX,3860,17,25.8
PARX,4290,15,27.0
PARX,4485,37,58.2
PARX,4490,19,26.2
PARX,4510,19,26.6
PARX,4524,16,20.6
PARX,4760,25,35.6
PARX,4808,7,7.8
PARX,4945,15,21.4
PARX,5147,14,23.4
PARX,5180,15,21.8
PARX,5421,26,43.2
PARX,5865,36,58.0
PARX,6125,36,64.8
PARX,6225,17,27.0
PARX,6480,11,17.6
PARX,6650,26,38.8
PARX,7300,16,22.6
PARX,7581,13,15.4
PARX,7880,11,11.6
PARX,HED_P,16,20.8
PARX,JON_P,8,12.8
PC_P,13215,6,2.8
PC_U,13215,1,0.26
RÄV,KS_E,7,7.6
RÄX,12110,7,6.6
RÄX,12114,5,5.0
RÄX,12115,5,5.0
RÄX,12128,9,8.8
RÄX,12145,9,11.4
RÄX,12232,11,8.4
RÄX,12312,1,0.4
RÄX,12329,12,14.0
RÄX,12330,10,11.4
RÄX,12337,6,7.758
RÄX,12349,12,15.2
RÄX,12411,9,10.886
RÄX,12423,10,8.6
RÄX,12510,6,7.8
RÄX,12542,14,20.6
RÄX,12610,8,9.8
RÄX,12636,12,12.2
RÄX,12644,7,10.2
RÄX,12662,8,13.6
RÄX,12666,12,15.8
RÄX,12710,13,19.0
RÄX,12711,14,22.6
RÄX,12730,11,19.4
RÄX,12736,17,25.4
RÄX,12750,8,14.4
RÄX,12766,15,24.0
RÄX,12810,20,34.4
RÄX,12811,20,35.8
RÄX,12880,20,39.0
RÄX,18110,17,19.4
RÄX,18115,18,21.4
RÄX,18116,19,22.0
RÄX,18120,13,18.8
RÄX,18125,15,33.0
RÄX,2530,15,26.4
RÄX,2530C,15,26.4
RÄX,25456,12,26.8
RÄX,3127,20,19.6
RÄX,3127C,18,19.6
RÄX,4510,18,32.6
RÄX,4524,13,23.2
RÄX,4760,16,28.6
RÄX,4760C,16,28.6
RÄX,7340,18,16.6
RÄX,HEDL,18,19.6
RÄX,HED_P,18,19.6
RÄX,KS_E,7,7.6
RÄX,MÖLC_P,7,6.6
SAX,12110,9,9.2
SAX,12114,7,7.6
SAX,12115,7,7.6
SAX,12128,11,11.2
SAX,12145,11,16.0
SAX,12232,13,11.0
SAX,12312,2,2.6
SAX,12329,10,11.4
SAX,12330,8,8.8
SAX,12337,4,5.158
SAX,12349,10,12.6
SAX,12411,11,13.486
SAX,12423,12,11.2
SAX,12510,8,10.4
SAX,12542,16,23.2
SAX,12610,6,7.2
SAX,12636,10,9.6
SAX,12644,5,7.6
SAX,12662,6,11.0
SAX,12666,10,13.2
SAX,12710,11,16.4
SAX,12711,12,20.0
SAX,12730,9,16.8
SAX,12736,15,22.8
SAX,12750,6,11.8
SAX,12766,13,21.4
SAX,12810,18,31.8
SAX,12811,18,33.2
SAX,12880,22,36.4
SAX,18110,19,22.0
SAX,18115,20,24.0
SAX,18116,21,24.6
SAX,18120,15,21.4
SAX,18125,17,35.6
SAX,2530,13,23.8
SAX,2530C,13,23.8
SAX,25456,10,24.2
SAX,3127,20,22.2
SAX,3127C,20,22.2
SAX,4510,20,35.2
SAX,4524,15,25.8
SAX,4760,18,31.2
SAX,4760C,18,31.2
SAX,7340,20,19.2
SAX,F_L,13,23.8
SAX,HEDL,20,22.2
SAX,HED_P,20,22.2
SAX,KS_E,5,5.0
SAX,MÖLC_P,9,9.2
ÖS_H,7880C,0,0.04
ÖS_H,ÖS_J,0,0.04
ÖS_J,7880C,0,0.0
ÖS_J,ÖS_H,0,0.04
PC_10,PC_3,0,0.0
PC_10,PC_5,0,0.0
PC_10,PC_6,0,0.0
PC_10,PC_7,0,0.0
PC_10,PC_9,0,0.0
PC_10,PC_P,0,0.0
PC_10,PC_U,0,0.0
PC_3,PC_10,0,0.0
PC_3,PC_5,0,0.0
PC_3,PC_6,0,0.0
PC_3,PC_7,0,0.0
PC_3,PC_9,0,0.0
PC_3,PC_P,0,0.0
PC_3,PC_U,0,0.0
PC_5,PC_10,0,0.0
PC_5,PC_3,0,0.0
PC_5,PC_6,0,0.0
PC_5,PC_7,0,0.0
PC_5,PC_9,0,0.0
PC_5,PC_P,0,0.0
PC_5,PC_U,0,0.0
PC_6,PC_10,0,0.0
PC_6,PC_3,0,0.0
PC_6,PC_5,0,0.0
PC_6,PC_7,0,0.0
PC_6,PC_9,0,0.0
PC_6,PC_P,0,0.0
PC_6,PC_U,0,0.0
PC_7,PC_10,0,0.0
PC_7,PC_3,0,0.0
PC_7,PC_5,0,0.0
PC_7,PC_6,0,0.0
PC_7,PC_9,0,0.0
PC_7,PC_P,0,0.0
PC_7,PC_U,0,0.0
PC_9,PC_10,0,0.0
PC_9,PC_3,0,0.0
PC_9,PC_5,0,0.0
PC_9,PC_6,0,0.0
PC_9,PC_7,0,0.0
PC_9,PC_P,0,0.0
PC_9,PC_U,0,0.0
PC_P,PC_10,0,0.0
PC_P,PC_3,0,0.0
PC_P,PC_5,0,0.0
PC_P,PC_6,0,0.0
PC_P,PC_7,0,0.0
PC_P,PC_9,0,0.0
PC_P,PC_U,0,0.0
PC_U,PC_10,0,0.0
PC_U,PC_3,0,0.0
PC_U,PC_5,0,0.0
PC_U,PC_6,0,0.0
PC_U,PC_7,0,0.0
PC_U,PC_9,0,0.0
PC_U,PC_P,0,0.0
JON_A,JON_B,0,0.0
JON_A,JON_P,0,0.0
JON_B,JON_A,0,0.0
JON_B,JON_P,0,0.0
JON_P,JON_A,0,0.0
JON_P,JON_B,0,0.0
HED_P,HEDL,0,0.0
HED_P,HED_D,0,0.0
HED_P,HED_E,0,0.0
HEDL,HED_P,0,0.0
HEDL,HED_D,0,0.0
HEDL,HED_E,0,0.0
HED_D,HED_P,0,0.0
HED_D,HEDL,0,0.0
HED_D,HED_E,0,0.0
HED_E,HED_P,0,0.0
HED_E,HEDL,0,0.0
HED_E,HED_D,0,0.0
GMV_G,GMV_P,0,0.0
GMV_G,GMV_H,0,0.0
GMV_P,GMV_G,0,0.0
GMV_P,GMV_H,0,0.0
GMV_H,GMV_G,0,0.0
GMV_H,GMV_P,0,0.0
PARX,2190L,19,28
2190L,PARX,19,28
PARX,GMV_H,0.11,15.4
GMV_H,PARX,0.11,15.4
PARX,HED_D,0.20,20.8
HED_D,PARX,0.20,20.8
PARX,JON_A,0.09,12.8
JON_A,PARX,0.09,12.8
PARX,ÖS_H,0.11,11.6
ÖS_H,PARX,0.11,11.6
GMV_G,PARX,0.11,15.4
PARX,GMV_G,0.11,15.4
HED_E,PARX,0.16,20.8
PARX,HED_E,0.16,20.8
JON_B,PARX,0.10,12.8
PARX,JON_B,0.10,12.8
ÖS_J,PARX,0.08,11.6
PARX,ÖS_J,0.08,11.6
PC_10,PARX,0.05,2.8
PC_3,PARX,0.05,2.8
PC_5,PARX,0.05,2.8
PC_7,PARX,0.05,2.8
PC_9,PARX,0.05,2.8
PARX,PC_3,0.05,2.8
PARX,PC_5,0.05,2.8
PARX,PC_7,0.05,2.8
PARX,PC_9,0.05,2.8
PARX,PC_10,0.05,2.8