TripID,Route,Direction,Start_Loc,Start_Zip,Start_Time,End_Time,End_Loc,End_Zip,Distance,Energy
0,5021,1,2190,,4:27,5:19,4808,,20.865,41.7299995
1,5021,2,4808,,4:30,5:21,2190,,21.25,42.5
2,5021,1,2190,,4:47,5:39,4808,,20.865,41.7299995
3,5021,2,4808,,4:50,5:41,2190,,21.25,42.5
4,5021,1,2190,,5:07,5:59,4808,,20.865,41.7299995
5,5021,2,4808,,5:10,6:01,2190,,21.25,42.5
6,5021,2,4808,,5:25,6:16,2190,,21.25,42.5
7,5021,1,2190,,5:26,6:19,4808,,20.865,41.7299995
8,5021,2,4808,,5:36,6:27,2190,,21.25,42.5
9,5021,1,2190,,5:44,6:37,4808,,20.865,41.7299995
10,5021,2,4808,,5:46,6:38,2190,,21.25,42.5
11,5021,2,4808,,5:56,6:48,2190,,21.25,42.5
12,5021,1,2190,,5:58,6:53,4808,,20.865,41.7299995
13,5021,2,4808,,6:06,6:59,2190,,21.25,42.5
14,5021,1,2190,,6:08,7:03,4808,,20.865,41.7299995
15,5021,2,4808,,6:16,7:10,2190,,21.25,42.5
16,5021,1,2190,,6:18,7:14,4808,,20.865,41.7299995
17,5021,2,4808,,6:26,7:20,2190,,21.25,42.5
18,5021,1,2190,,6:28,7:24,4808,,20.865,41.7299995
19,5021,2,4808,,6:34,7:31,2190,,21.25,42.5
20,5021,1,2190,,6:38,7:35,4808,,20.865,41.7299995
21,5021,2,4808,,6:42,7:40,2190,,21.25,42.5
22,5021,1,2190,,6:48,7:45,4808,,20.865,41.7299995
23,5021,2,4808,,6:51,7:49,2190,,21.25,42.5
24,5021,1,2190,,6:58,7:56,4808,,20.865,41.7299995
25,5021,2,4808,,7:01,8:01,2190,,21.25,42.5
26,5021,1,2190,,7:09,8:08,4808,,20.865,41.7299995
27,5021,2,4808,,7:11,8:11,2190,,21.25,42.5
28,5021,1,2190,,7:20,8:19,4808,,20.865,41.7299995
29,5021,2,4808,,7:21,8:21,2190,,21.25,42.5
30,5021,1,2190,,7:29,8:29,4808,,20.865,41.7299995
31,5021,2,4808,,7:31,8:31,2190,,21.25,42.5
32,5021,1,2190,,7:39,8:39,4808,,20.865,41.7299995
33,5021,2,4808,,7:42,8:42,2190,,21.25,42.5
34,5021,1,2190,,7:49,8:49,4808,,20.865,41.7299995
35,5021,2,4808,,7:52,8:52,2190,,21.25,42.5
36,5021,1,2190,,8:00,8:59,4808,,20.865,41.7299995
37,5021,2,4808,,8:03,9:03,2190,,21.25,42.5
38,5021,1,2190,,8:09,9:09,4808,,20.865,41.7299995
39,5021,2,4808,,8:15,9:14,2190,,21.25,42.5
40,5021,1,2190,,8:20,9:19,4808,,20.865,41.7299995
41,5021,2,4808,,8:26,9:24,2190,,21.25,42.5
42,5021,1,2190,,8:30,9:29,4808,,20.865,41.7299995
43,5021,2,4808,,8:36,9:33,2190,,21.25,42.5
44,5021,1,2190,,8:40,9:39,4808,,20.865,41.7299995
45,5021,2,4808,,8:46,9:42,2190,,21.25,42.5
46,5021,1,2190,,8:50,9:49,4808,,20.865,41.7299995
47,5021,2,4808,,8:56,9:52,2190,,21.25,42.5
48,5021,1,2190,,8:59,9:57,4808,,20.865,41.7299995
49,5021,2,4808,,9:06,10:02,2190,,21.25,42.5
50,5021,1,2190,,9:09,10:07,4808,,20.865,41.7299995
51,5021,2,4808,,9:16,10:11,2190,,21.25,42.5
52,5021,1,2190,,9:20,10:17,4808,,20.865,41.7299995
53,5021,2,4808,,9:26,10:21,2190,,21.25,42.5
54,5021,1,2190,,9:30,10:27,4808,,20.865,41.7299995
55,5021,2,4808,,9:36,10:31,2190,,21.25,42.5
56,5021,1,2190,,9:40,10:37,4808,,20.865,41.7299995
57,5021,2,4808,,9:44,10:39,2190,,21.25,42.5
58,5021,1,2190,,9:50,10:47,4808,,20.865,41.7299995
59,5021,2,4808,,9:54,10:49,2190,,21.25,42.5
60,5021,1,2190,,10:00,10:57,4808,,20.865,41.7299995
61,5021,2,4808,,10:04,10:59,2190,,21.25,42.5
62,5021,1,2190,,10:10,11:07,4808,,20.865,41.7299995
63,5021,2,4808,,10:14,11:09,2190,,21.25,42.5
64,5021,1,2190,,10:20,11:17,4808,,20.865,41.7299995
65,5021,2,4808,,10:24,11:19,2190,,21.25,42.5
66,5021,1,2190,,10:30,11:27,4808,,20.865,41.7299995
67,5021,2,4808,,10:34,11:29,2190,,21.25,42.5
68,5021,1,2190,,10:40,11:37,4808,,20.865,41.7299995
69,5021,2,4808,,10:44,11:39,2190,,21.25,42.5
70,5021,1,2190,,10:49,11:47,4808,,20.865,41.7299995
71,5021,2,4808,,10:54,11:49,2190,,21.25,42.5
72,5021,1,2190,,10:59,11:57,4808,,20.865,41.7299995
73,5021,2,4808,,11:04,11:59,2190,,21.25,42.5
74,5021,1,2190,,11:09,12:07,4808,,20.865,41.7299995
75,5021,2,4808,,11:14,12:09,2190,,21.25,42.5
76,5021,1,2190,,11:19,12:17,4808,,20.865,41.7299995
77,5021,2,4808,,11:24,12:19,2190,,21.25,42.5
78,5021,1,2190,,11:29,12:27,4808,,20.865,41.7299995
79,5021,2,4808,,11:34,12:29,2190,,21.25,42.5
80,5021,1,2190,,11:39,12:37,4808,,20.865,41.7299995
81,5021,2,4808,,11:44,12:39,2190,,21.25,42.5
82,5021,1,2190,,11:49,12:47,4808,,20.865,41.7299995
83,5021,2,4808,,11:54,12:49,2190,,21.25,42.5
84,5021,1,2190,,11:59,12:57,4808,,20.865,41.7299995
85,5021,2,4808,,12:04,12:59,2190,,21.25,42.5
86,5021,1,2190,,12:09,13:07,4808,,20.865,41.7299995
87,5021,2,4808,,12:14,13:09,2190,,21.25,42.5
88,5021,1,2190,,12:19,13:17,4808,,20.865,41.7299995
89,5021,2,4808,,12:24,13:20,2190,,21.25,42.5
90,5021,1,2190,,12:29,13:27,4808,,20.865,41.7299995
91,5021,2,4808,,12:34,13:30,2190,,21.25,42.5
92,5021,1,2190,,12:39,13:37,4808,,20.865,41.7299995
93,5021,2,4808,,12:44,13:40,2190,,21.25,42.5
94,5021,1,2190,,12:49,13:47,4808,,20.865,41.7299995
95,5021,2,4808,,12:54,13:50,2190,,21.25,42.5
96,5021,1,2190,,13:01,13:59,4808,,20.865,41.7299995
97,5021,2,4808,,13:04,14:00,2190,,21.25,42.5
98,5021,1,2190,,13:11,14:09,4808,,20.865,41.7299995
99,5021,2,4808,,13:14,14:10,2190,,21.25,42.5
100,5021,1,2190,,13:20,14:19,4808,,20.865,41.7299995
101,5021,2,4808,,13:24,14:20,2190,,21.25,42.5
102,5021,1,2190,,13:30,14:29,4808,,20.865,41.7299995
103,5021,2,4808,,13:34,14:30,2190,,21.25,42.5
104,5021,1,2190,,13:40,14:39,4808,,20.865,41.7299995
105,5021,2,4808,,13:44,14:40,2190,,21.25,42.5
106,5021,1,2190,,13:50,14:49,4808,,20.865,41.7299995
107,5021,2,4808,,13:54,14:50,2190,,21.25,42.5
108,5021,1,2190,,14:00,14:59,4808,,20.865,41.7299995
109,5021,2,4808,,14:06,15:02,2190,,21.25,42.5
110,5021,1,2190,,14:10,15:09,4808,,20.865,41.7299995
111,5021,2,4808,,14:16,15:12,2190,,21.25,42.5
112,5021,1,2190,,14:19,15:20,4808,,20.865,41.7299995
113,5021,2,4808,,14:26,15:22,2190,,21.25,42.5
114,5021,1,2190,,14:28,15:30,4808,,20.865,41.7299995
115,5021,2,4808,,14:36,15:32,2190,,21.25,42.5
116,5021,1,2190,,14:38,15:40,4808,,20.865,41.7299995
117,5021,2,4808,,14:46,15:43,2190,,21.25,42.5
118,5021,1,2190,,14:48,15:50,4808,,20.865,41.7299995
119,5021,2,4808,,14:56,15:53,2190,,21.25,42.5
120,5021,1,2190,,14:59,16:01,4808,,20.865,41.7299995
121,5021,2,4808,,15:06,16:04,2190,,21.25,42.5
122,5021,1,2190,,15:09,16:11,4808,,20.865,41.7299995
123,5021,2,4808,,15:16,16:14,2190,,21.25,42.5
124,5021,1,2190,,15:19,16:22,4808,,20.865,41.7299995
125,5021,2,4808,,15:27,16:26,2190,,21.25,42.5
126,5021,1,2190,,15:29,16:32,4808,,20.865,41.7299995
127,5021,2,4808,,15:37,16:36,2190,,21.25,42.5
128,5021,1,2190,,15:38,16:41,4808,,20.865,41.7299995
129,5021,2,4808,,15:47,16:46,2190,,21.25,42.5
130,5021,1,2190,,15:48,16:51,4808,,20.865,41.7299995
131,5021,2,4808,,15:57,16:56,2190,,21.25,42.5
132,5021,1,2190,,15:58,17:01,4808,,20.865,41.7299995
133,5021,2,4808,,16:08,17:07,2190,,21.25,42.5
134,5021,1,2190,,16:09,17:11,4808,,20.865,41.7299995
135,5021,1,2190,,16:18,17:21,4808,,20.865,41.7299995
136,5021,2,4808,,16:18,17:17,2190,,21.25,42.5
137,5021,2,4808,,16:28,17:27,2190,,21.25,42.5
138,5021,1,2190,,16:28,17:30,4808,,20.865,41.7299995
139,5021,2,4808,,16:38,17:37,2190,,21.25,42.5
140,5021,1,2190,,16:39,17:40,4808,,20.865,41.7299995
141,5021,2,4808,,16:48,17:46,2190,,21.25,42.5
142,5021,1,2190,,16:49,17:50,4808,,20.865,41.7299995
143,5021,2,4808,,16:58,17:55,2190,,21.25,42.5
144,5021,1,2190,,17:00,18:00,4808,,20.865,41.7299995
145,5021,2,4808,,17:08,18:04,2190,,21.25,42.5
146,5021,1,2190,,17:11,18:10,4808,,20.865,41.7299995
147,5021,2,4808,,17:18,18:14,2190,,21.25,42.5
148,5021,1,2190,,17:22,18:20,4808,,20.865,41.7299995
149,5021,2,4808,,17:27,18:22,2190,,21.25,42.5
150,5021,1,2190,,17:32,18:30,4808,,20.865,41.7299995
151,5021,2,4808,,17:37,18:31,2190,,21.25,42.5
152,5021,1,2190,,17:41,18:38,4808,,20.865,41.7299995
153,5021,2,4808,,17:47,18:41,2190,,21.25,42.5
154,5021,1,2190,,17:51,18:48,4808,,20.865,41.7299995
155,5021,2,4808,,17:57,18:51,2190,,21.25,42.5
156,5021,1,2190,,18:02,18:59,4808,,20.865,41.7299995
157,5021,2,4808,,18:07,19:01,2190,,21.25,42.5
158,5021,1,2190,,18:12,19:09,4808,,20.865,41.7299995
159,5021,2,4808,,18:17,19:10,2190,,21.25,42.5
160,5021,1,2190,,18:25,19:21,4808,,20.865,41.7299995
161,5021,2,4808,,18:27,19:20,2190,,21.25,42.5
162,5021,1,2190,,18:36,19:32,4808,,20.865,41.7299995
163,5021,2,4808,,18:42,19:35,2190,,21.25,42.5
164,5021,1,2190,,18:49,19:45,4808,,20.865,41.7299995
165,5021,2,4808,,18:56,19:49,2190,,21.25,42.5
166,5021,1,2190,,19:04,20:00,4808,,20.865,41.7299995
167,5021,2,4808,,19:13,20:06,2190,,21.25,42.5
168,5021,1,2190,,19:19,20:15,4808,,20.865,41.7299995
169,5021,2,4808,,19:28,20:20,2190,,21.25,42.5
170,5021,1,2190,,19:34,20:30,4808,,20.865,41.7299995
171,5021,2,4808,,19:42,20:34,2190,,21.25,42.5
172,5021,1,2190,,19:49,20:45,4808,,20.865,41.7299995
173,5021,2,4808,,19:57,20:49,2190,,21.25,42.5
174,5021,1,2190,,20:04,21:00,4808,,20.865,41.7299995
175,5021,2,4808,,20:12,21:04,2190,,21.25,42.5
176,5021,1,2190,,20:20,21:15,4808,,20.865,41.7299995
177,5021,2,4808,,20:27,21:19,2190,,21.25,42.5
178,5021,1,2190,,20:35,21:30,4808,,20.865,41.7299995
179,5021,2,4808,,20:42,21:34,2190,,21.25,42.5
180,5021,1,2190,,20:50,21:45,4808,,20.865,41.7299995
181,5021,2,4808,,20:57,21:49,2190,,21.25,42.5
182,5021,1,2190,,21:10,22:05,4808,,20.865,41.7299995
183,5021,2,4808,,21:12,22:04,2190,,21.25,42.5
184,5021,1,2190,,21:30,22:25,4808,,20.865,41.7299995
185,5021,2,4808,,21:36,22:28,2190,,21.25,42.5
186,5021,1,2190,,21:50,22:45,4808,,20.865,41.7299995
187,5021,2,4808,,21:56,22:48,2190,,21.25,42.5
188,5021,1,2190,,22:10,23:05,4808,,20.865,41.7299995
189,5021,2,4808,,22:16,23:07,2190,,21.25,42.5
190,5021,1,2190,,22:30,23:24,4808,,20.865,41.7299995
191,5021,2,4808,,22:36,23:27,2190,,21.25,42.5
192,5021,1,2190,,22:50,23:43,4808,,20.865,41.7299995
193,5021,2,4808,,22:56,23:47,2190,,21.25,42.5
194,5021,1,2190,,23:10,24:01,4808,,20.865,41.7299995
195,5021,2,4808,,23:16,24:06,2190,,21.25,42.5
196,5021,1,2190,,23:32,24:23,4808,,20.865,41.7299995
197,5021,2,4808,,23:36,24:26,2190,,21.25,42.5
198,5021,1,2190,,24:02,24:53,4808,,20.865,41.7299995
199,5021,2,4808,,24:06,24:56,2190,,21.25,42.5
200,5021,1,2190,,24:32,25:23,4808,,20.865,41.7299995
201,5021,2,4808,,24:36,25:26,2190,,21.25,42.5
202,5021,1,2190,,25:03,25:53,4808,,20.865,41.7299995
203,5501,1,13421,,6:25,6:43,6480,,10.809,21.618
204,5501,1,13421,,6:55,7:13,6480,,10.809,21.618
205,5501,1,13421,,7:25,7:44,6480,,10.809,21.618
206,5501,1,13421,,7:55,8:14,6480,,10.809,21.618
207,5501,1,13421,,8:25,8:43,6480,,10.809,21.618
208,5501,2,6480,,15:25,15:44,13421,,11.116,22.2320004
209,5501,2,6480,,15:55,16:15,13421,,11.116,22.2320004
210,5501,2,6480,,16:25,16:45,13421,,11.116,22.2320004
211,5501,2,6480,,16:55,17:14,13421,,11.116,22.2320004
212,5501,2,6480,,16:55,17:14,13421,,11.116,22.2320004
213,5501,2,6480,,17:25,17:44,13421,,11.116,22.2320004
214,5502,1,13329,,6:40,7:00,6480,,11.706,23.4120007
215,5502,1,13329,,7:10,7:31,6480,,11.706,23.4120007
216,5502,1,13329,,7:40,8:01,6480,,11.706,23.4120007
217,5502,1,13329,,8:10,8:30,6480,,11.706,23.4120007
218,5502,1,13329,,8:40,8:59,6480,,11.706,23.4120007
219,5502,2,6480,,15:40,16:01,13330,,11.944,23.8880005
220,5502,2,6480,,16:10,16:31,13330,,11.944,23.8880005
221,5502,2,6480,,16:40,17:02,13330,,11.944,23.8880005
222,5502,2,6480,,17:10,17:31,13330,,11.944,23.8880005
223,5502,2,6480,,17:40,18:01,13330,,11.944,23.8880005
224,5510,1,PC_10,13215,5:12,5:45,HED_E,3127,11.168,22.3409996
225,5510,2,1310,,5:26,5:42,PC_10,13215,5.387,10.7740002
226,5510,2,HED_D,3127,5:37,6:07,PC_10,13215,10.664,21.3279991
227,5510,1,PC_10,13215,5:42,6:15,HED_E,3127,11.168,22.3409996
228,5510,2,HED_D,3127,5:57,6:27,PC_10,13215,10.664,21.3279991
229,5510,1,PC_10,13215,6:07,6:41,HED_E,3127,11.168,22.3409996
230,5510,2,HED_D,3127,6:17,6:47,PC_10,13215,10.664,21.3279991
231,5510,1,PC_10,13215,6:27,7:01,HED_E,3127,11.168,22.3409996
232,5510,2,HED_D,3127,6:37,7:07,PC_10,13215,10.664,21.3279991
233,5510,1,PC_10,13215,6:47,7:23,HED_E,3127,11.168,22.3409996
234,5510,2,HED_D,3127,6:57,7:27,PC_10,13215,10.664,21.3279991
235,5510,2,HED_D,3127,7:07,7:37,PC_10,13215,10.664,21.3279991
236,5510,1,PC_10,13215,7:07,7:44,HED_E,3127,11.168,22.3409996
237,5510,2,HED_D,3127,7:17,7:47,PC_10,13215,10.664,21.3279991
238,5510,1,PC_10,13215,7:17,7:54,HED_E,3127,11.168,22.3409996
239,5510,1,PC_10,13215,7:17,7:54,HED_E,3127,11.168,22.3409996
240,5510,1,3127,,7:22,7:36,13215,,9.735,19.4699993
241,5510,1,PC_10,13215,7:27,8:04,HED_E,3127,11.168,22.3409996
242,5510,1,PC_10,13215,7:27,8:04,HED_E,3127,11.168,22.3409996
243,5510,2,HED_D,3127,7:37,8:07,PC_10,13215,10.664,21.3279991
244,5510,1,PC_10,13215,7:37,8:14,HED_E,3127,11.168,22.3409996
245,5510,1,3127,,7:46,8:00,13215,,9.735,19.4699993
246,5510,1,PC_10,13215,7:47,8:24,HED_E,3127,11.168,22.3409996
247,5510,1,3127,,7:53,8:07,13215,,9.735,19.4699993
248,5510,1,PC_10,13215,7:57,8:34,HED_E,3127,11.168,22.3409996
249,5510,2,HED_D,3127,7:57,8:27,PC_10,13215,10.664,21.3279991
250,5510,2,HED_D,3127,7:57,8:27,PC_10,13215,10.664,21.3279991
251,5510,1,PC_10,13215,8:07,8:43,HED_E,3127,11.168,22.3409996
252,5510,1,3127,,8:13,8:27,13215,,9.735,19.4699993
253,5510,2,HED_D,3127,8:17,8:47,PC_10,13215,10.664,21.3279991
254,5510,1,PC_10,13215,8:27,9:03,HED_E,3127,11.168,22.3409996
255,5510,2,HED_D,3127,8:47,9:17,PC_10,13215,10.664,21.3279991
256,5510,1,PC_10,13215,8:47,9:23,HED_E,3127,11.168,22.3409996
257,5510,1,PC_10,13215,9:17,9:53,HED_E,3127,11.168,22.3409996
258,5510,2,HED_D,3127,9:18,9:47,PC_10,13215,10.664,21.3279991
259,5510,1,PC_10,13215,9:47,10:23,HED_E,3127,11.168,22.3409996
260,5510,2,HED_D,3127,9:48,10:17,PC_10,13215,10.664,21.3279991
261,5510,1,PC_10,13215,10:17,10:53,HED_E,3127,11.168,22.3409996
262,5510,2,HED_D,3127,10:18,10:47,PC_10,13215,10.664,21.3279991
263,5510,1,PC_10,13215,10:47,11:23,HED_E,3127,11.168,22.3409996
264,5510,2,HED_D,3127,10:48,11:17,PC_10,13215,10.664,21.3279991
265,5510,1,PC_10,13215,11:17,11:52,HED_E,3127,11.168,22.3409996
266,5510,2,HED_D,3127,11:18,11:47,PC_10,13215,10.664,21.3279991
267,5510,1,PC_10,13215,11:47,12:22,HED_E,3127,11.168,22.3409996
268,5510,2,HED_D,3127,11:48,12:17,PC_10,13215,10.664,21.3279991
269,5510,2,HED_D,3127,12:17,12:47,PC_10,13215,10.664,21.3279991
270,5510,1,PC_10,13215,12:17,12:52,HED_E,3127,11.168,22.3409996
271,5510,2,HED_D,3127,12:37,13:07,PC_10,13215,10.664,21.3279991
272,5510,1,PC_10,13215,12:47,13:22,HED_E,3127,11.168,22.3409996
273,5510,2,HED_D,3127,12:57,13:27,PC_10,13215,10.664,21.3279991
274,5510,1,PC_10,13215,13:07,13:42,HED_E,3127,11.168,22.3409996
275,5510,1,PC_10,13215,13:07,13:42,HED_E,3127,11.168,22.3409996
276,5510,2,HED_D,3127,13:17,13:47,PC_10,13215,10.664,21.3279991
277,5510,1,PC_10,13215,13:27,14:02,HED_E,3127,11.168,22.3409996
278,5510,2,HED_D,3127,13:36,14:07,PC_10,13215,10.664,21.3279991
279,5510,1,PC_10,13215,13:47,14:22,HED_E,3127,11.168,22.3409996
280,5510,2,HED_D,3127,13:56,14:27,PC_10,13215,10.664,21.3279991
281,5510,2,HED_D,3127,13:56,14:27,PC_10,13215,10.664,21.3279991
282,5510,1,PC_10,13215,14:07,14:42,HED_E,3127,11.168,22.3409996
283,5510,2,HED_D,3127,14:16,14:47,PC_10,13215,10.664,21.3279991
284,5510,1,PC_10,13215,14:27,15:02,HED_E,3127,11.168,22.3409996
285,5510,2,HED_D,3127,14:36,15:07,PC_10,13215,10.664,21.3279991
286,5510,2,13215,,14:42,14:59,3127,,10.033,20.066
287,5510,2,13215,,14:42,14:59,3127,,10.033,20.066
288,5510,1,PC_10,13215,14:47,15:22,HED_E,3127,11.168,22.3409996
289,5510,2,HED_D,3127,14:55,15:27,PC_10,13215,10.664,21.3279991
290,5510,2,13215,,14:57,15:14,3127,,10.033,20.066
291,5510,2,HED_D,3127,15:05,15:37,PC_10,13215,10.664,21.3279991
292,5510,2,13215,,15:07,15:24,3127,,10.033,20.066
293,5510,1,PC_10,13215,15:07,15:43,HED_E,3127,11.168,22.3409996
294,5510,1,PC_10,13215,15:07,15:43,HED_E,3127,11.168,22.3409996
295,5510,2,HED_D,3127,15:15,15:47,PC_10,13215,10.664,21.3279991
296,5510,2,HED_D,3127,15:25,15:57,PC_10,13215,10.664,21.3279991
297,5510,2,13215,,15:27,15:44,3127,,10.033,20.066
298,5510,1,PC_10,13215,15:27,16:03,HED_E,3127,11.168,22.3409996
299,5510,1,PC_10,13215,15:27,16:03,HED_E,3127,11.168,22.3409996
300,5510,2,HED_D,3127,15:35,16:07,PC_10,13215,10.664,21.3279991
301,5510,2,13215,,15:37,15:54,3127,,10.033,20.066
302,5510,2,HED_D,3127,15:45,16:17,PC_10,13215,10.664,21.3279991
303,5510,2,13215,,15:47,16:04,3127,,10.033,20.066
304,5510,1,PC_10,13215,15:47,16:23,HED_E,3127,11.168,22.3409996
305,5510,2,HED_D,3127,15:55,16:27,PC_10,13215,10.664,21.3279991
306,5510,2,HED_D,3127,16:05,16:37,PC_10,13215,10.664,21.3279991
307,5510,2,13215,,16:07,16:24,3127,,10.033,20.066
308,5510,1,PC_10,13215,16:07,16:43,HED_E,3127,11.168,22.3409996
309,5510,2,HED_D,3127,16:15,16:47,PC_10,13215,10.664,21.3279991
310,5510,2,HED_D,3127,16:25,16:57,PC_10,13215,10.664,21.3279991
311,5510,1,PC_10,13215,16:27,17:03,HED_E,3127,11.168,22.3409996
312,5510,2,HED_D,3127,16:35,17:07,PC_10,13215,10.664,21.3279991
313,5510,2,13215,,16:37,16:54,3127,,10.033,20.066
314,5510,2,HED_D,3127,16:45,17:17,PC_10,13215,10.664,21.3279991
315,5510,1,PC_10,13215,16:47,17:22,HED_E,3127,11.168,22.3409996
316,5510,2,13215,,16:47,17:04,3127,,10.033,20.066
317,5510,2,HED_D,3127,16:55,17:27,PC_10,13215,10.664,21.3279991
318,5510,2,HED_D,3127,17:05,17:37,PC_10,13215,10.664,21.3279991
319,5510,2,13215,,17:07,17:24,3127,,10.033,20.066
320,5510,2,13215,,17:07,17:24,3127,,10.033,20.066
321,5510,1,PC_10,13215,17:07,17:41,HED_E,3127,11.168,22.3409996
322,5510,2,HED_D,3127,17:15,17:47,PC_10,13215,10.664,21.3279991
323,5510,2,13215,,17:17,17:34,3127,,10.033,20.066
324,5510,2,HED_D,3127,17:25,17:57,PC_10,13215,10.664,21.3279991
325,5510,2,HED_D,3127,17:25,17:57,PC_10,13215,10.664,21.3279991
326,5510,1,PC_10,13215,17:27,18:01,HED_E,3127,11.168,22.3409996
327,5510,2,HED_D,3127,17:35,18:07,PC_10,13215,10.664,21.3279991
328,5510,1,PC_10,13215,17:47,18:21,HED_E,3127,11.168,22.3409996
329,5510,2,HED_D,3127,17:56,18:27,PC_10,13215,10.664,21.3279991
330,5510,1,PC_10,13215,18:07,18:41,HED_E,3127,11.168,22.3409996
331,5510,2,HED_D,3127,18:17,18:47,PC_10,13215,10.664,21.3279991
332,5510,1,PC_10,13215,18:27,19:01,HED_E,3127,11.168,22.3409996
333,5510,2,HED_D,3127,18:42,19:12,PC_10,13215,10.664,21.3279991
334,5510,1,PC_10,13215,18:47,19:21,HED_E,3127,11.168,22.3409996
335,5510,1,PC_10,13215,19:12,19:46,HED_E,3127,11.168,22.3409996
336,5510,2,HED_D,3127,19:12,19:42,PC_10,13215,10.664,21.3279991
337,5510,1,PC_10,13215,19:42,20:16,HED_E,3127,11.168,22.3409996
338,5510,2,HED_D,3127,19:43,20:12,PC_10,13215,10.664,21.3279991
339,5510,1,PC_10,13215,20:12,20:46,HED_E,3127,11.168,22.3409996
340,5510,2,HED_D,3127,20:13,20:42,PC_10,13215,10.664,21.3279991
341,5510,1,PC_10,13215,20:42,21:15,HED_E,3127,11.168,22.3409996
342,5510,2,HED_D,3127,20:43,21:12,PC_10,13215,10.664,21.3279991
343,5510,1,PC_10,13215,21:12,21:44,HED_E,3127,11.168,22.3409996
344,5510,2,HED_D,3127,21:13,21:42,PC_10,13215,10.664,21.3279991
345,5510,1,PC_10,13215,21:42,22:14,HED_E,3127,11.168,22.3409996
346,5510,2,HED_D,3127,21:43,22:12,PC_10,13215,10.664,21.3279991
347,5510,1,PC_10,13215,22:12,22:43,HED_E,3127,11.168,22.3409996
348,5510,2,HED_D,3127,22:13,22:42,PC_10,13215,10.664,21.3279991
349,5510,1,PC_10,13215,22:42,23:13,HED_E,3127,11.168,22.3409996
350,5510,2,HED_D,3127,22:43,23:12,PC_10,13215,10.664,21.3279991
351,5510,1,PC_10,13215,23:12,23:43,HED_E,3127,11.168,22.3409996
352,5510,2,HED_D,3127,23:13,23:42,PC_10,13215,10.664,21.3279991
353,5510,1,PC_10,13215,23:42,24:11,HED_E,3127,11.168,22.3409996
354,5510,2,HED_D,3127,23:45,24:12,PC_10,13215,10.664,21.3279991
355,5510,1,PC_10,13215,24:12,24:41,HED_E,3127,11.168,22.3409996
356,5510,2,HED_D,3127,24:31,24:57,PC_10,13215,10.664,21.3279991
357,5510,1,PC_10,13215,24:57,25:26,HED_E,3127,11.168,22.3409996
358,5510,2,HED_D,3127,25:01,25:27,PC_10,13215,10.664,21.3279991
359,5510,1,PC_10,13215,25:27,25:42,1310,,5.692,11.3889999
360,5513,1,PC_5,13215,4:57,5:26,HED_E,3127,10.088,20.1809998
361,5513,2,6480,,5:09,5:27,PC_5,13215,8.062,16.1240005
362,5513,1,PC_5,13215,5:27,5:56,HED_E,3127,10.088,20.1809998
363,5513,2,HED_D,3127,5:34,5:57,PC_5,13215,9.931,19.8619995
364,5513,2,HED_D,3127,5:53,6:17,PC_5,13215,9.931,19.8619995
365,5513,1,PC_5,13215,5:57,6:27,HED_E,3127,10.088,20.1809998
366,5513,2,HED_D,3127,6:13,6:37,PC_5,13215,9.931,19.8619995
367,5513,1,PC_5,13215,6:17,6:49,HED_E,3127,10.088,20.1809998
368,5513,2,HED_D,3127,6:33,6:57,PC_5,13215,9.931,19.8619995
369,5513,1,PC_5,13215,6:37,7:09,HED_E,3127,10.088,20.1809998
370,5513,1,PC_5,13215,6:47,7:19,HED_E,3127,10.088,20.1809998
371,5513,2,HED_D,3127,6:53,7:17,PC_5,13215,9.931,19.8619995
372,5513,1,PC_5,13215,6:57,7:29,HED_E,3127,10.088,20.1809998
373,5513,1,PC_5,13215,7:07,7:39,HED_E,3127,10.088,20.1809998
374,5513,2,HED_D,3127,7:10,7:37,PC_5,13215,9.931,19.8619995
375,5513,1,PC_5,13215,7:17,7:50,HED_E,3127,10.088,20.1809998
376,5513,1,PC_5,13215,7:27,8:01,HED_E,3127,10.088,20.1809998
377,5513,2,HED_D,3127,7:30,7:57,PC_5,13215,9.931,19.8619995
378,5513,1,PC_5,13215,7:37,8:11,HED_E,3127,10.088,20.1809998
379,5513,1,PC_5,13215,7:47,8:20,HED_E,3127,10.088,20.1809998
380,5513,2,HED_D,3127,7:50,8:17,PC_5,13215,9.931,19.8619995
381,5513,1,PC_5,13215,7:57,8:30,HED_E,3127,10.088,20.1809998
382,5513,1,PC_5,13215,8:07,8:40,HED_E,3127,10.088,20.1809998
383,5513,2,HED_D,3127,8:12,8:37,PC_5,13215,9.931,19.8619995
384,5513,1,PC_5,13215,8:17,8:49,HED_E,3127,10.088,20.1809998
385,5513,1,PC_5,13215,8:27,8:59,HED_E,3127,10.088,20.1809998
386,5513,2,HED_D,3127,8:32,8:57,PC_5,13215,9.931,19.8619995
387,5513,1,PC_5,13215,8:37,9:08,HED_E,3127,10.088,20.1809998
388,5513,2,HED_D,3127,8:52,9:17,PC_5,13215,9.931,19.8619995
389,5513,1,PC_5,13215,8:57,9:28,HED_E,3127,10.088,20.1809998
390,5513,2,HED_D,3127,9:12,9:37,PC_5,13215,9.931,19.8619995
391,5513,1,PC_5,13215,9:17,9:48,HED_E,3127,10.088,20.1809998
392,5513,2,HED_D,3127,9:32,9:57,PC_5,13215,9.931,19.8619995
393,5513,1,PC_5,13215,9:37,10:08,HED_E,3127,10.088,20.1809998
394,5513,2,HED_D,3127,9:53,10:17,PC_5,13215,9.931,19.8619995
395,5513,1,PC_5,13215,9:57,10:28,HED_E,3127,10.088,20.1809998
396,5513,2,HED_D,3127,10:13,10:37,PC_5,13215,9.931,19.8619995
397,5513,1,PC_5,13215,10:17,10:48,HED_E,3127,10.088,20.1809998
398,5513,2,HED_D,3127,10:33,10:57,PC_5,13215,9.931,19.8619995
399,5513,1,PC_5,13215,10:37,11:08,HED_E,3127,10.088,20.1809998
400,5513,2,HED_D,3127,10:52,11:17,PC_5,13215,9.931,19.8619995
401,5513,1,PC_5,13215,10:57,11:28,HED_E,3127,10.088,20.1809998
402,5513,2,HED_D,3127,11:12,11:37,PC_5,13215,9.931,19.8619995
403,5513,1,PC_5,13215,11:17,11:48,HED_E,3127,10.088,20.1809998
404,5513,2,HED_D,3127,11:32,11:57,PC_5,13215,9.931,19.8619995
405,5513,1,PC_5,13215,11:37,12:08,HED_E,3127,10.088,20.1809998
406,5513,2,HED_D,3127,11:52,12:17,PC_5,13215,9.931,19.8619995
407,5513,1,PC_5,13215,11:57,12:28,HED_E,3127,10.088,20.1809998
408,5513,1,PC_5,13215,11:57,12:28,HED_E,3127,10.088,20.1809998
409,5513,2,HED_D,3127,12:12,12:37,PC_5,13215,9.931,19.8619995
410,5513,1,PC_5,13215,12:17,12:48,HED_E,3127,10.088,20.1809998
411,5513,2,HED_D,3127,12:32,12:57,PC_5,13215,9.931,19.8619995
412,5513,2,HED_D,3127,12:32,12:57,PC_5,13215,9.931,19.8619995
413,5513,1,PC_5,13215,12:37,13:08,HED_E,3127,10.088,20.1809998
414,5513,2,HED_D,3127,12:52,13:17,PC_5,13215,9.931,19.8619995
415,5513,1,PC_5,13215,12:57,13:28,HED_E,3127,10.088,20.1809998
416,5513,2,HED_D,3127,13:12,13:37,PC_5,13215,9.931,19.8619995
417,5513,1,PC_5,13215,13:17,13:48,HED_E,3127,10.088,20.1809998
418,5513,2,HED_D,3127,13:30,13:57,PC_5,13215,9.931,19.8619995
419,5513,1,PC_5,13215,13:37,14:08,HED_E,3127,10.088,20.1809998
420,5513,2,HED_D,3127,13:50,14:17,PC_5,13215,9.931,19.8619995
421,5513,1,PC_5,13215,13:57,14:28,HED_E,3127,10.088,20.1809998
422,5513,2,HED_D,3127,14:10,14:37,PC_5,13215,9.931,19.8619995
423,5513,1,PC_5,13215,14:17,14:48,HED_E,3127,10.088,20.1809998
424,5513,2,HED_D,3127,14:30,14:57,PC_5,13215,9.931,19.8619995
425,5513,1,PC_5,13215,14:37,15:08,HED_E,3127,10.088,20.1809998
426,5513,2,HED_D,3127,14:50,15:17,PC_5,13215,9.931,19.8619995
427,5513,1,PC_5,13215,14:57,15:28,HED_E,3127,10.088,20.1809998
428,5513,2,HED_D,3127,15:00,15:27,PC_5,13215,9.931,19.8619995
429,5513,2,HED_D,3127,15:00,15:27,PC_5,13215,9.931,19.8619995
430,5513,2,HED_D,3127,15:09,15:37,PC_5,13215,9.931,19.8619995
431,5513,1,PC_5,13215,15:17,15:48,HED_E,3127,10.088,20.1809998
432,5513,2,HED_D,3127,15:19,15:47,PC_5,13215,9.931,19.8619995
433,5513,2,HED_D,3127,15:29,15:57,PC_5,13215,9.931,19.8619995
434,5513,1,PC_5,13215,15:37,16:09,HED_E,3127,10.088,20.1809998
435,5513,2,HED_D,3127,15:39,16:07,PC_5,13215,9.931,19.8619995
436,5513,2,HED_D,3127,15:49,16:17,PC_5,13215,9.931,19.8619995
437,5513,2,HED_D,3127,15:49,16:17,PC_5,13215,9.931,19.8619995
438,5513,1,PC_5,13215,15:57,16:29,HED_E,3127,10.088,20.1809998
439,5513,2,HED_D,3127,15:58,16:27,PC_5,13215,9.931,19.8619995
440,5513,2,HED_D,3127,16:08,16:37,PC_5,13215,9.931,19.8619995
441,5513,2,HED_D,3127,16:08,16:37,PC_5,13215,9.931,19.8619995
442,5513,1,PC_5,13215,16:17,16:49,HED_E,3127,10.088,20.1809998
443,5513,2,HED_D,3127,16:18,16:47,PC_5,13215,9.931,19.8619995
444,5513,2,HED_D,3127,16:28,16:57,PC_5,13215,9.931,19.8619995
445,5513,1,PC_5,13215,16:37,17:08,HED_E,3127,10.088,20.1809998
446,5513,2,HED_D,3127,16:38,17:07,PC_5,13215,9.931,19.8619995
447,5513,2,HED_D,3127,16:50,17:17,PC_5,13215,9.931,19.8619995
448,5513,1,PC_5,13215,16:57,17:28,HED_E,3127,10.088,20.1809998
449,5513,2,HED_D,3127,17:00,17:27,PC_5,13215,9.931,19.8619995
450,5513,2,HED_D,3127,17:10,17:37,PC_5,13215,9.931,19.8619995
451,5513,1,PC_5,13215,17:17,17:48,HED_E,3127,10.088,20.1809998
452,5513,2,HED_D,3127,17:20,17:47,PC_5,13215,9.931,19.8619995
453,5513,2,HED_D,3127,17:30,17:57,PC_5,13215,9.931,19.8619995
454,5513,1,PC_5,13215,17:37,18:08,HED_E,3127,10.088,20.1809998
455,5513,2,HED_D,3127,17:41,18:07,PC_5,13215,9.931,19.8619995
456,5513,2,HED_D,3127,17:52,18:17,PC_5,13215,9.931,19.8619995
457,5513,1,PC_5,13215,17:57,18:28,HED_E,3127,10.088,20.1809998
458,5513,2,HED_D,3127,18:12,18:37,PC_5,13215,9.931,19.8619995
459,5513,1,PC_5,13215,18:17,18:47,HED_E,3127,10.088,20.1809998
460,5513,2,HED_D,3127,18:32,18:57,PC_5,13215,9.931,19.8619995
461,5513,1,PC_5,13215,18:37,19:07,HED_E,3127,10.088,20.1809998
462,5513,1,PC_5,13215,18:57,19:26,HED_E,3127,10.088,20.1809998
463,5513,2,HED_D,3127,19:03,19:27,PC_5,13215,9.931,19.8619995
464,5513,1,PC_5,13215,19:27,19:56,HED_E,3127,10.088,20.1809998
465,5513,2,HED_D,3127,19:33,19:57,PC_5,13215,9.931,19.8619995
466,5513,1,PC_5,13215,19:57,20:25,HED_E,3127,10.088,20.1809998
467,5513,2,HED_D,3127,20:03,20:27,PC_5,13215,9.931,19.8619995
468,5513,1,PC_5,13215,20:27,20:55,HED_E,3127,10.088,20.1809998
469,5513,2,HED_D,3127,20:33,20:57,PC_5,13215,9.931,19.8619995
470,5513,1,PC_5,13215,20:57,21:25,HED_E,3127,10.088,20.1809998
471,5513,2,HED_D,3127,21:03,21:27,PC_5,13215,9.931,19.8619995
472,5513,1,PC_5,13215,21:27,21:55,HED_E,3127,10.088,20.1809998
473,5513,2,HED_D,3127,21:33,21:57,PC_5,13215,9.931,19.8619995
474,5513,1,PC_5,13215,21:57,22:25,HED_E,3127,10.088,20.1809998
475,5513,2,HED_D,3127,22:03,22:27,PC_5,13215,9.931,19.8619995
476,5513,1,PC_5,13215,22:27,22:55,HED_E,3127,10.088,20.1809998
477,5513,2,HED_D,3127,22:34,22:57,PC_5,13215,9.931,19.8619995
478,5513,1,PC_5,13215,22:57,23:25,HED_E,3127,10.088,20.1809998
479,5513,2,HED_D,3127,23:04,23:27,PC_5,13215,9.931,19.8619995
480,5513,1,PC_5,13215,23:27,23:55,HED_E,3127,10.088,20.1809998
481,5513,2,HED_D,3127,23:34,23:57,PC_5,13215,9.931,19.8619995
482,5513,1,PC_5,13215,23:57,24:24,HED_E,3127,10.088,20.1809998
483,5513,2,HED_D,3127,24:04,24:27,PC_5,13215,9.931,19.8619995
484,5513,1,PC_5,13215,24:27,24:53,HED_E,3127,10.088,20.1809998
485,5513,2,HED_D,3127,24:34,24:57,PC_5,13215,9.931,19.8619995
486,5513,1,PC_5,13215,24:57,25:23,HED_E,3127,10.088,20.1809998
487,5513,2,HED_D,3127,25:04,25:27,PC_5,13215,9.931,19.8619995
488,5513,1,PC_5,13215,25:27,25:45,6480,,8.132,16.2689991
489,5514,1,PC_6,13215,5:27,5:52,ÖS_J,7880,8.581,17.1669998
490,5514,2,ÖS_H,7880,5:34,5:57,PC_6,13215,8.205,16.4099998
491,5514,1,PC_6,13215,5:57,6:23,ÖS_J,7880,8.581,17.1669998
492,5514,2,ÖS_H,7880,6:04,6:27,PC_6,13215,8.205,16.4099998
493,5514,1,PC_6,13215,6:27,6:53,ÖS_J,7880,8.581,17.1669998
494,5514,2,ÖS_H,7880,6:34,6:57,PC_6,13215,8.205,16.4099998
495,5514,1,PC_6,13215,6:57,7:24,ÖS_J,7880,8.581,17.1669998
496,5514,2,ÖS_H,7880,7:04,7:27,PC_6,13215,8.205,16.4099998
497,5514,1,PC_6,13215,7:27,7:54,ÖS_J,7880,8.581,17.1669998
498,5514,2,ÖS_H,7880,7:34,7:57,PC_6,13215,8.205,16.4099998
499,5514,1,PC_6,13215,7:57,8:24,ÖS_J,7880,8.581,17.1669998
500,5514,2,ÖS_H,7880,8:04,8:27,PC_6,13215,8.205,16.4099998
501,5514,1,PC_6,13215,8:27,8:54,ÖS_J,7880,8.581,17.1669998
502,5514,2,ÖS_H,7880,8:34,8:57,PC_6,13215,8.205,16.4099998
503,5514,1,PC_6,13215,8:57,9:23,ÖS_J,7880,8.581,17.1669998
504,5514,2,ÖS_H,7880,9:05,9:27,PC_6,13215,8.205,16.4099998
505,5514,1,PC_6,13215,9:27,9:53,ÖS_J,7880,8.581,17.1669998
506,5514,1,PC_6,13215,9:27,9:53,ÖS_J,7880,8.581,17.1669998
507,5514,2,ÖS_H,7880,9:35,9:57,PC_6,13215,8.205,16.4099998
508,5514,1,PC_6,13215,9:57,10:23,ÖS_J,7880,8.581,17.1669998
509,5514,2,ÖS_H,7880,10:05,10:27,PC_6,13215,8.205,16.4099998
510,5514,2,ÖS_H,7880,10:05,10:27,PC_6,13215,8.205,16.4099998
511,5514,1,PC_6,13215,10:27,10:53,ÖS_J,7880,8.581,17.1669998
512,5514,2,ÖS_H,7880,10:35,10:57,PC_6,13215,8.205,16.4099998
513,5514,1,PC_6,13215,10:57,11:23,ÖS_J,7880,8.581,17.1669998
514,5514,1,PC_6,13215,10:57,11:23,ÖS_J,7880,8.581,17.1669998
515,5514,2,ÖS_H,7880,11:05,11:27,PC_6,13215,8.205,16.4099998
516,5514,1,PC_6,13215,11:27,11:53,ÖS_J,7880,8.581,17.1669998
517,5514,2,ÖS_H,7880,11:35,11:57,PC_6,13215,8.205,16.4099998
518,5514,2,ÖS_H,7880,11:35,11:57,PC_6,13215,8.205,16.4099998
519,5514,1,PC_6,13215,11:57,12:23,ÖS_J,7880,8.581,17.1669998
520,5514,2,ÖS_H,7880,12:05,12:27,PC_6,13215,8.205,16.4099998
521,5514,1,PC_6,13215,12:27,12:53,ÖS_J,7880,8.581,17.1669998
522,5514,2,ÖS_H,7880,12:35,12:57,PC_6,13215,8.205,16.4099998
523,5514,1,PC_6,13215,12:57,13:23,ÖS_J,7880,8.581,17.1669998
524,5514,2,ÖS_H,7880,13:05,13:27,PC_6,13215,8.205,16.4099998
525,5514,1,PC_6,13215,13:27,13:53,ÖS_J,7880,8.581,17.1669998
526,5514,2,ÖS_H,7880,13:35,13:57,PC_6,13215,8.205,16.4099998
527,5514,1,PC_6,13215,13:57,14:24,ÖS_J,7880,8.581,17.1669998
528,5514,2,ÖS_H,7880,14:05,14:27,PC_6,13215,8.205,16.4099998
529,5514,1,PC_6,13215,14:27,14:54,ÖS_J,7880,8.581,17.1669998
530,5514,2,ÖS_H,7880,14:35,14:57,PC_6,13215,8.205,16.4099998
531,5514,1,PC_6,13215,14:57,15:24,ÖS_J,7880,8.581,17.1669998
532,5514,2,ÖS_H,7880,15:04,15:27,PC_6,13215,8.205,16.4099998
533,5514,1,PC_6,13215,15:27,15:54,ÖS_J,7880,8.581,17.1669998
534,5514,2,ÖS_H,7880,15:34,15:57,PC_6,13215,8.205,16.4099998
535,5514,1,PC_6,13215,15:57,16:24,ÖS_J,7880,8.581,17.1669998
536,5514,2,ÖS_H,7880,16:04,16:27,PC_6,13215,8.205,16.4099998
537,5514,1,PC_6,13215,16:27,16:54,ÖS_J,7880,8.581,17.1669998
538,5514,2,ÖS_H,7880,16:34,16:57,PC_6,13215,8.205,16.4099998
539,5514,1,PC_6,13215,16:57,17:24,ÖS_J,7880,8.581,17.1669998
540,5514,2,ÖS_H,7880,17:04,17:27,PC_6,13215,8.205,16.4099998
541,5514,1,PC_6,13215,17:27,17:54,ÖS_J,7880,8.581,17.1669998
542,5514,2,ÖS_H,7880,17:34,17:57,PC_6,13215,8.205,16.4099998
543,5514,1,PC_6,13215,17:57,18:23,ÖS_J,7880,8.581,17.1669998
544,5514,2,ÖS_H,7880,18:05,18:27,PC_6,13215,8.205,16.4099998
545,5514,1,PC_6,13215,18:27,18:53,ÖS_J,7880,8.581,17.1669998
546,5514,2,ÖS_H,7880,18:35,18:57,PC_6,13215,8.205,16.4099998
547,5514,1,PC_6,13215,18:57,19:23,ÖS_J,7880,8.581,17.1669998
548,5514,2,ÖS_H,7880,19:05,19:27,PC_6,13215,8.205,16.4099998
549,5514,1,PC_6,13215,19:27,19:53,ÖS_J,7880,8.581,17.1669998
550,5514,2,ÖS_H,7880,19:36,19:57,PC_6,13215,8.205,16.4099998
551,5514,1,PC_6,13215,19:57,20:22,ÖS_J,7880,8.581,17.1669998
552,5514,2,ÖS_H,7880,20:06,20:27,PC_6,13215,8.205,16.4099998
553,5514,1,PC_6,13215,20:27,20:52,ÖS_J,7880,8.581,17.1669998
554,5514,2,ÖS_H,7880,20:36,20:57,PC_6,13215,8.205,16.4099998
555,5514,1,PC_6,13215,20:57,21:22,ÖS_J,7880,8.581,17.1669998
556,5514,2,ÖS_H,7880,21:06,21:27,PC_6,13215,8.205,16.4099998
557,5514,1,PC_6,13215,21:27,21:52,ÖS_J,7880,8.581,17.1669998
558,5514,2,ÖS_H,7880,21:36,21:57,PC_6,13215,8.205,16.4099998
559,5514,1,PC_6,13215,21:57,22:22,ÖS_J,7880,8.581,17.1669998
560,5514,2,ÖS_H,7880,22:06,22:27,PC_6,13215,8.205,16.4099998
561,5514,1,PC_6,13215,22:27,22:52,ÖS_J,7880,8.581,17.1669998
562,5514,2,ÖS_H,7880,22:36,22:57,PC_6,13215,8.205,16.4099998
563,5514,1,PC_6,13215,22:57,23:22,ÖS_J,7880,8.581,17.1669998
564,5514,2,ÖS_H,7880,23:06,23:27,PC_6,13215,8.205,16.4099998
565,5514,1,PC_6,13215,23:27,23:52,ÖS_J,7880,8.581,17.1669998
566,5514,2,ÖS_H,7880,23:36,23:57,PC_6,13215,8.205,16.4099998
567,5514,1,PC_6,13215,23:57,24:22,ÖS_J,7880,8.581,17.1669998
568,5514,2,ÖS_H,7880,24:06,24:27,PC_6,13215,8.205,16.4099998
569,5515,1,PC_7,13215,4:45,5:06,GMV_G,7581,9.319,18.6380005
570,5515,2,GMV_H,7581,4:48,5:12,PC_7,13215,9.153,18.3059998
571,5515,1,PC_7,13215,5:15,5:36,GMV_G,7581,9.319,18.6380005
572,5515,2,GMV_H,7581,5:18,5:42,PC_7,13215,9.153,18.3059998
573,5515,2,GMV_H,7581,5:43,6:07,PC_7,13215,9.153,18.3059998
574,5515,1,PC_7,13215,5:45,6:06,GMV_G,7581,9.319,18.6380005
575,5515,2,GMV_H,7581,6:03,6:27,PC_7,13215,9.153,18.3059998
576,5515,1,PC_7,13215,6:10,6:31,GMV_G,7581,9.319,18.6380005
577,5515,2,GMV_H,7581,6:23,6:47,PC_7,13215,9.153,18.3059998
578,5515,1,PC_7,13215,6:30,6:54,GMV_G,7581,9.319,18.6380005
579,5515,1,PC_7,13215,6:30,6:54,GMV_G,7581,9.319,18.6380005
580,5515,2,GMV_H,7581,6:43,7:07,PC_7,13215,9.153,18.3059998
581,5515,1,PC_7,13215,6:50,7:14,GMV_G,7581,9.319,18.6380005
582,5515,2,GMV_H,7581,7:00,7:27,PC_7,13215,9.153,18.3059998
583,5515,2,GMV_H,7581,7:00,7:27,PC_7,13215,9.153,18.3059998
584,5515,1,PC_7,13215,7:10,7:34,GMV_G,7581,9.319,18.6380005
585,5515,2,GMV_H,7581,7:20,7:47,PC_7,13215,9.153,18.3059998
586,5515,1,PC_7,13215,7:30,7:54,GMV_G,7581,9.319,18.6380005
587,5515,2,GMV_H,7581,7:40,8:07,PC_7,13215,9.153,18.3059998
588,5515,1,PC_7,13215,7:50,8:14,GMV_G,7581,9.319,18.6380005
589,5515,2,GMV_H,7581,8:00,8:27,PC_7,13215,9.153,18.3059998
590,5515,1,PC_7,13215,8:10,8:34,GMV_G,7581,9.319,18.6380005
591,5515,2,GMV_H,7581,8:20,8:47,PC_7,13215,9.153,18.3059998
592,5515,1,PC_7,13215,8:30,8:54,GMV_G,7581,9.319,18.6380005
593,5515,1,PC_7,13215,8:30,8:54,GMV_G,7581,9.319,18.6380005
594,5515,2,GMV_H,7581,8:40,9:07,PC_7,13215,9.153,18.3059998
595,5515,1,PC_7,13215,8:50,9:14,GMV_G,7581,9.319,18.6380005
596,5515,2,GMV_H,7581,9:02,9:27,PC_7,13215,9.153,18.3059998
597,5515,2,GMV_H,7581,9:02,9:27,PC_7,13215,9.153,18.3059998
598,5515,1,PC_7,13215,9:10,9:34,GMV_G,7581,9.319,18.6380005
599,5515,2,GMV_H,7581,9:22,9:47,PC_7,13215,9.153,18.3059998
600,5515,1,PC_7,13215,9:30,9:54,GMV_G,7581,9.319,18.6380005
601,5515,2,GMV_H,7581,9:42,10:07,PC_7,13215,9.153,18.3059998
602,5515,1,PC_7,13215,9:50,10:14,GMV_G,7581,9.319,18.6380005
603,5515,2,GMV_H,7581,10:02,10:27,PC_7,13215,9.153,18.3059998
604,5515,1,PC_7,13215,10:10,10:34,GMV_G,7581,9.319,18.6380005
605,5515,2,GMV_H,7581,10:22,10:47,PC_7,13215,9.153,18.3059998
606,5515,1,PC_7,13215,10:30,10:54,GMV_G,7581,9.319,18.6380005
607,5515,2,GMV_H,7581,10:42,11:07,PC_7,13215,9.153,18.3059998
608,5515,1,PC_7,13215,10:50,11:14,GMV_G,7581,9.319,18.6380005
609,5515,2,GMV_H,7581,11:02,11:27,PC_7,13215,9.153,18.3059998
610,5515,1,PC_7,13215,11:10,11:34,GMV_G,7581,9.319,18.6380005
611,5515,1,PC_7,13215,11:10,11:34,GMV_G,7581,9.319,18.6380005
612,5515,2,GMV_H,7581,11:22,11:47,PC_7,13215,9.153,18.3059998
613,5515,1,PC_7,13215,11:30,11:54,GMV_G,7581,9.319,18.6380005
614,5515,2,GMV_H,7581,11:42,12:07,PC_7,13215,9.153,18.3059998
615,5515,2,GMV_H,7581,11:42,12:07,PC_7,13215,9.153,18.3059998
616,5515,1,PC_7,13215,11:50,12:14,GMV_G,7581,9.319,18.6380005
617,5515,2,GMV_H,7581,12:02,12:27,PC_7,13215,9.153,18.3059998
618,5515,1,PC_7,13215,12:10,12:34,GMV_G,7581,9.319,18.6380005
619,5515,1,PC_7,13215,12:10,12:34,GMV_G,7581,9.319,18.6380005
620,5515,2,GMV_H,7581,12:22,12:47,PC_7,13215,9.153,18.3059998
621,5515,1,PC_7,13215,12:30,12:54,GMV_G,7581,9.319,18.6380005
622,5515,2,GMV_H,7581,12:42,13:07,PC_7,13215,9.153,18.3059998
623,5515,2,GMV_H,7581,12:42,13:07,PC_7,13215,9.153,18.3059998
624,5515,1,PC_7,13215,12:50,13:14,GMV_G,7581,9.319,18.6380005
625,5515,2,GMV_H,7581,13:02,13:27,PC_7,13215,9.153,18.3059998
626,5515,1,PC_7,13215,13:10,13:34,GMV_G,7581,9.319,18.6380005
627,5515,2,GMV_H,7581,13:22,13:47,PC_7,13215,9.153,18.3059998
628,5515,1,PC_7,13215,13:30,13:55,GMV_G,7581,9.319,18.6380005
629,5515,2,GMV_H,7581,13:42,14:07,PC_7,13215,9.153,18.3059998
630,5515,1,PC_7,13215,13:50,14:15,GMV_G,7581,9.319,18.6380005
631,5515,2,GMV_H,7581,14:02,14:27,PC_7,13215,9.153,18.3059998
632,5515,1,PC_7,13215,14:10,14:35,GMV_G,7581,9.319,18.6380005
633,5515,2,GMV_H,7581,14:22,14:47,PC_7,13215,9.153,18.3059998
634,5515,1,PC_7,13215,14:30,14:56,GMV_G,7581,9.319,18.6380005
635,5515,2,GMV_H,7581,14:42,15:07,PC_7,13215,9.153,18.3059998
636,5515,1,PC_7,13215,14:50,15:15,GMV_G,7581,9.319,18.6380005
637,5515,2,GMV_H,7581,15:00,15:27,PC_7,13215,9.153,18.3059998
638,5515,1,PC_7,13215,15:10,15:35,GMV_G,7581,9.319,18.6380005
639,5515,2,GMV_H,7581,15:20,15:47,PC_7,13215,9.153,18.3059998
640,5515,1,PC_7,13215,15:30,15:56,GMV_G,7581,9.319,18.6380005
641,5515,2,GMV_H,7581,15:40,16:07,PC_7,13215,9.153,18.3059998
642,5515,1,PC_7,13215,15:50,16:16,GMV_G,7581,9.319,18.6380005
643,5515,2,GMV_H,7581,16:00,16:27,PC_7,13215,9.153,18.3059998
644,5515,1,PC_7,13215,16:10,16:36,GMV_G,7581,9.319,18.6380005
645,5515,2,GMV_H,7581,16:20,16:47,PC_7,13215,9.153,18.3059998
646,5515,1,PC_7,13215,16:30,16:56,GMV_G,7581,9.319,18.6380005
647,5515,2,GMV_H,7581,16:40,17:07,PC_7,13215,9.153,18.3059998
648,5515,1,PC_7,13215,16:50,17:16,GMV_G,7581,9.319,18.6380005
649,5515,2,GMV_H,7581,17:00,17:27,PC_7,13215,9.153,18.3059998
650,5515,1,PC_7,13215,17:10,17:36,GMV_G,7581,9.319,18.6380005
651,5515,2,GMV_H,7581,17:20,17:47,PC_7,13215,9.153,18.3059998
652,5515,1,PC_7,13215,17:30,17:56,GMV_G,7581,9.319,18.6380005
653,5515,2,GMV_H,7581,17:40,18:07,PC_7,13215,9.153,18.3059998
654,5515,1,PC_7,13215,17:50,18:14,GMV_G,7581,9.319,18.6380005
655,5515,2,GMV_H,7581,18:02,18:27,PC_7,13215,9.153,18.3059998
656,5515,1,PC_7,13215,18:10,18:34,GMV_G,7581,9.319,18.6380005
657,5515,2,GMV_H,7581,18:22,18:47,PC_7,13215,9.153,18.3059998
658,5515,1,PC_7,13215,18:30,18:53,GMV_G,7581,9.319,18.6380005
659,5515,1,PC_7,13215,18:30,18:53,GMV_G,7581,9.319,18.6380005
660,5515,2,GMV_H,7581,18:47,19:12,PC_7,13215,9.153,18.3059998
661,5515,1,PC_7,13215,18:50,19:13,GMV_G,7581,9.319,18.6380005
662,5515,1,PC_7,13215,19:15,19:38,GMV_G,7581,9.319,18.6380005
663,5515,2,GMV_H,7581,19:17,19:42,PC_7,13215,9.153,18.3059998
664,5515,1,PC_7,13215,19:45,20:08,GMV_G,7581,9.319,18.6380005
665,5515,2,GMV_H,7581,19:47,20:12,PC_7,13215,9.153,18.3059998
666,5515,1,PC_7,13215,20:15,20:38,GMV_G,7581,9.319,18.6380005
667,5515,2,GMV_H,7581,20:17,20:42,PC_7,13215,9.153,18.3059998
668,5515,1,PC_7,13215,20:45,21:07,GMV_G,7581,9.319,18.6380005
669,5515,2,GMV_H,7581,20:47,21:12,PC_7,13215,9.153,18.3059998
670,5515,1,PC_7,13215,21:15,21:36,GMV_G,7581,9.319,18.6380005
671,5515,2,GMV_H,7581,21:17,21:42,PC_7,13215,9.153,18.3059998
672,5515,1,PC_7,13215,21:45,22:06,GMV_G,7581,9.319,18.6380005
673,5515,2,GMV_H,7581,21:48,22:12,PC_7,13215,9.153,18.3059998
674,5515,1,PC_7,13215,22:15,22:36,GMV_G,7581,9.319,18.6380005
675,5515,2,GMV_H,7581,22:18,22:42,PC_7,13215,9.153,18.3059998
676,5515,1,PC_7,13215,22:45,23:06,GMV_G,7581,9.319,18.6380005
677,5515,2,GMV_H,7581,22:48,23:12,PC_7,13215,9.153,18.3059998
678,5515,1,PC_7,13215,23:15,23:36,GMV_G,7581,9.319,18.6380005
679,5515,2,GMV_H,7581,23:18,23:42,PC_7,13215,9.153,18.3059998
680,5515,1,PC_7,13215,23:45,24:06,GMV_G,7581,9.319,18.6380005
681,5515,2,GMV_H,7581,23:48,24:12,PC_7,13215,9.153,18.3059998
682,5515,1,PC_7,13215,24:15,24:29,ÖS_J,7880,5.845,11.6899996
683,5515,2,ÖS_H,7880,24:36,24:57,PC_6,13215,7.642,15.2840004
684,5515,1,PC_6,13215,25:00,25:19,ÖS_J,7880,8.119,16.2380009
685,5517,1,13329,,5:17,5:27,PC_3,13215,4.645,9.28999996
686,5517,2,PC_3,13215,5:27,5:43,13329,,4.783,9.5710001
687,5517,1,13329,,5:47,5:57,PC_3,13215,4.645,9.28999996
688,5517,2,PC_3,13215,5:57,6:13,13329,,4.783,9.5710001
689,5517,1,13329,,6:15,6:27,PC_3,13215,4.645,9.28999996
690,5517,2,PC_3,13215,6:27,6:43,13329,,4.783,9.5710001
691,5517,1,13329,,6:45,6:57,PC_3,13215,4.645,9.28999996
692,5517,2,PC_3,13215,6:57,7:13,13329,,4.783,9.5710001
693,5517,1,13329,,7:15,7:27,PC_3,13215,4.645,9.28999996
694,5517,2,PC_3,13215,7:27,7:43,13329,,4.783,9.5710001
695,5517,1,13329,,7:45,7:57,PC_3,13215,4.645,9.28999996
696,5517,2,PC_3,13215,7:57,8:13,13329,,4.783,9.5710001
697,5517,1,13329,,8:15,8:27,PC_3,13215,4.645,9.28999996
698,5517,2,PC_3,13215,8:27,8:43,13329,,4.783,9.5710001
699,5517,1,13329,,8:45,8:57,PC_3,13215,4.645,9.28999996
700,5517,2,PC_3,13215,8:57,9:13,13329,,4.783,9.5710001
701,5517,1,13329,,9:15,9:27,PC_3,13215,4.645,9.28999996
702,5517,2,PC_3,13215,9:27,9:43,13329,,4.783,9.5710001
703,5517,1,13329,,9:45,9:57,PC_3,13215,4.645,9.28999996
704,5517,2,PC_3,13215,9:57,10:13,13329,,4.783,9.5710001
705,5517,1,13329,,10:15,10:27,PC_3,13215,4.645,9.28999996
706,5517,2,PC_3,13215,10:27,10:43,13329,,4.783,9.5710001
707,5517,2,PC_3,13215,10:27,10:43,13329,,4.783,9.5710001
708,5517,1,13329,,10:45,10:57,PC_3,13215,4.645,9.28999996
709,5517,1,13329,,10:45,10:57,PC_3,13215,4.645,9.28999996
710,5517,2,PC_3,13215,10:57,11:13,13329,,4.783,9.5710001
711,5517,1,13329,,11:15,11:27,PC_3,13215,4.645,9.28999996
712,5517,2,PC_3,13215,11:27,11:43,13329,,4.783,9.5710001
713,5517,1,13329,,11:45,11:57,PC_3,13215,4.645,9.28999996
714,5517,2,PC_3,13215,11:57,12:13,13329,,4.783,9.5710001
715,5517,1,13329,,12:15,12:27,PC_3,13215,4.645,9.28999996
716,5517,2,PC_3,13215,12:27,12:43,13329,,4.783,9.5710001
717,5517,1,13329,,12:45,12:57,PC_3,13215,4.645,9.28999996
718,5517,2,PC_3,13215,12:57,13:13,13329,,4.783,9.5710001
719,5517,1,13329,,13:15,13:27,PC_3,13215,4.645,9.28999996
720,5517,2,PC_3,13215,13:27,13:43,13329,,4.783,9.5710001
721,5517,1,13329,,13:45,13:57,ƒ1,13215,4.645,9.28999996
722,5517,2,PC_3,13215,13:57,14:13,13329,,4.783,9.5710001
723,5517,1,13329,,14:15,14:27,PC_3,13215,4.645,9.28999996
724,5517,2,PC_3,13215,14:27,14:43,13329,,4.783,9.5710001
725,5517,1,13329,,14:45,14:57,PC_3,13215,4.645,9.28999996
726,5517,2,PC_3,13215,14:57,15:13,13329,,4.783,9.5710001
727,5517,1,13329,,15:15,15:27,PC_3,13215,4.645,9.28999996
728,5517,2,PC_3,13215,15:27,15:43,13329,,4.783,9.5710001
729,5517,1,13329,,15:45,15:57,PC_3,13215,4.645,9.28999996
730,5517,2,PC_3,13215,15:57,16:13,13329,,4.783,9.5710001
731,5517,1,13329,,16:15,16:27,PC_3,13215,4.645,9.28999996
732,5517,2,PC_3,13215,16:27,16:43,13329,,4.783,9.5710001
733,5517,1,13329,,16:45,16:57,PC_3,13215,4.645,9.28999996
734,5517,2,PC_3,13215,16:57,17:13,13329,,4.783,9.5710001
735,5517,1,13329,,17:15,17:27,PC_3,13215,4.645,9.28999996
736,5517,2,PC_3,13215,17:27,17:43,13329,,4.783,9.5710001
737,5517,1,13329,,17:45,17:57,PC_3,13215,4.645,9.28999996
738,5517,2,PC_3,13215,17:57,18:13,13329,,4.783,9.5710001
739,5517,2,PC_3,13215,17:57,18:13,13329,,4.783,9.5710001
740,5517,1,13329,,18:16,18:27,PC_3,13215,4.645,9.28999996
741,5517,1,13329,,18:16,18:27,PC_3,13215,4.645,9.28999996
742,5517,2,PC_3,13215,18:27,18:43,13329,,4.783,9.5710001
743,5517,1,13329,,18:46,18:57,PC_3,13215,4.645,9.28999996
744,5517,2,PC_3,13215,18:57,19:13,13329,,4.783,9.5710001
745,5517,1,13329,,19:16,19:27,PC_3,13215,4.645,9.28999996
746,5517,2,PC_3,13215,19:27,19:43,13329,,4.783,9.5710001
747,5517,1,13329,,19:46,19:57,PC_3,13215,4.645,9.28999996
748,5517,2,PC_3,13215,19:57,20:13,13329,,4.783,9.5710001
749,5517,1,13329,,20:16,20:27,PC_3,13215,4.645,9.28999996
750,5517,2,PC_3,13215,20:27,20:43,13329,,4.783,9.5710001
751,5517,1,13329,,20:46,20:57,PC_3,13215,4.645,9.28999996
752,5517,2,PC_3,13215,20:57,21:13,13329,,4.783,9.5710001
753,5517,1,13329,,21:16,21:27,PC_3,13215,4.645,9.28999996
754,5517,2,PC_3,13215,21:27,21:43,13329,,4.783,9.5710001
755,5517,1,13329,,21:46,21:57,PC_3,13215,4.645,9.28999996
756,5517,2,PC_3,13215,21:57,22:13,13329,,4.783,9.5710001
757,5517,1,13329,,22:16,22:27,PC_3,13215,4.645,9.28999996
758,5517,2,PC_3,13215,22:27,22:43,13329,,4.783,9.5710001
759,5517,1,13329,,22:46,22:57,PC_3,13215,4.645,9.28999996
760,5517,2,PC_3,13215,22:57,23:13,13329,,4.783,9.5710001
761,5517,1,13329,,23:16,23:27,PC_3,13215,4.645,9.28999996
762,5517,2,PC_3,13215,23:27,23:43,13329,,4.783,9.5710001
763,5517,1,13329,,23:46,23:57,PC_3,13215,4.645,9.28999996
764,5517,2,PC_3,13215,23:57,24:13,13329,,4.783,9.5710001
765,5517,1,13329,,24:16,24:27,PC_3,13215,4.645,9.28999996
766,5517,2,PC_3,13215,24:27,24:43,13329,,4.783,9.5710001
767,5517,2,PC_3,13215,24:57,25:13,13329,,4.783,9.5710001
768,5517,1,13329,,25:16,25:27,PC_3,13215,4.645,9.28999996
769,5518,1,JON_A,13410,4:45,4:57,PC_7,13215,5.133,10.2659998
770,5518,1,JON_A,13410,5:15,5:27,PC_7,13215,5.133,10.2659998
771,5518,2,PC_7,13215,5:27,5:44,JON_B,13410,5.137,10.2790003
772,5518,1,JON_A,13410,5:45,5:57,PC_7,13215,5.133,10.2659998
773,5518,2,PC_7,13215,5:57,6:14,JON_B,13410,5.137,10.2790003
774,5518,1,JON_A,13410,6:05,6:17,PC_7,13215,5.133,10.2659998
775,5518,2,PC_7,13215,6:17,6:34,JON_B,13410,5.137,10.2790003
776,5518,1,JON_A,13410,6:25,6:37,PC_7,13215,5.133,10.2659998
777,5518,2,PC_7,13215,6:37,6:54,JON_B,13410,5.137,10.2790003
778,5518,1,JON_A,13410,6:45,6:57,PC_7,13215,5.133,10.2659998
779,5518,2,PC_7,13215,6:57,7:14,JON_B,13410,5.137,10.2790003
780,5518,1,JON_A,13410,7:05,7:17,PC_7,13215,5.133,10.2659998
781,5518,2,PC_7,13215,7:17,7:34,JON_B,13410,5.137,10.2790003
782,5518,1,13311,,7:21,7:27,PC_7,13215,1.938,3.87599993
783,5518,1,JON_A,13410,7:25,7:37,PC_7,13215,5.133,10.2659998
784,5518,2,PC_7,13215,7:37,7:54,JON_B,13410,5.137,10.2790003
785,5518,1,13311,,7:41,7:47,PC_7,13215,1.938,3.87599993
786,5518,1,JON_A,13410,7:45,7:57,PC_7,13215,5.133,10.2659998
787,5518,2,PC_7,13215,7:57,8:14,JON_B,13410,5.137,10.2790003
788,5518,1,JON_A,13410,8:05,8:17,PC_7,13215,5.133,10.2659998
789,5518,2,PC_7,13215,8:17,8:34,JON_B,13410,5.137,10.2790003
790,5518,1,JON_A,13410,8:25,8:37,PC_7,13215,5.133,10.2659998
791,5518,2,PC_7,13215,8:37,8:54,JON_B,13410,5.137,10.2790003
792,5518,1,JON_A,13410,8:45,8:57,PC_7,13215,5.133,10.2659998
793,5518,2,PC_7,13215,8:57,9:14,JON_B,13410,5.137,10.2790003
794,5518,1,JON_A,13410,9:05,9:17,PC_7,13215,5.133,10.2659998
795,5518,2,PC_7,13215,9:17,9:34,JON_B,13410,5.137,10.2790003
796,5518,1,JON_A,13410,9:25,9:37,PC_7,13215,5.133,10.2659998
797,5518,2,PC_7,13215,9:37,9:54,JON_B,13410,5.137,10.2790003
798,5518,1,JON_A,13410,9:45,9:57,PC_7,13215,5.133,10.2659998
799,5518,2,PC_7,13215,9:57,10:14,JON_B,13410,5.137,10.2790003
800,5518,1,JON_A,13410,10:05,10:17,PC_7,13215,5.133,10.2659998
801,5518,2,PC_7,13215,10:17,10:34,JON_B,13410,5.137,10.2790003
802,5518,1,JON_A,13410,10:25,10:37,PC_7,13215,5.133,10.2659998
803,5518,2,PC_7,13215,10:37,10:54,JON_B,13410,5.137,10.2790003
804,5518,1,JON_A,13410,10:45,10:57,PC_7,13215,5.133,10.2659998
805,5518,2,PC_7,13215,10:57,11:14,JON_B,13410,5.137,10.2790003
806,5518,1,JON_A,13410,11:05,11:17,PC_7,13215,5.133,10.2659998
807,5518,2,PC_7,13215,11:17,11:34,JON_B,13410,5.137,10.2790003
808,5518,1,JON_A,13410,11:25,11:37,PC_7,13215,5.133,10.2659998
809,5518,2,PC_7,13215,11:37,11:54,JON_B,13410,5.137,10.2790003
810,5518,1,JON_A,13410,11:45,11:57,PC_7,13215,5.133,10.2659998
811,5518,2,PC_7,13215,11:57,12:14,JON_B,13410,5.137,10.2790003
812,5518,1,JON_A,13410,12:05,12:17,PC_7,13215,5.133,10.2659998
813,5518,2,PC_7,13215,12:17,12:34,JON_B,13410,5.137,10.2790003
814,5518,1,JON_A,13410,12:25,12:37,PC_7,13215,5.133,10.2659998
815,5518,2,PC_7,13215,12:37,12:54,JON_B,13410,5.137,10.2790003
816,5518,1,JON_A,13410,12:45,12:57,PC_7,13215,5.133,10.2659998
817,5518,2,PC_7,13215,12:57,13:14,JON_B,13410,5.137,10.2790003
818,5518,1,JON_A,13410,13:05,13:17,PC_7,13215,5.133,10.2659998
819,5518,2,PC_7,13215,13:17,13:34,JON_B,13410,5.137,10.2790003
820,5518,1,JON_A,13410,13:25,13:37,PC_7,13215,5.133,10.2659998
821,5518,2,PC_7,13215,13:37,13:54,JON_B,13410,5.137,10.2790003
822,5518,1,JON_A,13410,13:45,13:57,PC_7,13215,5.133,10.2659998
823,5518,2,PC_7,13215,13:57,14:14,JON_B,13410,5.137,10.2790003
824,5518,1,JON_A,13410,14:05,14:17,PC_7,13215,5.133,10.2659998
825,5518,2,PC_7,13215,14:17,14:34,JON_B,13410,5.137,10.2790003
826,5518,1,JON_A,13410,14:25,14:37,PC_7,13215,5.133,10.2659998
827,5518,2,PC_7,13215,14:37,14:54,JON_B,13410,5.137,10.2790003
828,5518,1,JON_A,13410,14:45,14:57,PC_7,13215,5.133,10.2659998
829,5518,2,PC_7,13215,14:57,15:14,JON_B,13410,5.137,10.2790003
830,5518,1,JON_A,13410,15:05,15:17,PC_7,13215,5.133,10.2659998
831,5518,2,PC_7,13215,15:17,15:34,JON_B,13410,5.137,10.2790003
832,5518,1,JON_A,13410,15:25,15:37,PC_7,13215,5.133,10.2659998
833,5518,2,PC_7,13215,15:37,15:54,JON_B,13410,5.137,10.2790003
834,5518,1,JON_A,13410,15:45,15:57,PC_7,13215,5.133,10.2659998
835,5518,2,PC_7,13215,15:57,16:14,JON_B,13410,5.137,10.2790003
836,5518,1,JON_A,13410,16:05,16:17,PC_7,13215,5.133,10.2659998
837,5518,2,PC_7,13215,16:17,16:34,JON_B,13410,5.137,10.2790003
838,5518,1,JON_A,13410,16:25,16:37,PC_7,13215,5.133,10.2659998
839,5518,2,PC_7,13215,16:37,16:54,JON_B,13410,5.137,10.2790003
840,5518,1,JON_A,13410,16:45,16:57,PC_7,13215,5.133,10.2659998
841,5518,2,PC_7,13215,16:57,17:14,JON_B,13410,5.137,10.2790003
842,5518,1,JON_A,13410,17:05,17:17,PC_7,13215,5.133,10.2659998
843,5518,2,PC_7,13215,17:17,17:34,JON_B,13410,5.137,10.2790003
844,5518,1,JON_A,13410,17:25,17:37,PC_7,13215,5.133,10.2659998
845,5518,2,PC_7,13215,17:37,17:54,JON_B,13410,5.137,10.2790003
846,5518,1,JON_A,13410,17:45,17:57,PC_7,13215,5.133,10.2659998
847,5518,2,PC_7,13215,17:57,18:14,JON_B,13410,5.137,10.2790003
848,5518,1,JON_A,13410,18:05,18:17,PC_7,13215,5.133,10.2659998
849,5518,2,PC_7,13215,18:17,18:34,JON_B,13410,5.137,10.2790003
850,5518,1,JON_A,13410,18:25,18:37,PC_7,13215,5.133,10.2659998
851,5518,2,PC_7,13215,18:37,18:54,JON_B,13410,5.137,10.2790003
852,5518,1,JON_A,13410,18:45,18:57,PC_7,13215,5.133,10.2659998
853,5518,2,PC_7,13215,18:57,19:14,JON_B,13410,5.137,10.2790003
854,5518,1,JON_A,13410,19:15,19:27,PC_7,13215,5.133,10.2659998
855,5518,2,PC_7,13215,19:27,19:44,JON_B,13410,5.137,10.2790003
856,5518,1,JON_A,13410,19:45,19:57,PC_7,13215,5.133,10.2659998
857,5518,2,PC_7,13215,19:57,20:14,JON_B,13410,5.137,10.2790003
858,5518,1,JON_A,13410,20:15,20:27,PC_7,13215,5.133,10.2659998
859,5518,2,PC_7,13215,20:27,20:44,JON_B,13410,5.137,10.2790003
860,5518,1,JON_A,13410,20:45,20:57,PC_7,13215,5.133,10.2659998
861,5518,2,PC_7,13215,20:57,21:14,JON_B,13410,5.137,10.2790003
862,5518,1,JON_A,13410,21:15,21:27,PC_7,13215,5.133,10.2659998
863,5518,2,PC_7,13215,21:27,21:44,JON_B,13410,5.137,10.2790003
864,5518,1,JON_A,13410,21:45,21:57,PC_7,13215,5.133,10.2659998
865,5518,2,PC_7,13215,21:57,22:14,JON_B,13410,5.137,10.2790003
866,5518,1,JON_A,13410,22:15,22:27,PC_7,13215,5.133,10.2659998
867,5518,2,PC_7,13215,22:27,22:44,JON_B,13410,5.137,10.2790003
868,5518,1,JON_A,13410,22:45,22:57,PC_7,13215,5.133,10.2659998
869,5518,2,PC_7,13215,22:57,23:14,JON_B,13410,5.137,10.2790003
870,5518,1,JON_A,13410,23:15,23:27,PC_7,13215,5.133,10.2659998
871,5518,2,PC_7,13215,23:27,23:44,JON_B,13410,5.137,10.2790003
872,5518,1,JON_A,13410,23:45,23:57,PC_7,13215,5.133,10.2659998
873,5518,2,PC_7,13215,23:57,24:14,JON_B,13410,5.137,10.2790003
874,5518,1,JON_A,13410,24:15,24:27,PC_7,13215,5.133,10.2659998
875,5518,2,PC_7,13215,24:27,24:44,JON_B,13410,5.137,10.2790003
876,5518,1,JON_A,13410,24:45,24:57,PC_7,13215,5.133,10.2659998
877,5518,2,PC_7,13215,24:57,25:14,JON_B,13410,5.137,10.2790003
878,5518,1,JON_A,13410,25:15,25:27,PC_7,13215,5.133,10.2659998
879,5518,2,PC_7,13215,25:27,25:44,JON_B,13410,5.137,10.2790003
880,5519,1,JON_A,13410,4:59,5:12,PC_9,13215,6.171,12.342
881,5519,1,JON_A,13410,5:29,5:42,PC_9,13215,6.171,12.342
882,5519,2,PC_9,13215,5:42,5:57,JON_B,13410,6.191,12.3870001
883,5519,1,JON_A,13410,5:54,6:07,PC_9,13215,6.171,12.342
884,5519,2,PC_9,13215,6:07,6:22,JON_B,13410,6.191,12.3870001
885,5519,1,JON_A,13410,6:13,6:27,PC_9,13215,6.171,12.342
886,5519,1,JON_A,13410,6:13,6:27,PC_9,13215,6.171,12.342
887,5519,2,PC_9,13215,6:27,6:42,JON_B,13410,6.191,12.3870001
888,5519,1,JON_A,13410,6:33,6:47,PC_9,13215,6.171,12.342
889,5519,2,PC_9,13215,6:47,7:02,JON_B,13410,6.191,12.3870001
890,5519,1,JON_A,13410,6:53,7:07,PC_9,13215,6.171,12.342
891,5519,2,PC_9,13215,7:07,7:22,JON_B,13410,6.191,12.3870001
892,5519,1,JON_A,13410,7:13,7:27,PC_9,13215,6.171,12.342
893,5519,2,PC_9,13215,7:27,7:42,JON_B,13410,6.191,12.3870001
894,5519,1,JON_A,13410,7:33,7:47,PC_9,13215,6.171,12.342
895,5519,2,PC_9,13215,7:40,7:45,13722,,2.59,5.17999983
896,5519,1,13722,,7:47,7:52,PC_9,13215,2.518,5.03599977
897,5519,2,PC_9,13215,7:47,8:02,JON_B,13410,6.191,12.3870001
898,5519,1,JON_A,13410,7:53,8:07,PC_9,13215,6.171,12.342
899,5519,2,PC_9,13215,8:07,8:22,JON_B,13410,6.191,12.3870001
900,5519,1,JON_A,13410,8:13,8:27,PC_9,13215,6.171,12.342
901,5519,2,PC_9,13215,8:27,8:42,JON_B,13410,6.191,12.3870001
902,5519,1,JON_A,13410,8:33,8:47,PC_9,13215,6.171,12.342
903,5519,2,PC_9,13215,8:45,8:50,13722,,2.59,5.17999983
904,5519,2,PC_9,13215,8:47,9:02,JON_B,13410,6.191,12.3870001
905,5519,1,13722,,8:52,8:57,PC_9,13215,2.518,5.03599977
906,5519,1,JON_A,13410,9:03,9:17,PC_9,13215,6.171,12.342
907,5519,2,PC_9,13215,9:17,9:32,JON_B,13410,6.191,12.3870001
908,5519,1,JON_A,13410,9:34,9:47,PC_9,13215,6.171,12.342
909,5519,2,PC_9,13215,9:47,10:02,JON_B,13410,6.191,12.3870001
910,5519,1,JON_A,13410,10:04,10:17,PC_9,13215,6.171,12.342
911,5519,2,PC_9,13215,10:17,10:32,JON_B,13410,6.191,12.3870001
912,5519,1,JON_A,13410,10:34,10:47,PC_9,13215,6.171,12.342
913,5519,2,PC_9,13215,10:47,11:02,JON_B,13410,6.191,12.3870001
914,5519,1,JON_A,13410,11:04,11:17,PC_9,13215,6.171,12.342
915,5519,2,PC_9,13215,11:17,11:32,JON_B,13410,6.191,12.3870001
916,5519,1,JON_A,13410,11:34,11:47,PC_9,13215,6.171,12.342
917,5519,2,PC_9,13215,11:47,12:02,JON_B,13410,6.191,12.3870001
918,5519,1,JON_A,13410,12:04,12:17,PC_9,13215,6.171,12.342
919,5519,2,PC_9,13215,12:17,12:32,JON_B,13410,6.191,12.3870001
920,5519,1,JON_A,13410,12:34,12:47,PC_9,13215,6.171,12.342
921,5519,2,PC_9,13215,12:47,13:02,JON_B,13410,6.191,12.3870001
922,5519,1,JON_A,13410,12:54,13:07,PC_9,13215,6.171,12.342
923,5519,2,PC_9,13215,13:07,13:22,JON_B,13410,6.191,12.3870001
924,5519,1,JON_A,13410,13:14,13:27,PC_9,13215,6.171,12.342
925,5519,2,PC_9,13215,13:27,13:42,JON_B,13410,6.191,12.3870001
926,5519,1,JON_A,13410,13:34,13:47,PC_9,13215,6.171,12.342
927,5519,2,PC_9,13215,13:47,14:02,JON_B,13410,6.191,12.3870001
928,5519,1,JON_A,13410,13:54,14:07,PC_9,13215,6.171,12.342
929,5519,2,PC_9,13215,14:07,14:22,JON_B,13410,6.191,12.3870001
930,5519,1,13722,,14:07,14:12,PC_9,13215,2.518,5.03599977
931,5519,1,JON_A,13410,14:13,14:27,PC_9,13215,6.171,12.342
932,5519,2,PC_9,13215,14:27,14:44,JON_B,13410,6.191,12.3870001
933,5519,2,PC_9,13215,14:27,14:44,JON_B,13410,6.191,12.3870001
934,5519,1,JON_A,13410,14:33,14:47,PC_9,13215,6.171,12.342
935,5519,2,PC_9,13215,14:47,15:04,JON_B,13410,6.191,12.3870001
936,5519,1,JON_A,13410,14:53,15:07,PC_9,13215,6.171,12.342
937,5519,1,JON_A,13410,14:53,15:07,PC_9,13215,6.171,12.342
938,5519,2,PC_9,13215,15:07,15:24,JON_B,13410,6.191,12.3870001
939,5519,1,JON_A,13410,15:13,15:27,PC_9,13215,6.171,12.342
940,5519,2,PC_9,13215,15:27,15:44,JON_B,13410,6.191,12.3870001
941,5519,1,JON_A,13410,15:33,15:47,PC_9,13215,6.171,12.342
942,5519,2,PC_9,13215,15:47,16:04,JON_B,13410,6.191,12.3870001
943,5519,1,JON_A,13410,15:53,16:07,PC_9,13215,6.171,12.342
944,5519,2,PC_9,13215,16:07,16:24,JON_B,13410,6.191,12.3870001
945,5519,1,JON_A,13410,16:13,16:27,PC_9,13215,6.171,12.342
946,5519,2,PC_9,13215,16:27,16:44,JON_B,13410,6.191,12.3870001
947,5519,2,PC_9,13215,16:27,16:44,JON_B,13410,6.191,12.3870001
948,5519,1,JON_A,13410,16:33,16:47,PC_9,13215,6.171,12.342
949,5519,2,PC_9,13215,16:47,17:04,JON_B,13410,6.191,12.3870001
950,5519,1,JON_A,13410,16:53,17:07,PC_9,13215,6.171,12.342
951,5519,1,JON_A,13410,16:53,17:07,PC_9,13215,6.171,12.342
952,5519,2,PC_9,13215,17:07,17:24,JON_B,13410,6.191,12.3870001
953,5519,1,JON_A,13410,17:13,17:27,PC_9,13215,6.171,12.342
954,5519,2,PC_9,13215,17:27,17:44,JON_B,13410,6.191,12.3870001
955,5519,1,JON_A,13410,17:33,17:47,PC_9,13215,6.171,12.342
956,5519,2,PC_9,13215,17:47,18:04,JON_B,13410,6.191,12.3870001
957,5519,1,JON_A,13410,17:53,18:07,PC_9,13215,6.171,12.342
958,5519,2,PC_9,13215,18:07,18:22,JON_B,13410,6.191,12.3870001
959,5519,1,JON_A,13410,18:13,18:27,PC_9,13215,6.171,12.342
960,5519,2,PC_9,13215,18:27,18:42,JON_B,13410,6.191,12.3870001
961,5519,1,JON_A,13410,18:34,18:47,PC_9,13215,6.171,12.342
962,5519,2,PC_9,13215,18:47,19:02,JON_B,13410,6.191,12.3870001
963,5519,1,JON_A,13410,18:59,19:12,PC_9,13215,6.171,12.342
964,5519,2,PC_9,13215,19:12,19:27,JON_B,13410,6.191,12.3870001
965,5519,1,JON_A,13410,19:29,19:42,PC_9,13215,6.171,12.342
966,5519,2,PC_9,13215,19:42,19:57,JON_B,13410,6.191,12.3870001
967,5519,1,JON_A,13410,19:59,20:12,PC_9,13215,6.171,12.342
968,5519,2,PC_9,13215,20:12,20:27,JON_B,13410,6.191,12.3870001
969,5519,1,JON_A,13410,20:29,20:42,PC_9,13215,6.171,12.342
970,5519,2,PC_9,13215,20:42,20:57,JON_B,13410,6.191,12.3870001
971,5519,1,JON_A,13410,21:00,21:12,PC_9,13215,6.171,12.342
972,5519,2,PC_9,13215,21:12,21:27,JON_B,13410,6.191,12.3870001
973,5519,1,JON_A,13410,21:30,21:42,PC_9,13215,6.171,12.342
974,5519,2,PC_9,13215,21:42,21:57,JON_B,13410,6.191,12.3870001
975,5519,1,JON_A,13410,22:00,22:12,PC_9,13215,6.171,12.342
976,5519,2,PC_9,13215,22:12,22:27,JON_B,13410,6.191,12.3870001
977,5519,1,JON_A,13410,22:30,22:42,PC_9,13215,6.171,12.342
978,5519,2,PC_9,13215,22:42,22:57,JON_B,13410,6.191,12.3870001
979,5519,1,JON_A,13410,23:00,23:12,PC_9,13215,6.171,12.342
980,5519,2,PC_9,13215,23:12,23:27,JON_B,13410,6.191,12.3870001
981,5519,1,JON_A,13410,23:30,23:42,PC_9,13215,6.171,12.342
982,5519,2,PC_9,13215,23:42,23:57,JON_B,13410,6.191,12.3870001
983,5519,1,JON_A,13410,24:00,24:12,PC_9,13215,6.171,12.342
984,5519,2,PC_9,13215,24:27,24:42,JON_B,13410,6.191,12.3870001
985,5519,1,JON_A,13410,24:45,24:57,PC_9,13215,6.171,12.342
986,5519,2,PC_9,13215,25:27,25:42,JON_B,13410,6.191,12.3870001
