cell_id,target_fleet,representation_id,time_model,soc_step,block_min,L_model,L_model_certified,I_model,I_model_lower,I_model_upper,I_model_proven,I_model_method,I_pool,I_pool_lower,I_pool_upper,I_pool_proven,I_timed,timed_fleet_proven,representation_gap,lp_integrality_gap,pool_composition_gap,mip_search_gap,pool_columns,source_cg_certified,source_cg_stop_reason,source_cg_iterations,source_cg_wall_s,source_cg_peak_rss_mb,optimality_scope,physical_witness_valid,cg_status_sha256,phase2_sha256,mip_sha256,model_evidence
k02_s1,2,event_2p5_event5,event,2.5,5,1.9999999529999963,True,2,2,2,True,industrial_event_partition_sandwich,2,2,2,True,2,True,0,4.700000366675283e-08,0,0,9504,True,certified,523,297.3883872583974,451.95703125,full_pool_lexicographic,True,a6c43a77b7e974105de437c929a568d0a172c9dad71a35bfbcdc42050ac7e0b7,5750c436a7dbc8634a5c8aa750b38804c17acf761a37e1a7f49cc926e4ba976b,a9246d279e8b53b9dd359b91321dccf85991137df1b3bd4dadb1ae011719b32f,/tmp/evsp-event-uniform-envelope-c08df1a5277b/panel_a/model_witness/event/k02_s1/witness.json
k02_s1,2,uniform_10_10,uniform,10.0,10,2.2083332863333758,True,3,3,3,True,arcflow_integral_witness_sandwich,4,4,4,True,4,True,1,0.7916667136666242,1,0,2540,True,certified,221,20.081397689238656,220.88671875,full_pool_lexicographic,True,73e188cc959c1768afd9026b61c66f11e51d6cd511014c3205e29637094e7e58,91a992ccc74fa8dad1554ec41fde2d1113698a98156ef4649b032ac76c9f674b,7a54c01be2d182b0923db5fffc5e5922f0330fba373b3d225b4a965ab8dff3af,/tmp/evsp-event-uniform-envelope-c08df1a5277b/panel_a/arcflow/k02_s1/uniform_10_10/oracle.json
k02_s1,2,uniform_4_5,uniform,4.0,5,1.9999999530000285,True,2,2,2,True,arcflow_integral_witness_sandwich,3,3,3,True,3,True,0,4.699997147028512e-08,1,0,4481,True,certified,324,90.1584581520292,499.87109375,full_pool_lexicographic,True,8a167be0784cf6dd1073d3359b976216ecb6b7c4f85c5e7d8599b86c8c9417fe,1b73a54787984788ff65c65ea3f38bbc5bea9fdc2d88add2dd668b61f9e239ad,76f065d493420367950f726c6b89a1cf2679a0c44eec728fbac6188f9057e4b7,/tmp/evsp-event-uniform-envelope-c08df1a5277b/panel_a/arcflow/k02_s1/uniform_4_5/oracle.json
k02_s1,2,uniform_2_5,uniform,2.0,5,1.9999999530000263,True,,2,3,False,censored_after_sandwich_and_arcflow,3,3,3,True,3,True,,,,0,6305,True,certified,312,160.88580096539226,821.6953125,full_pool_lexicographic,True,275d5a1f7ecd90c3aff09ca280b33001061072f09cb90f226f5d4f8ea9ba0bba,4ce093acb16138b3f773a480eea77a5794399ed646deb6ec3777046f49a3bd60,dbc6ff7cf9ce98f326724e238bbddc623b4bd10fd5016a6ddb2746d944f5a384,
k02_s1,2,uniform_2_2,uniform,2.0,2,1.999999952999969,True,2,2,2,True,industrial_uniform_partition_sandwich,3,3,3,True,3,True,0,4.700003097823924e-08,1,0,5741,True,certified,410,504.69841659613303,1736.515625,full_pool_lexicographic,True,19fcb1cc54253f69680c2b8563ed83e595a0dc78319a008fbb1291bb45541af0,d096683dac3eae402f40c109b1d94066159b89417838dd74048deb77a0b9e6a5,b170d1b914e6cf0b0d3e3c83b646bf7af091f01636669eba2ff8039a3ddd0170,/tmp/evsp-event-uniform-envelope-c08df1a5277b/panel_a/model_witness/uniform/k02_s1/uniform_2_2/witness-v2.json
k02_s1,2,uniform_2_1,uniform,2.0,1,1.9999999530000254,True,2,2,2,True,industrial_uniform_partition_sandwich,2,2,2,True,2,True,0,4.699997457890959e-08,0,0,5988,True,certified,665,2627.2577416127024,3234.19921875,full_pool_lexicographic,True,ff0e35c2d924cb41425cd41d1b71eacd07da15bb69d207c7d806b733602142f1,e8bc08d9cc478f06a6d00763d06266a0a2d493bbabac8973fc776c6d8899d8a2,23b6c6eac920f2fa3b83eb367ea47b711aa33620f4e92391daec95c1939a08e1,/tmp/evsp-event-uniform-envelope-c08df1a5277b/panel_a/model_witness/uniform/k02_s1/uniform_2_1/witness-v2.json
k02_s2,2,event_2p5_event5,event,2.5,5,1.9999999709999918,True,2,2,2,True,industrial_event_partition_sandwich,2,2,2,True,2,True,0,2.9000008172630487e-08,0,0,1689,True,certified,117,62.89626464777393,219.5078125,full_pool_lexicographic,True,da94b8a0e12acbb33423ea750384268309b390e6a6a746fd8fd5c6daf5312ec1,b40feb7adcc54bf67a6b726a06ac81f881f5d8e18be23665e7a757f614214436,20a7f8ef667272b505fd9fa23a88cac21fdd56c669b4811405e6647520517c6a,/tmp/evsp-event-uniform-envelope-c08df1a5277b/panel_a/model_witness/event/k02_s2/witness.json
k02_s2,2,uniform_10_10,uniform,10.0,10,2.399999971000009,True,3,3,3,True,arcflow_integral_witness_sandwich,5,5,5,True,5,True,1,0.6000000289999909,2,0,566,True,certified,70,3.6407037698081695,162.9296875,full_pool_lexicographic,True,a8224a349efbc043f130545b9b5d580a6d5be2d2cd292b2289466d12d2fadaae,d028b5db2f5f69cfbd3d32131d78e1d68236ac52b60ba3d707590fa47b291cab,94be9ef5991dbe815920b3e96959e0d9dc6647e79a97d543b53a039a0db63b24,/tmp/evsp-event-uniform-envelope-c08df1a5277b/panel_a/arcflow/k02_s2/uniform_10_10/oracle.json
k02_s2,2,uniform_4_5,uniform,4.0,5,2.1249999709999274,True,3,3,3,True,finite_pool_witness_sandwich,3,3,3,True,3,True,1,0.8750000290000726,0,0,615,True,certified,88,11.893969864380779,296.93359375,full_pool_lexicographic,True,1217225ac93e417a714d70bbb331cd61817644f36a4477951a0b1d186007fe38,89cadea65765ec5ccd7189cc3d643f40428e058194398b3cb98009b19804cfa7,ac239109edbf4318b97f328fd9f10debbdee0c5478c149715b7b845b6ccb9473,/tmp/evsp-event-uniform-envelope-c08df1a5277b/panel_b/mip_native/uniform/k02_s2/uniform_4_5/mip.json
k02_s2,2,uniform_2_5,uniform,2.0,5,2.1249999709999887,True,3,3,3,True,finite_pool_witness_sandwich,3,3,3,True,3,True,1,0.8750000290000113,0,0,668,True,certified,80,19.68751640006667,463.44140625,full_pool_lexicographic,True,3938635f73562f3189ec4eab4901ac360f266d8979fec14477d537207e38ea38,c1bd81e6454190b946cdbebd65fb4396f3c09284a726b1dabe3769b790dfce3e,e2b020785a82dedfdc8b08f8c401360b3e18f04201ff51c852730acc1c3d350f,/tmp/evsp-event-uniform-envelope-c08df1a5277b/panel_b/mip_native/uniform/k02_s2/uniform_2_5/mip.json
k02_s2,2,uniform_2_2,uniform,2.0,2,1.999999970999988,True,2,2,2,True,industrial_uniform_partition_sandwich,2,2,2,True,2,True,0,2.900001194738877e-08,0,0,661,True,certified,117,70.26467786572175,950.80078125,full_pool_lexicographic,True,56ba4ceaf41684cd8c6dcd2b75f4e0aefe411984da4a1594846bb4eada78e65e,49c851fc7d1733664c54bc84e8a10dc744ffcb0327d800d40e183092ab45dbde,a3cda667e05ac74fc8a33b1f3ffb31afeab91d842d662702a703da3ca773444a,/tmp/evsp-event-uniform-envelope-c08df1a5277b/panel_a/model_witness/uniform/k02_s2/uniform_2_2/witness-v2.json
k02_s2,2,uniform_2_1,uniform,2.0,1,1.999999971,True,2,2,2,True,industrial_uniform_partition_sandwich,2,2,2,True,2,True,0,2.8999999956980105e-08,0,0,419,True,certified,175,189.92412263472215,1744.4140625,full_pool_lexicographic,True,c55ce685453324cc8b68e049174aa172b9258231114c261b2864c169c44ec01d,35a7c891f08461716af4a050495aa23e5734b0f0a214d294adadbb75c90cc874,21714791d610c07d3c5475474ac0a5d8dbbbe73203241584d2284c67bb81e315,/tmp/evsp-event-uniform-envelope-c08df1a5277b/panel_a/model_witness/uniform/k02_s2/uniform_2_1/witness-v2.json
k02_s3,2,event_2p5_event5,event,2.5,5,1.9999999439999823,True,2,2,2,True,industrial_event_partition_sandwich,2,2,2,True,2,True,0,5.6000017734092467e-08,0,0,15846,True,certified,673,557.5899436899344,666.68359375,full_pool_lexicographic,True,ddff6c459fdcf9e69ee3a179195f9c9ea975b34638dd99c43043de8769e782ce,4be780a3938761298d6c3188a28031f22a69bf81564a7762d68ebf7c07bd89d9,3b18aa401909ba8fc1dab324c57eda7cf2971a8477ab97738172d6a202ffedfe,/tmp/evsp-event-uniform-envelope-c08df1a5277b/panel_a/model_witness/event/k02_s3/witness.json
k02_s3,2,uniform_10_10,uniform,10.0,10,2.3797053449819874,True,,3,8,False,censored_after_sandwich_and_arcflow,8,8,8,True,8,True,,,,0,1160,True,certified,510,48.35050238927943,212.625,full_pool_lexicographic,True,b8be416f0f1eb034919f96275dcc1ea5e26691a843fb97576f7a15c9e47a28ea,66eb1f41d30ecdab1c9c7402035206087c5c7ffb15a01e3885404da089c43723,de9f32b4d2800fb1bd8494eaeb5bca8a8518d2d2e5ef2f5a69bdede4361e2edf,
k02_s3,2,uniform_4_5,uniform,4.0,5,2.0555554995556027,True,3,3,3,True,finite_pool_witness_sandwich,3,3,3,True,3,True,1,0.9444445004443973,0,0,2796,True,certified,389,128.25274660490686,519.5625,full_pool_lexicographic,True,68eb61f2a8e8dc92f7f1f15f2312d13a06ad94e9347286f29ff38b9e0427e5e9,076c35691a31a111b40e3bcadea27b4d22b991940f0368adc1baaffd29ab8126,5e9289e0c088d9989f2f4d35205fc25490ed1965d8bd551becbbf610c0eea84f,/tmp/evsp-event-uniform-envelope-c08df1a5277b/panel_b/mip_native/uniform/k02_s3/uniform_4_5/mip.json
k02_s3,2,uniform_2_5,uniform,2.0,5,1.9999999440000182,True,2,2,2,True,finite_pool_witness_sandwich,2,2,2,True,2,True,0,5.599998176286647e-08,0,0,7111,True,certified,522,341.4849266418023,943.1171875,full_pool_lexicographic,True,58b036b85a7b2af42c1799f07300c669cdfaca3c48a4a032861b7a2f58424e50,83d3c0cb18cab842b38c867f5cbb81a6bc5149627f0aeff4c1d805ff5470fbad,50d4080ed575b97c4cffa700a8775e0dbd2f1967dbb7fc56158c525eaba5fe43,/tmp/evsp-event-uniform-envelope-c08df1a5277b/panel_b/mip_native/uniform/k02_s3/uniform_2_5/mip.json
k02_s3,2,uniform_2_2,uniform,2.0,2,1.9999999439999643,True,2,2,2,True,industrial_uniform_partition_sandwich,2,2,2,True,2,True,0,5.6000035719705465e-08,0,0,4994,True,certified,506,770.2071609683335,1951.7734375,full_pool_lexicographic,True,f36308dbfd667156a5629629ce96b5943542267c401711986f3a27d0a452abef,e3eb14d4c8f67f5afa9cff11668cf912c2ad0b763a15f8406d4d2743fb7f032f,f97e63536fea42a26af9f24b42febffa8579b144e1bc2265267b5e6324a841f4,/tmp/evsp-event-uniform-envelope-c08df1a5277b/panel_a/model_witness/uniform/k02_s3/uniform_2_2/witness-v2.json
k02_s3,2,uniform_2_1,uniform,2.0,1,1.9999999439999885,True,2,2,2,True,industrial_uniform_partition_sandwich,3,3,3,True,3,True,0,5.600001151684353e-08,1,0,7108,True,certified,660,4144.799447307101,3748.54296875,full_pool_lexicographic,True,cabd63be87225663279af273fdc255132f771aec418aaacd21423728b59f0e6b,7856b0e5491f0831c822e90cc0174c16199d2f656f35beb7a9bcc64b1050d6f5,4109d619bc91676dd7a0d6028a9ed2121ec3d1fc4a493bcf5c0cd4ff852068da,/tmp/evsp-event-uniform-envelope-c08df1a5277b/panel_a/model_witness/uniform/k02_s3/uniform_2_1/witness-v2.json
k03_s1,3,event_2p5_event5,event,2.5,5,2.999999939000001,True,3,3,3,True,industrial_event_partition_sandwich,3,3,3,True,3,True,0,6.099999882991369e-08,0,0,15168,True,certified,665,486.94799472310115,615.76171875,full_pool_lexicographic,True,de1ea808ee860fa68b98904d1601ef48d278565be9140efc7813eb573d95c98b,c85bfc8e2b502dab17986c44300f5926d2e579d33b7506b610404a4cf51e4741,821ebf9cfecd1b1e71bdc678a1969be47454e7b37e194c9bad98d63b6623bf8a,/tmp/evsp-event-uniform-envelope-c08df1a5277b/panel_a/model_witness/event/k03_s1/witness.json
k03_s1,3,uniform_10_10,uniform,10.0,10,3.209718609076744,True,,4,7,False,censored_after_sandwich_and_arcflow,7,7,7,True,7,True,,,,0,4212,True,certified,475,59.38916779879946,262.0703125,full_pool_lexicographic,True,25eff8c6f5e58fea778d163c30d87e3216c674b7a2c75f9ce02bc61af3a07a26,16697d154214f8af6531921bb7f05a806c33b6e4a49c3538e5d9a3c724c9ba8f,1378d2879d6db9d92367c949ed61cb575002007480317bdf78d08b390001af1d,
k03_s1,3,uniform_4_5,uniform,4.0,5,2.999999938999988,True,,3,4,False,censored_after_sandwich_and_arcflow,4,4,4,True,4,True,,,,0,8295,True,certified,648,248.7743586661527,630.34765625,full_pool_lexicographic,True,16fdbbcf0d2fb90fca2985e93c43b0d13d5edc55eead6ffcf113e9942a23a6d9,2cb74a8c21b5bcb87a51f0d4618bc6ce40c29ad57c669e455d3f998d40997f6e,37a9e4bdf720fe72d04fca92165f07546e008f900f9bac43cda117d85ca92e26,
k03_s1,3,uniform_2_5,uniform,2.0,5,2.999999939000031,True,,3,4,False,censored_after_sandwich_and_arcflow,4,4,4,True,4,True,,,,0,9846,True,certified,524,379.13762476152624,992.0390625,full_pool_lexicographic,True,bbb40cefbd803f8e5e796a916b3e538c7183435eef2c07250fa82435f65e8ab4,182ac3622f90721af0ad4fa704ca63cad2743822bfcb76720691bf2fb440cc69,1895ff2c75d4d5b042952f95df5c447f1bb158c9c276ab4b1cfb93fc8a4cc5ed,
k03_s1,3,uniform_2_2,uniform,2.0,2,2.9999999389999292,True,3,3,3,True,industrial_uniform_partition_sandwich,4,4,4,True,4,True,0,6.100007077236569e-08,1,0,8431,True,certified,701,2099.350616915908,2041.703125,full_pool_lexicographic,True,066c1ae7e84a2165eeaa1621c46e97770d1f1291ff4609c4844f218f9bc1f193,2439a64455f20142f7820b0f571769600e4646c3635785827140983b4ca5172a,c365564874b2af3d7385fa09dfbe03e83b846c75664b36156e0a993410086bb1,/tmp/evsp-event-uniform-envelope-c08df1a5277b/panel_a/model_witness/uniform/k03_s1/uniform_2_2/witness-v2.json
k03_s1,3,uniform_2_1,uniform,2.0,1,2.9999999390000007,True,3,3,3,True,industrial_uniform_partition_sandwich,3,3,3,True,3,True,0,6.09999992740029e-08,0,0,8466,True,certified,987,7757.8311438218225,3810.66796875,full_pool_lexicographic,True,f932bb44c851817413c517bf9750064c2edf81b11d59f76e34e59bce010ad7fc,ae1052fca6e8729003a5ee2987bb0906d4a73357241b98835313152a56637658,1e2bf534bdc146562ac95b0386c21f316f4f8d7fd521fa75448e839c893c3b8c,/tmp/evsp-event-uniform-envelope-c08df1a5277b/panel_a/model_witness/uniform/k03_s1/uniform_2_1/witness-v2.json
k03_s2,3,event_2p5_event5,event,2.5,5,2.9999999290000017,True,3,3,3,True,industrial_event_partition_sandwich,3,3,3,True,3,True,0,7.099999832504977e-08,0,0,20753,True,certified,758,750.7859043911449,828.7109375,full_pool_lexicographic,True,440835ff86e131dc99ac72965278b60edfc99c38d67f98d3d0d33fe9ebe0e4e9,0dbd90319b15c8c1fd633fdbb50fd53b343a96633e21933fff468b1a5fefbd5d,684f28d315be3355081c7cda6724713d8537bdaf6e9a21be958cdc8e3defeb9f,/tmp/evsp-event-uniform-envelope-c08df1a5277b/panel_a/model_witness/event/k03_s2/witness.json
k03_s2,3,uniform_10_10,uniform,10.0,10,3.5919304703687263,True,,4,10,False,censored_after_sandwich_and_arcflow,10,10,10,True,10,True,,,,0,5223,True,certified,532,85.41628742837929,296.01171875,full_pool_lexicographic,True,c4ec4f2f6d6589e5a0889cfa94ed5bf7f358c495a76b70625584867f58f5c8b1,62c71af9158af397a5505c7847851940981fda198912ce22fe0f7209c957610b,b9691d03814a89697e39817cdf97be6ee6d86a026ec34c16b0bf29cbafc6942c,
k03_s2,3,uniform_4_5,uniform,4.0,5,3.1558440848441194,True,,4,5,False,censored_after_sandwich_and_arcflow,5,5,5,True,5,True,,,,0,6777,True,certified,701,319.7909308829694,677.05859375,full_pool_lexicographic,True,1c24f99f23147edf89558f2a9efb84b079f5a010b90e8338db872b2ebe6c9961,393379faa7f32cc4c9e9d8add0416b86a86dd4398c5797474803deba65a22b03,b8468e22bc6d686ac449808440b16892a96cc70e17e6d9908116b038f5c2492a,
k03_s2,3,uniform_2_5,uniform,2.0,5,3.1249999289999915,True,4,4,4,True,finite_pool_witness_sandwich,4,4,4,True,4,True,1,0.8750000710000085,0,0,18729,True,certified,1143,1394.696483287902,1389.28125,full_pool_lexicographic,True,f85cfadf4a4c3427cfadf0eb981cda815804cd43a1d59224b15164cd0f81986a,96011fe85cf3882c8d4a8838113d140819dcf683266283900037bd1dd14a6972,d9e41a38be386645d10374ae7005b911bc9c37c0c4301bf473d84e23895a824c,/tmp/evsp-event-uniform-envelope-c08df1a5277b/panel_a/mip_native/uniform/k03_s2/uniform_2_5/mip.json
k03_s2,3,uniform_2_2,uniform,2.0,2,2.9999999290000003,True,3,3,3,True,industrial_uniform_partition_sandwich,3,3,3,True,3,True,0,7.09999996573174e-08,0,0,10143,True,certified,913,3110.538508093159,2401.56640625,full_pool_lexicographic,True,6efe664909a5e03231c83511bf29c62d82a9dc17ec7234f8cc9cb660d031f7ae,7c0303120be8f9137b9c01776502bc71329a412e70e9f70cdd170355952f0c28,99855725161cf75db149c6cbecedf3b3a16622935ba0cefa71d72bc50eb52322,/tmp/evsp-event-uniform-envelope-c08df1a5277b/panel_a/model_witness/uniform/k03_s2/uniform_2_2/witness-v2.json
k03_s2,3,uniform_2_1,uniform,2.0,1,2.9999999290000363,True,3,3,3,True,industrial_uniform_partition_sandwich,3,3,3,True,3,True,0,7.09999636860914e-08,0,0,10397,True,certified,1411,18928.629194629902,4525.66015625,full_pool_lexicographic,True,8e0877beb4dd9f96ac5ab943aded71bfd6af067a47bb7c8761f427cd9ac1ac19,b7d0bba57d6cb0d6ddab5fa103081246992eefba670d03e63665e8a0bb1d3fd6,e62cebf279f495cb25ad477e4a550c7767b0e342eb02277e416c1a1ac11541ff,/tmp/evsp-event-uniform-envelope-c08df1a5277b/panel_a/model_witness/uniform/k03_s2/uniform_2_1/witness-v2.json
k03_s3,3,event_2p5_event5,event,2.5,5,2.999999953000008,True,3,3,3,True,industrial_event_partition_sandwich,3,3,3,True,3,True,0,4.699999189838877e-08,0,0,7654,True,certified,627,236.1006106560235,388.07421875,full_pool_lexicographic,True,3520c14729da6d3f0aa47b69905afd6e51979e2c66b34ceeaf36ee80210eabfc,3c97f63bc5889a02ae9cfd4328521399da80f002705fabe079a8d1559dcd1a1d,4c7c33e1bd5aad2eb09329505407307cb94ba9252cc335954d19f320a6af47ab,/tmp/evsp-event-uniform-envelope-c08df1a5277b/panel_a/model_witness/event/k03_s3/witness.json
k03_s3,3,uniform_10_10,uniform,10.0,10,2.9999999529999966,True,3,3,3,True,finite_pool_witness_sandwich,3,3,3,True,3,True,0,4.700000344470823e-08,0,0,4944,True,certified,230,21.50318227338721,248.55859375,full_pool_lexicographic,True,77c08599ca8fccd00799ec8b75c3d0bd4aff0b0a39f1a7fe930736e2a1a69a4a,20ca1df3737e598b8002be1883150b53e00d5083a8e2ddee9154ace6880a549d,5303985338d57d03dcdee0cbe430aa3e957aa98934763320b677b4db98be033f,/tmp/evsp-event-uniform-envelope-c08df1a5277b/panel_b/mip_native/uniform/k03_s3/uniform_10_10/mip.json
k03_s3,3,uniform_4_5,uniform,4.0,5,2.9999999530000743,True,3,3,3,True,finite_pool_witness_sandwich,3,3,3,True,3,True,0,4.6999925729096503e-08,0,0,4762,True,certified,233,54.58385263662785,482.609375,full_pool_lexicographic,True,258c6a5c44bdb20c2395ecf8624230560139e20be515cda9e08aa68f62fabb33,2e84f9c6c60efb5f18331b7a601293d4cbf2f7267aed30090eefc7693b702209,74d9f2ca43f05c049e1abff376e70c630d47fe9db76b4f47fe2000d722bcfb90,/tmp/evsp-event-uniform-envelope-c08df1a5277b/panel_b/mip_native/uniform/k03_s3/uniform_4_5/mip.json
k03_s3,3,uniform_2_5,uniform,2.0,5,2.9999999529999934,True,3,3,3,True,finite_pool_witness_sandwich,3,3,3,True,3,True,0,4.7000006553332696e-08,0,0,6536,True,certified,263,112.33277263358468,789.33984375,full_pool_lexicographic,True,b5c3f34cf3cfbe9cc281067b65d5ed2148cd9e05530e3748dbe17bfd434be777,611aba8167d93fdbd9ed58958b07baf6da0ae66a37df5d6e92cc85e4198f52e8,8a971bed0ef8cda529eb3f874814a4e5184a30a0bb12636e74e078f4cc327387,/tmp/evsp-event-uniform-envelope-c08df1a5277b/panel_b/mip_native/uniform/k03_s3/uniform_2_5/mip.json
k03_s3,3,uniform_2_2,uniform,2.0,2,2.999999952999996,True,3,3,3,True,industrial_uniform_partition_sandwich,3,3,3,True,3,True,0,4.700000388879744e-08,0,0,7554,True,certified,528,518.0868673520454,1702.93359375,full_pool_lexicographic,True,13bcaaf7a11a2b1af50cda007381b21e0b4c888495cca6bf6a5996c51c31174b,9ecf1e395ff35a4605bf4cb84d0c08852325ce24e7808d1ee534c1769ef65a37,b0c0ef573f13a9131691dc5a139d7363d36884b0a6c5933f7550425866de3899,/tmp/evsp-event-uniform-envelope-c08df1a5277b/panel_a/model_witness/uniform/k03_s3/uniform_2_2/witness-v2.json
k03_s3,3,uniform_2_1,uniform,2.0,1,2.9999999529999957,True,3,3,3,True,industrial_uniform_partition_sandwich,3,3,3,True,3,True,0,4.700000433288665e-08,0,0,4965,True,certified,415,783.1821204476291,3041.9296875,full_pool_lexicographic,True,cd4b9291cee00dae56849728ec5334bfc09c38deac1a07b9b4ed3d776895335e,7005fd47a9553ecfb5d78c549e85f57fc48a74098eaddd83308f2b109c057895,fa3664ec6da4caf90ae33f5edc287f8fcf0272b832ddeacee5c8add786c99c05,/tmp/evsp-event-uniform-envelope-c08df1a5277b/panel_a/model_witness/uniform/k03_s3/uniform_2_1/witness-v2.json
k05_s1,5,event_2p5_event5,event,2.5,5,4.999999895000181,True,5,5,5,True,industrial_event_partition_sandwich,5,5,5,True,5,True,0,1.0499981861755714e-07,0,0,52601,True,certified,1908,5250.275371580035,1780.8515625,fleet_only,True,bdafbc45f7ed0bbf194fe5a5c8026d0ab95c5ddfce2f6288be18df2119dca430,d700151e512093999f9a6bfca746e6af206ba9bb05ea693813ae8fe6484e0d10,30b50edfffe89a4a05ca1b053495b7fabb58fc5659333f9ac62c26c59bf20448,/tmp/evsp-event-uniform-envelope-c08df1a5277b/panel_a/model_witness/event/k05_s1/witness.json
k05_s1,5,uniform_10_10,uniform,10.0,10,5.576523889811922,True,,6,14,False,censored_after_sandwich_and_arcflow,,7,14,False,14,False,,,,,16608,True,certified,598,254.80141425898182,537.6484375,none,True,234e246b5e3a3039533dc2482749d03cb8540f2b10639c369896026200aa04e9,05caa0b093b784a5778e79fcef923d7f3314715fac1310b928f3921d2f524310,1843619198d184572b6f9692ad9bbe8c6317aee1617b8bde5c9c74c2aeb125dc,
k05_s1,5,uniform_4_5,uniform,4.0,5,5.142857037857117,True,6,6,6,True,finite_pool_witness_sandwich,6,6,6,True,7,False,1,0.8571429621428832,0,1,22088,True,certified,847,779.9299833421537,1142.359375,none,True,5c9578c4c7c33cc547422bd16b8cf9d62d0d96af85b9c8e5f83eeeedd8076883,79922f1376495b5519e310f4fe772d0acd59cc9628a50a62754df44ab99ccb9e,9ddbf0187573a835bc4ae60eb0bbb51e0f1f9f56bb063f9a702a9d5c1c8697c9,/tmp/evsp-event-uniform-envelope-c08df1a5277b/panel_a/target/uniform/k05_s1/uniform_4_5/target.json
k05_s1,5,uniform_2_5,uniform,2.0,5,5.142857037857128,True,,6,7,False,censored_after_sandwich_and_arcflow,7,7,7,True,7,False,,,,0,18558,True,certified,750,1352.8928281667759,1541.609375,none,True,335c038550fe0ad79eff8a9df029c41d61eddc6215c22359b5a1c70807fca179,5326789254440251736074a5cc666dadb869c7d96bab4639879df5c4286a010d,7ba6722b54757844263b54df423dac35db8633563d9a8bb4f153a6e0c1a25861,
k05_s1,5,uniform_2_2,uniform,2.0,2,4.999999895,True,5,5,5,True,finite_pool_witness_sandwich,5,5,5,True,5,True,0,1.0499999980595476e-07,0,0,37036,True,certified,1829,14291.947553593433,4192.515625,fleet_only,True,0d1fd7daf8d339742367f1f69600c6229110572958b76acd69cba5425e4da697,1627bb3e5e870d580946a7d9d9e8063be6423fc7a387f729c190be7b00c6ad8c,27a0171164bdc77f258eab7bfff735f4378895399407fa2051a1d123e1399fab,/tmp/evsp-event-uniform-envelope-c08df1a5277b/panel_a/mip_native/uniform/k05_s1/uniform_2_2/mip.json
k05_s1,5,uniform_2_1,uniform,2.0,1,4.9999998949999425,True,5,5,5,True,industrial_uniform_partition_sandwich,5,5,5,True,5,True,0,1.0500005753755204e-07,0,0,29521,True,certified,2486,35066.19192906594,7033.01953125,full_pool_lexicographic,True,a9db97b2f476d8cd71a9860fed4a858ad413233283f2df13d8d654d6fd6b7ea7,a093f62826c80bc69d7807bf0a8fe28a4984ca902216e4ae08e1a57101353bf7,74ecd82b1de9e976ed5bcfcfa26030d3acb0aff1494214310411ab73b8a71881,/tmp/evsp-event-uniform-envelope-c08df1a5277b/panel_a/model_witness/uniform/k05_s1/uniform_2_1/witness-v2.json
k05_s2,5,event_2p5_event5,event,2.5,5,4.999999899000092,True,5,5,5,True,industrial_event_partition_sandwich,,6,12,False,12,False,0,1.0099990799261604e-07,,,16221,True,certified,639,1014.6206268206006,1078.890625,none,True,58d4f9da3bf8ea1de945149fbbb2f5f9ce64f0bb28c7da825f27409ccf4a61b6,0cc78f0a8afbcd622ba1267dcd408b0089019cc4e938ada7156b814e9c7e1d9a,9f19036e1050a9f75f31807a45a103b0696b099b232d4097273aaf847dd57733,/tmp/evsp-event-uniform-envelope-c08df1a5277b/panel_a/model_witness/event/k05_s2/witness.json
k05_s2,5,uniform_10_10,uniform,10.0,10,4.999999899000116,True,,5,6,False,censored_after_sandwich_and_arcflow,6,6,6,True,6,True,,,,0,17368,True,certified,894,384.1867328712251,546.40625,full_pool_lexicographic,True,3521401a64aa69fae9f14476b568337d8f6555fe796f5f1766297cb8a6bdefc5,9db491013e7056d5f0cf8682db7dc373c9b5d13e53f7ab41ce355d86a5d50410,210e20f027b8fab333bd82b499d9acf9434e06389d10089ecc180df1afc6be6e,
k05_s2,5,uniform_4_5,uniform,4.0,5,4.999999898999752,True,,5,12,False,censored_after_sandwich_and_arcflow,,6,12,False,12,False,,,,,11475,True,certified,721,451.1915750611224,879.4921875,none,True,b555b33a38830d351e465331d276889e89cd2b5c2d02017fd6028721658c9d39,955251eddad1f07799cc46f4eeddc4ab86ffeea4c1d163bb2a6ce571b3f6731d,506bf1c954b6a8301ca038e35f91993613846bda0df07636da7b696666e0a783,
k05_s2,5,uniform_2_5,uniform,2.0,5,4.999999898999975,True,,5,11,False,censored_after_sandwich_and_arcflow,,6,11,False,18,False,,,,,13021,True,certified,634,736.9738683022442,1399.15234375,none,True,d7d9a442723384b4a569ca80acf25f782cf64590c6456221e63f1acd630fd35c,88d6c869dcc5af7f427d7749ae557ccee54a88a74753559e74afd40893588fb7,7c711bb7256553236f716bb0f6d5dc7e60bf7e426fe8081667b725f39104a21e,
k05_s2,5,uniform_2_2,uniform,2.0,2,4.999999898999987,True,5,5,5,True,industrial_uniform_partition_sandwich,,6,7,False,7,False,0,1.0100001279766957e-07,,,11521,True,certified,748,3246.441153390595,2951.75390625,none,True,2271b760229055c33a35fc61920f679ed9b5d54fb5f5ee04914a6464e98bc019,c03b9399a9828580d53e4792a94789a64d8fd1c5e2de1f0f65b4c56032be9d39,5c44227523ed04e26d85c99e5122888dd08756bb91460c5d393b181ff7cc16b8,/tmp/evsp-event-uniform-envelope-c08df1a5277b/panel_a/model_witness/uniform/k05_s2/uniform_2_2/witness-v2.json
k05_s2,5,uniform_2_1,uniform,2.0,1,4.999999898999992,True,5,5,5,True,industrial_uniform_partition_sandwich,,6,11,False,11,False,0,1.0100000835677747e-07,,,11197,True,certified,912,9114.046788920241,5526.46484375,none,True,e73c90fab40f5a84d2e4f291a8bb9b1f0923199b7563e6c719181ee47857d1e0,3c15fe60b5d45727b12df8e44c5b07bc7684e2fe4ae48d40696ca5abfbf02654,57a99cbf44239e2f4567c92d8ccded0233649b5c3b10bf55eefcbb62d0049bfe,/tmp/evsp-event-uniform-envelope-c08df1a5277b/panel_a/model_witness/uniform/k05_s2/uniform_2_1/witness-v2.json
k05_s3,5,event_2p5_event5,event,2.5,5,4.999999874999959,True,5,5,5,True,industrial_event_partition_sandwich,,5,15,False,15,False,0,1.2500004142879106e-07,,,43650,True,certified,1634,6274.866780188371,2072.11328125,none,True,80fb7d75856927c1181960a787d49da95f751d2946d0f48fb00a10e4d7dc5159,53a82da5da83e5e4a4248cd58636e90cbdd2ef202ffcf6be880c9732f811f35b,d216366165d24443b06fe355bef4cb4c26b2aecd7906aa974c2d4f40a515a90a,/tmp/evsp-event-uniform-envelope-c08df1a5277b/panel_a/model_witness/event/k05_s3/witness.json
k05_s3,5,uniform_10_10,uniform,10.0,10,5.145945820945944,True,,6,12,False,censored_after_sandwich_and_arcflow,,6,12,False,12,False,,,,,46401,True,certified,1721,5120.213724736008,1296.87109375,none,True,26c4c8bdd0a0e74a6f38a7cdfdb25fb1c92c23608409fd6994a4e0d72206530d,c6ecccdc00a7b910511984a2a6b73f21b4ee7923a1f60744027750a9c6610a39,04eba9c9ab2567cfb978f735c009f15ceb164f5126e94f8b8f24a9fdeaa2bb49,
k05_s3,5,uniform_4_5,uniform,4.0,5,4.999999875000094,True,,5,22,False,censored_after_sandwich_and_arcflow,,6,22,False,22,False,,,,,44349,True,certified,1614,6885.568752708903,2120.33203125,none,True,22f6a2fefcb58e49e3e87f989c24ab8a3215f490e4d9ae7ab451babd1cd0b870,1c734c5d97ae7cbaab3353f6c2d2445b6f04187a5eac750ad136631834790fcf,84e7ebbc19c718bc2e719d1e3dcf65c11a7cc60b62d7db4d68dd13993a698d12,
k05_s3,5,uniform_2_5,uniform,2.0,5,4.999999874999739,True,,5,25,False,censored_after_sandwich_and_arcflow,,6,25,False,25,False,,,,,41712,True,certified,1522,8880.121213165607,2633.9453125,none,True,f5410cec194fc3dedb217fc54422cde1c2dd006d29be06ca561b5d9097b2ef3a,792f1264a3e17d3570bcd263ec9b1aa5ba7e2b4899edf1302fa4ee03ff0cc0c6,f2a572948b1afaec55951ceb88003f1682cb3fe9d01760409cac6a9bc8ca7741,
k05_s3,5,uniform_2_2,uniform,2.0,2,4.999999874999546,True,5,5,5,True,industrial_uniform_partition_sandwich,,6,9,False,9,False,0,1.2500045443175622e-07,,,36412,True,certified,1445,15423.859545903222,4811.9765625,none,True,41660e0df60d14ec50e770ff6f59316e644d7711b0e382880711e912e9eb5efb,f3b23c1e51e10708c0daf0d6f9e58ca4c0b2fb82cf4cba2d508b1440f945c783,56a873cdc8d47081028be1aee9cea4631f4f9d00ad9d1901a62823dcce60fe76,/tmp/evsp-event-uniform-envelope-c08df1a5277b/panel_a/model_witness/uniform/k05_s3/uniform_2_2/witness-v2.json
k05_s3,5,uniform_2_1,uniform,2.0,1,4.99999987501149,True,5,5,5,True,industrial_uniform_partition_sandwich,,6,22,False,22,False,0,1.249885102083681e-07,,,34475,True,certified,1621,30207.91665050492,8610.26171875,none,True,ef6bba675b05c0074c1c5863255551f5625aae90376cecfc8a5ca3c664ff263e,89dce8946b5ff4c5bd7aa8da619f3af0b0a3add7672dd7bf20b419fb968d4647,6dc1d5edba5444b1b315335a1e12710b71e27f734e4a40ea5084d2af8b31362d,/tmp/evsp-event-uniform-envelope-c08df1a5277b/panel_a/model_witness/uniform/k05_s3/uniform_2_1/witness-v2.json
