duty_id,base_duty_id,trip_count,duty_instance_sha256,continuous_physical_feasible_240_240,physical_replay_status,certificate_scope,certificate_sha256,solver,scipy_version,implementation_sha256,problem_identity_sha256,replay_sha256,objective,terminal_soc_kwh,charge_events
13301,13301,36,62d088450cf338b75be3c6e266b8f5fb2458906999f859b0bb9de519f235c9b6,True,validated,optimal_continuous_charging_for_fixed_trip_sequence,0a31720409753fb5bfcf919bd1c11003b80fd3a3f7678f787993dec90cacbc95,scipy.optimize.milp/HiGHS,1.13.1,79828f1fd51e132332b7298a17bc772fb6c1ee5af8855f71c8b288088144611f,6162e568e9ef3d2f8fe81635556192c1335c7848d17d71870a58883dbf1bff02,cfcf86d83c649be71ae257eb6c409713d0dc05611f657b59358c8b972c9ee9e0,100065.705231788,0.0,5
13302,13302,50,cd7d16163559278f773f3492a6b2a626b9493bb960321b154b4dca43fd8cefae,True,validated,optimal_continuous_charging_for_fixed_trip_sequence,9d74f40993a7c8c94a06235465a3f31c1b9c32b90ebb9172c94b4738931771e0,scipy.optimize.milp/HiGHS,1.13.1,79828f1fd51e132332b7298a17bc772fb6c1ee5af8855f71c8b288088144611f,4d2fe145f878d68a320732b7ca96ca585b22ed8116486ac4949343bc52d6b722,7fcdb75b185b1dcc603ead056ea9eb0ab629e7d2159eeaa57d979fd085f99fef,100111.160293473,0.0,11
13303,13303,54,d8d8c0bb275571bc8b96ce0ec2065fbac6d77098b2362b1bb51ff71201bcf2c3,True,validated,optimal_continuous_charging_for_fixed_trip_sequence,b5ac26c93bfeed3cc4eb76dd460b7a6261465522c7e9d5b903a6700c1007deb3,scipy.optimize.milp/HiGHS,1.13.1,79828f1fd51e132332b7298a17bc772fb6c1ee5af8855f71c8b288088144611f,0b5a5bb265267a8b648fdeeec4e524e4a02092470dc06c8c2dbfe48f3f3132f6,c988226582809cae1fcebe7302443b7b87d507e0a355165f0c51f391f433be2c,100120.564124373,0.0,14
13304,13304,37,8791484eb7adbcc2cdbc8ad0e9c0787a293fff910b1f244d46c1c86c2846c442,True,validated,optimal_continuous_charging_for_fixed_trip_sequence,73e06dfb631c2b89d9f862bb573070b8ea638c8d19391ac066d3f5bce3f2232a,scipy.optimize.milp/HiGHS,1.13.1,79828f1fd51e132332b7298a17bc772fb6c1ee5af8855f71c8b288088144611f,da793a1ac1a36d6d793176a7390ee9565f593fd0c9bab372f694b77c54110cdf,d9e35ed55644fe4080547639d4f71c87113d2ed109aca0abcc1968be44225147,100061.624937265,0.0,5
13305,13305,30,36d0abb32d64e04ada4b85bcc9fe37bf2fb63608bcd1967e48429852e46a5d24,True,validated,optimal_continuous_charging_for_fixed_trip_sequence,bba8095c40296001cb17fcc38b95b7bf18e5aa05709392fbac5a36f35c31ee85,scipy.optimize.milp/HiGHS,1.13.1,79828f1fd51e132332b7298a17bc772fb6c1ee5af8855f71c8b288088144611f,358e9b537f5449954ce666076e09a21ba39da493e96bcca0830cb515f3c0aed6,354a33a96272a0459ca2a637cbc9aeb42aa68bfc60d813bec9d2c2f1c9259682,100043.685289277,0.0,4
13306,13306,30,eca8a0024ff764531bab838167ed7203c8ce4d7111349d24d20ba48f864badb6,True,validated,optimal_continuous_charging_for_fixed_trip_sequence,5703048f8d78dd65f2b64581a0ea86c6b514d190d5e797367f9ffbf62f3754d3,scipy.optimize.milp/HiGHS,1.13.1,79828f1fd51e132332b7298a17bc772fb6c1ee5af8855f71c8b288088144611f,60526237f55af64bd4dc13e9db4ecc71fd7dd928e049ed12322990366d963a8c,827a65d6fc15d4d89fd17b982393afd1f60d9b83131343e5898b56e33f2d8724,100050.498169201,0.0,5
13307,13307,15,7a9ee0c76bac2784cdfac2c71b7c78d448840caa00521be263dd8a96ea9a7742,True,validated,optimal_continuous_charging_for_fixed_trip_sequence,c1e7e44736ea375a47321b79c96ce974a16ce57abcd41b28b09f5356566c2278,scipy.optimize.milp/HiGHS,1.13.1,79828f1fd51e132332b7298a17bc772fb6c1ee5af8855f71c8b288088144611f,529fac31e2676a24a45b8b59184fcf12018a9e5d79b4484889b7689a9ed1fbdb,8d8e6ee71ecced5e4e2e885895f0012dcc595e0c863bbdad66ab132a62fd62a4,100011.282633334,0.0,1
13308,13308,31,6197e17a70567bb75b7a442dba4e9c23d3b11a11b62cc54cc10e7f40ed8d9e2e,True,validated,optimal_continuous_charging_for_fixed_trip_sequence,0ad9b6fc0fe296cfae4b00f87afbe372acab28cf35a8154a85eac12a68be877b,scipy.optimize.milp/HiGHS,1.13.1,79828f1fd51e132332b7298a17bc772fb6c1ee5af8855f71c8b288088144611f,76967c17d982f300a6cfdee6b8a753ce061e182f54b367958539ba65f082e36c,80254beb3186cc5b629c337cc0c0ad7c3d97eed951bc28c52fbd0f3bd5108db5,100055.629564443,0.0,4
13309,13309,22,859a7f179936426d4891260f7f3068ee5af4565c9f5821d118cb619db3c53fd3,True,validated,optimal_continuous_charging_for_fixed_trip_sequence,5c5bb6379f8290e33102681b8b2244d9c0a27cf98202a3b5d6161fa0a866a310,scipy.optimize.milp/HiGHS,1.13.1,79828f1fd51e132332b7298a17bc772fb6c1ee5af8855f71c8b288088144611f,dcb0a19328f8daa0ef5955629553c0c4059913fa9c5d0fe083a5658c93d38033,c3850e95d0ebc1ebab9067bfa41ab8c417ec9d9fa67197aea8c5c613d00285c9,100032.046406092,0.0,2
13310,13310,24,09c1ebbfa2bc5a0d0c79965e15c3195403dc6353d46bda3ec4937dd28ba7e643,True,validated,optimal_continuous_charging_for_fixed_trip_sequence,e8865f4472777a70e23414e43e4570c254e2f20479d66b8dae01476ec4f0ddf0,scipy.optimize.milp/HiGHS,1.13.1,79828f1fd51e132332b7298a17bc772fb6c1ee5af8855f71c8b288088144611f,b8f8859b89bdbad9bd528829febd0a5a160d1f4202975c1e5f22635d6bd6dec8,fe6dade9477ee690644864e7c3c5e0a3d02c70d7b26dce89e79693536e538818,100040.16815315,0.0,4
13311,13311,14,1e60cf4df1e157c4fa6e10939547fdbd26435025e00c4b207d8f9c1d3db07baa,True,validated,optimal_continuous_charging_for_fixed_trip_sequence,e918fcaf3ff7ac765acc634937139ce2a2ddb901e7a4671eff94e06ebddd6705,scipy.optimize.milp/HiGHS,1.13.1,79828f1fd51e132332b7298a17bc772fb6c1ee5af8855f71c8b288088144611f,9bf066c107b30cab57f3cb02f1e1190a4959801c890e1d8ca07b5dc7c721882c,29b35a11a5002c6260318d653230dfbc0f7c149a8be71921a848d369b53f7270,100012.990361213,0.0,1
13312,13312,46,e0e2f78f4d39b347e0a995be1b71f7e6e3f065ff3554a75b35552285660e221f,True,validated,optimal_continuous_charging_for_fixed_trip_sequence,e2f888f00c0dbe2dd0d0daf403c69e6603bd011ece35d6ceb512591ef3e9c5a8,scipy.optimize.milp/HiGHS,1.13.1,79828f1fd51e132332b7298a17bc772fb6c1ee5af8855f71c8b288088144611f,1ac6354ded3f3c6db098d3ef50c99a48e0ca56890c5b28d5a47948e83d4e177b,d5242455513fea30b6f0b8959519a165cbb36724e137c66fcf5fd30324c5dd91,100110.693282472,0.0,12
13313,13313,37,afb97f4a86185792d0dc6d21be93bd1932df7bd093893f7bad0af550dd9e3f5a,True,validated,optimal_continuous_charging_for_fixed_trip_sequence,9aeb84e5d6d394cf54958165e1ff8f83f09fe62ca8de1634872ab6ae6616b6f8,scipy.optimize.milp/HiGHS,1.13.1,79828f1fd51e132332b7298a17bc772fb6c1ee5af8855f71c8b288088144611f,7169920a846c8e92c7b550678e2388ba963ebcb8573b68523f83efd8eb3c634e,bbffd232d445e754f181dda2960a0112fe3ca862faf1967bfb0bc65b8084beff,100083.908002065,0.0,8
13314,13314,16,a97d95826458839dbab9c11f30d5f82d53c5a517d805f7576b4b169947a6ef73,True,validated,optimal_continuous_charging_for_fixed_trip_sequence,162a97a19fddcdbf5734d7db450545cc641e88eb22c787cec8b22f7528904705,scipy.optimize.milp/HiGHS,1.13.1,79828f1fd51e132332b7298a17bc772fb6c1ee5af8855f71c8b288088144611f,76b7b74d686da80728229f0cb29095f26d11fdf303e50edf4ed124ed59c0af9f,f894f40afc4ef261e3b3f6fa8290136bf38795f26f9795aa9da5b17ba607ac4b,100017.119759946,0.0,1
13315,13315,31,30c7f0d8d96deb4dce99fc57029ed41df25c035e53ba399d2aefa3bf3c37d315,True,validated,optimal_continuous_charging_for_fixed_trip_sequence,5eefa780023c741af4316e331f170214bcc10eca5fb09d89307f33dc7d33bbdf,scipy.optimize.milp/HiGHS,1.13.1,79828f1fd51e132332b7298a17bc772fb6c1ee5af8855f71c8b288088144611f,5ab4d93daee8397ea2fe6400cea313bab03f9a71043c483ed3b1e073d22701ea,b514c085fae4944470b7ed981c6faebaa54b7777d553ebc07ab2516a9c90553b,100045.263583966,0.0,5
13316m,13316,23,fdc892a16332b9ad38811fd2f31641ad93b63b2645d0ae29308e0d761aa40b33,True,validated,optimal_continuous_charging_for_fixed_trip_sequence,7406897f8d9cd91c23c9f4a2e1d698759d97a2cc4cc24041f1ecf87761fcb46c,scipy.optimize.milp/HiGHS,1.13.1,79828f1fd51e132332b7298a17bc772fb6c1ee5af8855f71c8b288088144611f,a155b4661c5c785f98d865dc0c64daf903b6b4ecc71ad0dcac4c81d4a4270c17,ba562182380f6e23ba5c31f0c0bde98e9aa510afc44ff3f55a69231fc3b5d2e0,100033.287916578,0.0,3
13316uwt,13316,21,612bdcea559d126f5f418e084e11820574fff6a6d6ecfaacb0d3b5aaa1d51c73,True,validated,optimal_continuous_charging_for_fixed_trip_sequence,e6517bb9a576985886bbd80352f1dc110b66ea1c80c195bcd8ed58fc7743cabd,scipy.optimize.milp/HiGHS,1.13.1,79828f1fd51e132332b7298a17bc772fb6c1ee5af8855f71c8b288088144611f,625a57dd8e58bdef97f65ec0f9e24f793265926987975674f1bd98e6dc66d6c9,471ed222d12b011d3bb2665a3ba557bfef9a0d1e5e84c532620e4af6d8fee796,100031.718969417,0.0,3
13317,13317,37,df8cc1b27900118f714e60c42cc6706e876ea88fe69b165634c402c25931c9f5,True,validated,optimal_continuous_charging_for_fixed_trip_sequence,2acf6ddc48151b71c79db76e1bfacca3eca935c5d4f3a7fbc1cf56ce131ee5ef,scipy.optimize.milp/HiGHS,1.13.1,79828f1fd51e132332b7298a17bc772fb6c1ee5af8855f71c8b288088144611f,0e49247c29027a071dac90ab42576b8078d7f4b2e841defbde08e1d370460db4,b9528f071e5a7c4aec7068cd3cc0d63c1f16c7da08cf504500feb4983ec7f826,100063.583938904,0.0,5
13318,13318,33,ddaf1db8ef067a06db3ab54c049e82c80c20b202c3fa9d7dad308c5e88949b9c,True,validated,optimal_continuous_charging_for_fixed_trip_sequence,9246dcd59d1618c3fd0a53a072d3f23748495a177055f477513f9088cedf3876,scipy.optimize.milp/HiGHS,1.13.1,79828f1fd51e132332b7298a17bc772fb6c1ee5af8855f71c8b288088144611f,27042e03fe08c18665e10beec096d85a60882cb1dfedb85b3b6a30d112f562de,750c3384494710f7c8d9d1dd01415181809dab6784c844952a5346149031b0c7,100059.58915465,0.0,5
13319,13319,27,acbc6e1b6bbcd938748ab7f08b0be9adc20f00cf747ce4d2b71f3fd9ecc34ceb,True,validated,optimal_continuous_charging_for_fixed_trip_sequence,b51853d26760fbdd586ee54b7c9185309049a10e526ddfda8e008713c174764e,scipy.optimize.milp/HiGHS,1.13.1,79828f1fd51e132332b7298a17bc772fb6c1ee5af8855f71c8b288088144611f,c99e54f86a3932e2a867014c27e1a398739c53bcc7d8022d3903406d0555d3cf,3d3a1f089bacdea266687b8e8677d87b2391da61609d60945d5308e878bc3798,100051.769318038,0.0,5
13320,13320,16,940960d6f0a74f56f584048110cc165eb45e022d46f481025a0e59f81866e875,True,validated,optimal_continuous_charging_for_fixed_trip_sequence,a42e3f4c3110dd4beb1a2b05d66c9581374b04d5acad427ae1dbf73c82389366,scipy.optimize.milp/HiGHS,1.13.1,79828f1fd51e132332b7298a17bc772fb6c1ee5af8855f71c8b288088144611f,5a31ed5cb25b5f323aaf9b968514be7f532ea29c80ccd2790cf704acc0b1aabe,c1e9e37d21ff1544fd15cd0eb76b5289532c82b34664b066e96b04493908803b,100011.161410863,0.0,1
13321,13321,22,38799a8926e79a869f49fe249b6758895bf0ebff20d0bddbb90052583c09fdb7,True,validated,optimal_continuous_charging_for_fixed_trip_sequence,746e0d557dc63800fc2ba80893291b359d1e1e8cf553229dda15c8376fdd093a,scipy.optimize.milp/HiGHS,1.13.1,79828f1fd51e132332b7298a17bc772fb6c1ee5af8855f71c8b288088144611f,6c4e07b104b314071738e243b48987975116ed2ef04554e1b4a215918e1d2f34,2f1687e4f4b685ac7e1dde3e4384d06370f60a730162b405a6a1b3b42a938b1c,100036.103113441,0.0,3
13322,13322,26,146e565cd787850271bf61644d6b2e808d1596671016cb0ffdcdafb283463bb6,True,validated,optimal_continuous_charging_for_fixed_trip_sequence,34a9a402bbcc214966c5dcc72e90ed8a09eadadcdd3b9d8e5aa7032dc8eb17b6,scipy.optimize.milp/HiGHS,1.13.1,79828f1fd51e132332b7298a17bc772fb6c1ee5af8855f71c8b288088144611f,9ed615ecd0461f4836e7b490cee36e97977d9445327955454d10c3dc2c757e74,1976261f79ab9963e359a30bcf47433dd178ac3c03ce29f9b935974d9926edca,100044.755977382,0.0,5
13323,13323,8,0d935f730a582087cc1a4fdd58258acb817e089c07b860eb9745624e4b4be14f,True,validated,optimal_continuous_charging_for_fixed_trip_sequence,8f73aa9ad73e4616cfe18972baeb6795f5ff2e913a0875c42e05eda97ad197a5,scipy.optimize.milp/HiGHS,1.13.1,79828f1fd51e132332b7298a17bc772fb6c1ee5af8855f71c8b288088144611f,d751304670f9ffb66def4597f7084ce6fda06827c01a6ac3aa2f7c35fd7391e3,9f9c64d12127281e9114b367bd7d176aba98b1ea55300c7e9cd29ddb6deb8d8b,100000.0,2.9090006,0
13324muw,13324,17,9d8e00367c5149b5fa7df38c4516cda03a1200c7b3db1e60aacc456a926461c2,True,validated,optimal_continuous_charging_for_fixed_trip_sequence,e2f4435c8bda5bc3d995b30bca557ac2ec3cdf16480acd9e7c6aac5b052dff29,scipy.optimize.milp/HiGHS,1.13.1,79828f1fd51e132332b7298a17bc772fb6c1ee5af8855f71c8b288088144611f,d750c75eec1dc87ee8ad0caa9e9111ad2c6f2b41a9c75190fcd7d32505dd7a2b,9199fa003764a00d6b75a5e46fed16df5dc6201286c4608fc03bb2454a9054d1,100015.597932459,0.0,1
13324t,13324,18,2272a0bce5e956ba30d77e55aaeb881a247a397e60ea81a431c136026a460cea,True,validated,optimal_continuous_charging_for_fixed_trip_sequence,de81f26dd629b2bfb9ed438d0b4dc98b0a647df1227cb15ff42cd7a7cf11ce0c,scipy.optimize.milp/HiGHS,1.13.1,79828f1fd51e132332b7298a17bc772fb6c1ee5af8855f71c8b288088144611f,ffc2f082b0553bf936348f64602ea72999efd7293db17207d09703692dd54f6f,9a40a817674c52e9a582da5d18cd5513ee48389c5c44c8f1ce23ca45f39967f5,100016.236383636,0.0,1
13325,13325,42,8e5c72a1230c878d87eb279df986fa8d04da46d8d8f966f8fba4dead6f16fbd2,True,validated,optimal_continuous_charging_for_fixed_trip_sequence,fa6a575661e5153387057dba4c9e34a2aa61d58dc177d1c7cd718462003a1a4f,scipy.optimize.milp/HiGHS,1.13.1,79828f1fd51e132332b7298a17bc772fb6c1ee5af8855f71c8b288088144611f,a65bc38999f4abd359b0e9fc8bd553a1f63e3be4578e1f9f6e4a79d3156a68aa,406eccd9c5eaf746076033bc62a815285da78c6ae3c812eff42e2cb1c87c18a5,100086.245154555,0.0,8
13326,13326,21,eecd19c587cbb983711e8c9f660a8448a74936cbe99d329b828cb2a67e05c521,True,validated,optimal_continuous_charging_for_fixed_trip_sequence,dd3891c0add073f6f90edad3f8f4d59a3404f3c4a2b15eb8dc86ddc1eede5625,scipy.optimize.milp/HiGHS,1.13.1,79828f1fd51e132332b7298a17bc772fb6c1ee5af8855f71c8b288088144611f,1b78dcb59b1fe2912f4ec746f9193415a214b03f405006804c0b28ee504f6bf9,202cd79d6982980db0be8340f19b779bb964655739bee2cad043f10f8c97b8d6,100027.747475064,0.0,2
13401,13401,12,ff34b8341ea0fea81696ec7cbe8ad393cd4735c86d61aa20823ad7fa9c2178ce,True,validated,optimal_continuous_charging_for_fixed_trip_sequence,d96ba7c643187eb28131464adc5626c0076fe85ce5c53d7dd13f164286be0b6a,scipy.optimize.milp/HiGHS,1.13.1,79828f1fd51e132332b7298a17bc772fb6c1ee5af8855f71c8b288088144611f,ff2d4616ba8742dc41f1d67c854ecdbc496ed7c500e9a38b5e74a53bebe60536,6dc489de367a529b43bf221d996f836b0fa24cd13c52f890a4525366e5e8fd9d,100041.880895702,0.0,2
13402,13402,17,f4f60b201d030ed910cec22180da53a9a6f1a8e4d999ae50f70fe7182037cb12,True,validated,optimal_continuous_charging_for_fixed_trip_sequence,be836b9f07d892d3e1d0861d79c778d91e8cb6661b169208a2662f16d6381169,scipy.optimize.milp/HiGHS,1.13.1,79828f1fd51e132332b7298a17bc772fb6c1ee5af8855f71c8b288088144611f,fd7a62533066333c240f623733e1e5db4ed57350609dd2d4188022abcecfe97d,8f5f0c0100ddce3ac05c33cf0afb8877e18d4e679ff653b942337257ef0dbb78,100095.804287603,0.0,9
13403,13403,14,545d348c9d905f115df448d626fe96b4af0f2c0bc2a9614323bcd7942a45fbab,True,validated,optimal_continuous_charging_for_fixed_trip_sequence,adffbb0ba0f479a1a1cc73b90474bfa62aaef83e4a0d9a78956b5f7ca03329d6,scipy.optimize.milp/HiGHS,1.13.1,79828f1fd51e132332b7298a17bc772fb6c1ee5af8855f71c8b288088144611f,3d6befbc5499b6f3592d2cf3a6566b31ab5ba852f59d97da35789ef5b080684c,1798ee2af0f853d849e78ecec09d3a78907d01602de929b6177c90f108783c10,100070.236511653,0.0,6
13404,13404,17,364b0063aeff6d22a95a93d4ef95201e08e0b31100b8fafc4dd872e0f35b6702,True,validated,optimal_continuous_charging_for_fixed_trip_sequence,0f46c5afc147a7cdc068e803d4eee963e661a09dfd66ac14defad98d4225ee8e,scipy.optimize.milp/HiGHS,1.13.1,79828f1fd51e132332b7298a17bc772fb6c1ee5af8855f71c8b288088144611f,cdc93c6dcfe8110eb291f9953c08a30dd6d9e4f367021318008f94e8894afa33,b0184efeeec2f38e3f8a944390d797904522403a3abb02c3562157c2464844fe,100085.804287603,0.0,7
13405,13405,13,2b37f26d202e6fc3ae37155720a5bed4eef9abd84dce4d09aa3d3a46ccd42454,True,validated,optimal_continuous_charging_for_fixed_trip_sequence,9565db23b3b4875cd9c719c84462b69b14d9f7929a3f6cf3c6e1736e7dd6171c,scipy.optimize.milp/HiGHS,1.13.1,79828f1fd51e132332b7298a17bc772fb6c1ee5af8855f71c8b288088144611f,60fbec3e32bd83bddf634b14e80bd1e447c952b1ce8a0707ef05dbffe27cb475,886116339f20e924fb7b04aec31976afb6323b253bc287b32a78da1a3cd0b9a8,100094.016671653,0.0,12
13406,13406,14,b6739c46f2fa8ace26940e5b4cd2a7010119c4d58b1cfa25b1fe04f464d941c1,True,validated,optimal_continuous_charging_for_fixed_trip_sequence,4d0531ee323bf02ff71889b96cce802e5dd6f0268a4303495503452be68d6a78,scipy.optimize.milp/HiGHS,1.13.1,79828f1fd51e132332b7298a17bc772fb6c1ee5af8855f71c8b288088144611f,54c36c65be30f5a56303d75b5ac685e4bd58199dbd62ff6d8a440cd120b6b6e4,3f32e4b52f397737b3c623523b2e2e877830be4df8f54c2a4524962cbc9e691a,100051.228831653,0.0,3
13407,13407,17,f3c1fac0d6b94fc66de4e424118ab9d6af086dfbd82e447280d1b43fd5a28ae9,True,validated,optimal_continuous_charging_for_fixed_trip_sequence,3200e954e58e8b99049ae2f7e37343fd6109ea07f4d8c7b359fcd24b0c07f633,scipy.optimize.milp/HiGHS,1.13.1,79828f1fd51e132332b7298a17bc772fb6c1ee5af8855f71c8b288088144611f,0c9d17e02df0f0526f67a9d9630935ee09b43f6598cd46aa7a5d82812fede7f7,a11711eb0654a5347056ebf9477039db77f4bbef9940cffff82a33af6963ac2b,100080.727903554,0.0,6
13408,13408,11,4533577f0739906ccd41a921c14fe6095a7bebdeea8ffa4ee9ec2b954bed9792,True,validated,optimal_continuous_charging_for_fixed_trip_sequence,10fe5551e6b1422c592dc9ca2e7e95224508d8f41d195147000767f9149e3127,scipy.optimize.milp/HiGHS,1.13.1,79828f1fd51e132332b7298a17bc772fb6c1ee5af8855f71c8b288088144611f,345f40ba0397b125e329a69246e7f34afc0ec9b1fc769f02b3fe76af9c72d22a,3b7182aec98c37172ece0f2027f3f2948e3827020bf99738ff1cc1d9d387e0fd,100035.737439752,0.0,2
13409,13409,17,a59b4a623c53e03896fda166693fd2a117591fa77cf0652f2a186fcea47a5ede,True,validated,optimal_continuous_charging_for_fixed_trip_sequence,1d8b32af2b0906bd098f278005717b93f35bd83b9b056bcdf48a159ce3cef7d9,scipy.optimize.milp/HiGHS,1.13.1,79828f1fd51e132332b7298a17bc772fb6c1ee5af8855f71c8b288088144611f,97b028d99fe2c2c2c85e784f80d731fd17b9b3f72a10291ba83058bb9d063eaa,8ce9d95f18e8e4dfd39b7a649bb65c1646af02c02d7cfcc9f17bc3312702c360,100095.804287603,0.0,9
13410,13410,15,b5fc8edbb3beb2836b2c0cbeeefda200524a411b6b1b385bb465f69a96bbacf8,True,validated,optimal_continuous_charging_for_fixed_trip_sequence,b90c2ef9cb78733432d6632b5b9f0eb2cfcc4b9345a18ed6636a1ba98a25f4b3,scipy.optimize.milp/HiGHS,1.13.1,79828f1fd51e132332b7298a17bc772fb6c1ee5af8855f71c8b288088144611f,264c6ca905bc380ac853434eaaa18246f1df8fc2bffad016d6a957e379d8661d,1803603ace790a2b04fd470b9a9be8084134755945e7abc8392acf638811271c,100077.372287603,0.0,7
13411,13411,14,f69accad27f7ed4b2a88b41ffcac688ffc787f5ac16649f8822d88cd3ed24d56,True,validated,optimal_continuous_charging_for_fixed_trip_sequence,3a288cb059d79d3d2c80eee26c88ed47e23cd87e0b93b4f66d952183fb21dc67,scipy.optimize.milp/HiGHS,1.13.1,79828f1fd51e132332b7298a17bc772fb6c1ee5af8855f71c8b288088144611f,415216eefb01020e995196066e5e020382f2077bf8bca96b2137ef311e8f4b9c,bea1109b3afc52d78f2ec839bdf9785d66f4200f9c970e605333aa7bb394152f,100091.228831653,0.0,11
13412,13412,15,7556598977ecc6de476ba8449286b2b7e571e5a999b9e779294ef20928e0c0b0,True,validated,optimal_continuous_charging_for_fixed_trip_sequence,a7b2b334a30b4ef2d4c45a58cf824d101d3d3f7dee8bc1df7051afd95e9b3c06,scipy.optimize.milp/HiGHS,1.13.1,79828f1fd51e132332b7298a17bc772fb6c1ee5af8855f71c8b288088144611f,2353bb076af0bf311fbe11b86e05db1c7eb02b29191d764014a0d11f890e1dfa,0237f166f8fa823df544015e7c90186a670d52a4535de8c4f1e11510ff340a85,100062.372287603,0.0,4
13413,13413,15,2de040cf2769c1fe0ed2201dcd9605a6ce734097e551e8872c07fd11df5b0a99,True,validated,optimal_continuous_charging_for_fixed_trip_sequence,0b00af0d5b6fbf25065bdcec477ecf80c23b3c5c343479acb6f268de013b70bf,scipy.optimize.milp/HiGHS,1.13.1,79828f1fd51e132332b7298a17bc772fb6c1ee5af8855f71c8b288088144611f,82370f889cb5e99ecb9e2ebda5bb12a57567387509fe8ae833cfa13fcb03df5e,d172db0736e91089ad93e46cba6dad86a27a58f10944fbab9ea50e8ab6a2f691,100092.448671653,0.0,10
13414,13414,12,ca682c883e1421c82bae50568bba7273be816ddb05f6134affc1c2bcc75f482a,True,validated,optimal_continuous_charging_for_fixed_trip_sequence,1d6036c1af75814032170e3ab1f72520deaf6ee37895963cac4d28487b288c78,scipy.optimize.milp/HiGHS,1.13.1,79828f1fd51e132332b7298a17bc772fb6c1ee5af8855f71c8b288088144611f,70710e88cb5ab0f223d5de4571af226a0ce6a6b7ad9518e13978358ce10eb312,b86cf640f45e594ae7da4647c781702ae0c22d8c131ecce78fefe869c26c0b6b,100047.873215702,0.0,4
